ProfileID,RiskFlag
DRIRC89L0T,0
TS0FIUNHNU,0
I0YR284A1V,0
WB1T7NQV8A,0
J6GU9M4G1Z,0
UVT2FMEWUR,0
023MJWH6AS,1
W2J1SLV57M,0
QGIXFHVHO1,0
QRZHVC1HRR,0
9T90ENB7WP,1
L4LGMEL6DD,0
3SBY6SXZ7F,0
URLK0VZ6EP,0
JL2SVAT1DD,0
OCQD8ABJO7,0
OYDW9NVK7P,0
EPUT8R00E1,0
GIEP9VEX08,0
TXA6JSTKZN,0
PANNJ8GXMV,0
XIT5CA9JK6,0
1PQJ6MO67L,0
1SYUXOKHWU,0
9P6IZ1FS6Y,0
J6AQLK5C2Y,0
J6MSREEX69,0
57H5F2WA9U,0
HVEHG5Q637,0
0MHSHHHS52,0
RIXAJXJPM4,0
VD4IA68DJ4,0
OCP8V7S2PZ,0
6WHPP2VSDQ,0
UDHJLRJA2H,0
D8SELQQORW,0
QESFG756W6,0
EQ25UQXZKW,0
7A1V6ISMIE,0
UNGQGAMJ7M,0
3BRAEJM550,0
A0X2VYRQMK,0
L0SJIBXWYU,0
ZT8MUFTDEI,0
TXOGTH5J9J,0
KGYBL9IRF1,0
7X7SGHMCWW,0
78OZXEQBAS,1
1IW23OD3KK,0
8GCGOM9GAO,0
V7LKT4V09W,0
B0KNKCMAP2,0
HDG7MJTQ4Q,0
N649N1OG5W,0
FMJ0AAVXVP,0
T5R7N5YVDX,0
IQK1SLI2MN,0
4O65FQOICN,0
VYGFF8RPPB,0
GURRVP8DX9,0
UJ5BQIY49P,1
WXZ52QQE86,0
F55DWVIMIN,0
8CCZZL2ALD,0
TBE25TMY8G,0
QMME1QXDX2,0
W8N5THEKVL,0
D4LTM0TLT4,0
TJOS0H53KK,0
K0WVFT5HIK,0
2LWXET8594,0
IP3SZX1ON6,0
8OPXVRIDRI,0
ANWHDCCXD6,1
ZJVCRTM1TX,0
YAGYGD8UGD,0
EN8SNM3Z36,1
LBIM8WLVBO,0
WDSWRQ14H2,0
QR2EYQHBVU,0
TFNO4EPV49,0
ZM22VZHW9H,0
MHDXDGR4GA,0
TUGTKC77Y7,0
O3NGBSX1JN,0
D5O4TIRXVM,0
BOLQMBY9YR,0
FWAJMYCH4Y,0
EWJ2UAK9S1,0
HEI5HUJM3C,0
MFK07P8J4N,0
8YDHUAHMMD,0
SEK19JJ7Q5,0
BG406IWCC0,0
HMQCYIP968,0
3CUAOPOLYT,0
RPT29EUND5,0
LSUZVFBZSE,1
ZC2IXM5IN3,0
DT8UJAOSES,0
JJB9UQX7CF,0
B96Y5SNTHN,0
52FCKJ1LX2,0
I8XXPRJI37,0
VN6LY45ERK,0
QURFKZMM0O,0
97F3X20HE6,0
EXR8Q0W528,0
2K09PQ4XXE,0
MVYMC56O35,0
ZCEPK11VR5,0
EYE2WNETQA,1
AK2BA4VS3Z,0
DTN3WSKRC0,0
SZPV3Z4CMZ,0
GKOLOQ96UK,0
RUEZHE9SNH,0
7DIJDNIS1L,0
2B4ZNUH25T,0
K1FO4Y5KZ5,0
D53PM02H34,0
33RPB5XWQ6,0
RQJYRITLP6,0
ORU6OFQA0W,0
M5YETJUW1R,1
HW3E8OFSQS,0
7956PG7XEM,0
ZX517R9LO7,0
G9WWFB3KG9,0
MEF8KSGOG6,0
DMXSBHRP1X,0
1LI25QNS2T,0
QXRGRFO3JF,0
3LCJSCBVN3,0
6K5QE5TAWC,0
68G0U6D1T0,0
DZR22SJYYX,0
Y0WTGV8T10,0
YY2CRAZ3P0,0
RYBDGJOPIR,0
IGRBIPAG5U,0
DKJEM76RH9,0
IPLPDN4MDF,0
NV805WXWE5,0
W8DC2PLYXT,1
ARVCUCQBXD,0
9HQBO6W4Y3,0
5O0E0CL227,0
Y5ZZ8XHT6C,0
UWB7N41OM9,0
FIYRT5WDM5,0
9FWI9JXQJ0,0
OJNZJMF0KA,0
RTH712O41C,0
QW2ARATCKK,0
5WXS6FHXVX,0
8WLPIU3NYS,0
QDNAK4166C,0
F6HUYZ1O32,0
2CERD9JP1I,0
1FKD71ZW9S,0
Q54J0UZ2EU,0
159MTGLPUP,0
IHL4AOXVTY,0
TKFJINSY8T,1
SK0168O82X,0
RH7UCAIS5D,0
3N35ISP4M7,0
FDCTMRRL09,0
1DK5O11UEW,0
LEFV9EFBME,0
6THWZDF38J,0
UAP40YHX42,0
7NNOM2F5N6,0
N3NUWA3ERP,0
C5VUR4UD6I,0
X3I7B7UR12,0
VKDNQHGRFL,0
322ZHEO0QV,0
GWFYOC2EVD,0
D29DDD26J4,0
GVX3QK5EH1,0
RHVHPO0PVT,0
IXMTA63QDH,0
JRFJYUIBUM,0
XRQ49EPLOY,0
H0XULFHGY6,0
MBZCD754P0,1
ZDCKHTN4FC,0
7GPPPXJ9KX,0
EXM4ORPNM3,0
2233IDE6B3,0
9LZ3YGXHP7,0
LX7V8QRHFB,0
6YS53LSNS3,0
NX0KK4U4DB,0
SD73U60ZQ6,0
JOSNT5FHQ2,0
4YM44ASGD2,0
L00HYUD1IW,0
8P0F43RQ3J,0
886TAVNC8E,0
GTMDFBNVVW,0
0W2PEB4RF9,0
SVB2HJU3BB,0
83965HGPCF,0
OMN7ASEJSD,0
QCNWSCHHV7,0
5OO7NC7QB7,0
U8WP5VWJ5T,0
IMA1JCM9FZ,1
2T2LL8GJEQ,0
WAVTZNO4Z8,0
K14WPHGR5I,0
GTA9ESRZIZ,0
UG2UX2PQYE,0
Z57LD2HNU5,0
494L1SCF5K,0
58NU2C0Z4Z,0
E9MDG291AC,0
TBY59OY0E1,0
2WFRCV1CTA,0
R30RME60DM,0
5K7PBC8HJW,0
XUG8F346G6,0
40VV58D6TQ,0
8U8U5QEOPW,0
W9B3I9DRNI,0
9S298V7HKW,0
2KQH31T3BN,0
ZTGXXAH9YW,0
OPM50LMTZA,0
TYPWTUON59,0
1YPABXCX4S,0
K2XVN2C02B,0
DLJZJEUNJF,0
Y8FHE0HE3S,0
33W30P6OVX,0
O9AV5TGI47,0
P4OEWAQ6OA,0
ZKH02LTUWJ,0
JXIRN70ZGH,1
5CHSXCOPID,0
DW8S3EGIRN,1
0540UBNFGI,0
U5VZF8ITNS,0
MYRSK31LUD,0
3M8U3NBX4E,0
KWL7VMNC9B,0
IDA97FHN2V,0
SA861L0KYX,0
PECB34BSJA,0
EYYSZJM9AV,0
LYV11K92C9,0
73UEG0AP6J,0
2UQQ2BTT6Q,0
DGFSB1PL30,0
XQ4BMHSPZL,0
E2YVXFXA6G,0
FOFEYBSN69,1
H9BZGWZ808,0
Y1MGDJCYKM,0
ZJ25G855IX,0
DXYJBJFP9J,0
EBJYSDE3LO,0
7BP05GHADW,0
E9XL5MOIBV,1
JM4D9HLH89,0
W7JXVRJ24P,0
TEIA56ZH91,0
INVVL36JKL,0
G6UG2I7QXT,0
E22OHHQDRG,1
YHKUFZLKFS,0
5RWKTVG3GZ,0
ZQ5WJ5NWKD,0
1LQASZJD75,0
9IF2TRZR49,1
2BEZCQYM9R,0
J3042EZ6DC,0
M358NAWN2N,0
J2A8XBH1V1,1
YZU2EYD7KV,0
CRKRPLU061,0
BDWCCD1P19,0
YA711PL8SM,0
XI8URX4HW0,0
WU0JT5PLIG,0
DNMRPNWETG,0
21CZTVF32E,0
NLXKBIUR0W,0
0PLQNEX80R,0
80BWLJ2QJL,0
LWMQGAIZ2L,0
N5XZG8R5W6,0
08XLAWDOL5,0
748B2L06S2,0
5O2XYINO5I,0
UEJCSH1730,0
Y9N9ZGJPW5,0
W9S5JJWAXE,0
4RM7TN0E8B,0
TRHBAOEJIG,0
YUHN9AM5B6,0
4YVA8EHS8S,0
IT2B4FDIZW,0
5A2TBE0KR7,0
52ABXBAK1U,0
54IT6ZBOVZ,0
P8DXFO1RJZ,0
X6C8RLHAY8,0
9RKRTJ6D7M,0
AEOTU8XCUU,0
7POGZSIRJR,0
TSXOWL3GNB,0
Q59CEYDOMT,0
JRH3EVN750,0
OCDWDSIECE,0
HGN0XQOF5W,0
0X9NGOM8KR,0
I5HY3NMKLE,0
1RDZUWQ5JE,0
VSX58UVNTT,0
ZVP3WKQSFM,0
KUIG6WM6E5,0
G9UKMGYLX0,0
WG93ASCXFB,0
FE21QF0VF0,0
FW8FQHEV1O,0
4RB2BRGAWU,0
YCL4PQKLGF,0
YPKWXDL40N,0
QYW5CFUFIB,0
HLFSD6JSDV,0
ACYQEDZGRH,0
ASGYKERP56,0
OEKUSBWFO9,0
HPSF4JOAUW,0
5AVL6HVGWY,0
GQ0LVF0J2L,0
PS5LFLY5V2,0
ERMNWQ1O43,0
I2JD8LKMAW,0
ZWYRMKPRIC,0
42AF3ETCJQ,0
YW5344BH7W,0
HF5PK44Z6E,0
02EKQ09ISW,0
NB6V3UDQ64,0
5DG6NV9JDN,0
DZN1URKBF3,0
N5SMJWIH0P,0
50A85EOZKH,0
S7GSWISUT8,0
TEZ8KJ3C0S,0
RCDWVMIIZU,0
DJXQY60749,0
Y2Q4RF1B8V,0
WLKW1X0RTV,0
K78ZRFR6YW,0
NNTYGNCYA6,1
U80GBBCY9W,0
FFWZTXJ259,0
1IAY7HZAHX,0
AG3D9NOKE8,0
TWTUMCV2KM,0
LIBLYBIP1S,0
0VPIJ7ADD9,0
P27BK1K7ED,0
9K2R26D89K,0
LWIRVLOCWT,0
A3FRNIVW9E,0
4U37CFO6D8,0
FRAFY42XPP,0
9KZJIZVPYN,0
XDGC0J8859,0
5FIV1X0XF9,0
5ISZF0QV2O,0
8DLVKFJAJS,0
ZYB8GZ4LS6,0
IWSYM487TL,0
WB335A8OT2,0
2PVABDDEMM,0
NYCBWRUMD2,0
LHM678IH33,0
4F4BB48KN0,0
PUIG0DC3J7,0
7HVHVAT0LM,0
CTWUGTG5WI,0
MN9J3943UH,0
DG895X2O2I,0
O9TC5HJBZB,1
2JPTY612ZW,1
O56JTKE7VU,0
8O9I8LB6BF,0
E01U6QZYTH,0
RRD6BNH7SR,1
OZ6FFR18LI,0
A6UNUAYCYS,0
9FUSTU3AVJ,0
R7GQKX8SJK,0
V6ENURZ80Z,0
8ECAA6SR9W,0
VZ1H6HF7N5,0
W1I5OAIDCN,0
G7BBUCQ7QP,0
VMM43N55T7,0
PYKZB4P8UX,0
1M4TLNGPFN,0
95ZJFDETJP,0
W5IDKG0U7W,0
6PRZ648RNZ,0
R76A3S33B5,0
85Q9DLZUN8,0
X51MY1KAU6,0
8I22TMBF04,0
G37DPVD7GA,0
WHPXMH15WM,0
9QAFD6ISD5,1
LTSZG2NG86,0
W2ZOH22HG5,0
PS6421CSEM,0
Z3FMAL7OY3,0
QZPIUGQ0FE,0
3M7NN0F9RO,0
G4M6KC45UZ,0
5TZ2EII4AZ,0
XBXEKT8TMX,0
X8MP9A8506,0
0P7N6DJCBA,0
W934TS3F5Q,1
LDIL5JLPJP,0
34QLAZ58B2,0
8QZ8HQI8VA,0
FK0YO8D62B,0
EZFC9MZSRJ,0
KCT78JDZA4,0
0R6BR4RVOC,0
Q2XN3AECLF,0
1ZQR3E078K,0
QPOB1CXOW1,0
Q1LBELZI0Y,0
6FOWZ6VWTH,0
0VFMUDDJFE,1
SRMNHSWLSJ,0
0WJDO1Z1F8,0
O0PDALVZIQ,0
6PXUQ0RQKM,0
SEM18ZX301,0
0JWA5PPH7E,0
LVVYVH74SF,1
NZ8686RCMO,0
BHNEA8XJCC,0
UG0DPW8LVG,0
U24Q02CLQV,0
VBGSPEEAQD,0
EYJPRU7HJ7,0
S7EEB0LOZC,0
S0L7M79C7G,0
PLILPM3LJP,0
6IGSBPU4NS,0
W8JFBRX4BP,0
AHU9XMTQ9B,1
HZCPVBPYHL,0
WNO7JKOFCZ,0
8IHR17M774,0
DZSN5CXCBD,0
6G2IZ1O7CK,0
2GSCZVMOGE,0
0Z7KXEIHDD,0
5G09DI9H9Z,0
8DL04QKQ1V,1
QQP2F93DLP,0
KUUGLCMTKC,0
UIERZ0D66Z,0
VCRMT3XHT4,0
E36OG0US74,0
58X8XDXFZL,0
8FIDQ84UJ0,0
XUOFXBKXS7,0
9WVPPCTM5T,0
LRNI3E329Z,0
PXOYZ2U8EJ,0
2HG4YEHMYZ,0
7DZY27GHJZ,0
XMKX8J0WYQ,0
YS4X9T13QV,0
5YR3J32467,0
2G0SU8OXJG,0
KX7AXN3546,0
SWJARJEZW0,0
9ZD93DPKZY,0
SOJFJMNBNZ,0
7L7F6HK1V6,0
Z4RAABJYV0,0
XAQSBS4WL2,0
TJUPGUP1ZU,0
BI9ZBESW0W,0
2NWXAS7A2Y,0
CVI76DL51U,0
USAI4MSFCL,0
JD7THSO6LZ,0
GFR7S7JGR2,0
AJSTTXRT7C,0
G8K8FAJF22,0
11IBUB4UYI,0
H22PS3J2YY,0
4A0KSG1A4A,0
V69E2E9K2O,0
N9ELLLLMY1,0
NX23EF25BQ,0
Q76E7EG4XW,0
MNP3FGPGAT,0
0BZ0EGZBWP,0
ZEHBY2S0CH,0
LLHRH89C3Y,0
PCZ1QE2T4C,0
NHJY2WPIX3,0
JI76USLO2W,0
BU4MA7A4LT,0
LGSPZJ38ML,0
WFBEHGS319,0
35JXGS3OX6,1
SXJA9M5ILC,1
92I79219CJ,0
4Q5OVXL0YK,0
KS4E1XT7BG,0
Z1S9OPAKA3,0
FM40T8XYOX,0
44PFBSSO07,0
A2QNSUU8O6,0
YFDP49863J,0
0Q0TPT2RXY,0
COWLBNVYZ4,0
D4SYQ7NNO2,0
YO7SMTZYJG,0
MHEIYF8VHS,0
WOP1X8Y4NN,0
XKCQ4BMMBY,0
2HBZJ57J2L,0
JIZWHASFF4,1
9OJZQZS0JS,0
FRIVGISNER,0
HDV5E9QIGU,0
AH4QT70GZU,0
VLOOUREEZM,0
21DBOKK81T,0
W0J387BQ1E,0
89N3DVTWQY,1
E4V4YCOKX8,1
EXB133ANP0,0
62PPBSRK43,0
YUJ5B2K3LV,0
IGRF48WP5Y,0
10TX7SHKBV,0
X8O56YRVES,0
9N9Q2HJ891,0
LJTNN8GTV7,0
5H10YNJWG5,0
ZXZ61YLVNR,0
O1FI9R1S2K,0
VT237PNDVU,0
SE454UFGSX,0
YIZCHRXAF5,0
BA1LRVR53D,0
Q0XHRWKX6X,0
54G6YX4AN8,0
KRVVIL4FW6,0
JNE9NA9ARN,0
HWGLVEPVRR,1
F32TX6LGTY,0
4H3S19QP64,0
SVU9Y1P1BL,0
4LLE1OBXXQ,0
XWX8KUKUXY,0
X4QD8E9RSP,0
QU2QVO54DU,0
RFGFT3DBED,0
4OMU515WPB,0
I3S2SKEFEX,0
4TLY18UA6B,0
AJT23Q3CNZ,0
RBME9BTZ1G,0
MV11SP9NEI,0
ZVJ9984NB4,0
GHMF94RTHW,0
5K1RO4FWMV,0
DPBS8HEG2L,0
OFHX5ZBH5M,0
E6M5FUSZOA,0
LPHKB1HDJK,0
N57XKVIRMS,0
DF1VAK9530,0
5OTBEFIICR,0
GX7ZZQ2ASX,0
1OKFPEGIGM,0
PHZ5LGTNF2,1
14YFHERIH3,0
4QU07WP2RX,0
LBVGO2P5L5,0
CXFR2IMSIE,1
0DI2RCSB96,0
ZUK7D14ID6,0
IQILJTCEI4,1
SD9NWKUFK7,0
Y2C8AV4F0L,0
VNNTFZCX41,0
94QO1NILT8,0
M2WBD65IYO,0
S3OXJZ90P9,0
267X0CIRIB,0
95N4IF1KSX,0
C6RKYKXP2Q,0
FJI0FIBBFN,0
ZAA6O9KX35,0
MALTRKNSJ2,1
8HAHXNQ22U,0
5H3NXPGHZ9,1
B6NON8YTQB,0
JXYWEWUMDJ,0
LFMO16N560,0
V18F3C7D1B,0
PC712EVKIJ,1
G1DLNDZ2AO,0
Q37SE3J3XL,0
M1KSGFWUHM,0
D7GSBU0Q49,0
KURRWXTU5Y,0
LVDHDAD0JU,0
LP4P0X212T,0
ZTACXD7J3M,0
ESIB5DZWAL,0
DVAWH68FGY,0
LLR66NXR5U,0
YYU20VNVQS,0
VAHCEX53CD,0
I1AGJKFXOT,0
EYRLIX9Q5X,0
6H2UJUEQCI,0
YOGOMZH4B2,0
QF7N49LCOY,0
B5M5BFGKI7,0
3UQNXPI8S8,0
HIRP74G2I5,0
Y60AGKIGBC,0
GVYDA0THLH,1
8YQBE7NEPE,0
R54G1WN6PL,0
ANB742WBK9,0
XDOXDBUP68,0
PBPF2ID16Z,0
S4VU75EOUK,0
26Y08SF9UL,0
01NO01BETN,0
M3I2MHPX2T,0
ZMCU7GWH3H,0
SLC8UK55YX,0
LK3I6Z87FN,0
GW18PAF8CI,0
F0D748KRSX,0
2DGSTREEHA,0
HYKXUF645X,0
F51XI31ZC0,0
UYRMWCTUVE,0
8J617OOPUZ,0
0WKGPCW596,0
E6KNGX4YVE,0
JXNCGOCPC0,0
Y5ZDMPPE8D,0
GXZWHOCX4L,0
FF2IHEWAVA,0
N5KK2MKT9F,0
5RE0XJNO2D,0
XUQ0TFP31O,0
LUBG835DB2,0
7IWON812CD,0
INRXR99P6E,0
4BLD0MG4H7,0
OQS53ALVUA,0
ZVNMGO34D3,1
FJPFUA4E0N,0
SMUARQL7VV,0
8PE9975D1X,0
JA01BNSKO5,0
1JCOR1Q5K7,1
WF1UJVJW4M,0
5BX2UW6GQM,0
IIJBQA6ZJS,0
74VIVRF9RH,0
PDPQ6SG5P0,0
74NAI9441C,0
7R3PXPV2D6,0
JCQGQ7GKBN,0
MWKD2XAEO4,0
X2JF7TZH5I,0
LSVSI7TC6P,0
4YIL3LWNEB,0
WNEQ52PLW9,0
3N36E0Y11Y,0
9K68GW3S6C,0
H901L36UA2,1
ZJUHQEXCNM,0
0HYEERDNM5,0
VRKYKN1KPA,0
7MU9QMQLZ7,0
FGGOXVDWES,0
LU1ODHJF5N,0
TIC1JR3YWG,0
96GLP3H07C,0
QMGC2AJJEU,0
UDMUI2RSGR,0
06RB0MQJEV,0
2UPPF9RQKU,0
ZEMMEXMVNM,0
WEMLQ5HFA7,0
Z046FK10A8,0
7OR0BLQWOZ,0
B9OVDUSZVO,0
0ADDZ7G48U,0
QRR3J4NBUW,0
SSRZ5HR0J8,0
S0QSURAG99,0
49S3CWLJBJ,0
VKHYX6HD2U,0
SWIU1E9LX2,1
IXRHPGZ4W3,0
42HVAZ13DP,0
KWZ3XG2FNL,0
RV8RAVGMP3,0
SWT2QRXB0C,0
E26ATBQZJ7,0
HKDHRUNSUG,0
ZGUSFZEE8E,0
5AJ1LRZNT1,0
CFDX7X7W5E,0
8YIG1J8J2E,0
F16YR598RG,0
DO82Q93UU4,0
WUNJLGOPUR,0
1KV9BB2QF6,0
93QWI8QA4X,0
1EWTHEAXZZ,0
PHE7XX5SNQ,0
1CJMQ73302,0
Q29DNH7NM2,0
UMYN5B4J4S,0
9F65LMOB8E,0
9WKD0BWAH2,0
RS6T3SJX34,0
EA0QS608RT,0
94B3WGGTE9,0
8MH4EIDM0Q,0
MDY0N9T36V,0
IOKD2D27J7,0
QMLH1DDGZU,0
3BC7SC3AMI,0
415KX1MRFR,0
38O2ZOQQXA,0
AFRVE5MP1D,0
XRPGSXYL9L,0
3K5G4CCHRP,1
13JU6Z5053,0
8U4B82J3EA,0
7LRDA06I3D,0
2XPVO5HA4Q,0
PMT828FVX9,0
1GL6LQ0BWM,0
6PY2FZR2I4,0
X5OJ0V7BP4,0
F2RFOWP456,0
P31O8GQ1AR,0
IZC4UMHSQD,0
H8N3IL36BT,0
JXWX1RB3AP,0
E9NPDN7EVM,0
YNQDXJSEMH,1
C7A1PAJJ4S,0
WHHGAW6GAA,0
I3Y3XL9WF9,0
4I8HHPHXCY,0
CBSSMD3941,0
G8EXKD0JS1,0
YW8Z5CUZBX,0
SAKCF4YYUY,0
BL0I63I099,0
O64FNSE99I,0
HFB9JYM2RL,0
RXQM3LQGM3,0
4OC25LTPEV,0
7HR8IGNSYJ,0
VOHR9PSBN6,0
FPFSUGL6L1,0
HCF4T8RZN5,0
K98MCS2R3H,0
7BE43W5N3V,0
5ZBCLP77X2,0
6MSHSO47EW,0
CZZVMA61LW,0
MKMZWOKFRL,0
E2GLXEP9FW,0
L17MPNB42Q,0
TY0OXTGONU,0
YSBECI4AOJ,0
6JJ57IDNJN,0
V5SYQM0DVG,0
YFEFWP5QAK,0
19ORAB5N75,0
47LI1MYS9K,0
J15P4EUK4H,0
NC6B0P0TCU,0
I0IXN35U6U,0
8HDQ7NVF9R,0
8X1YGACDG0,0
YO5Z5TIPXM,0
8TUKK9KLIX,0
3KA2B4GGCM,0
9F96UOF6U7,0
2KH5AHRBJ5,0
Z6RDAKJ0J8,0
S1MQYL92C9,0
AB1GL0J1FI,0
S73SO835YS,1
U4YMWODXLX,0
4TAC8P8D1Q,0
SENCK1FOPP,0
G60QQCZOE5,0
IYJPAF24GP,0
JVE80090ZF,0
C0DO5DDTQE,0
MMNJNNZV8X,0
R7W8G3FTZF,0
7W688XLOC3,0
V4ULF54WD2,0
JO2VF56BAR,0
E73RKM3UQJ,0
GTORYJ5MDT,0
TYCQKT7W32,0
PZMWAGUTHX,0
CJF6ODW3WL,0
G1JI7HUL92,0
T337UHBSDE,0
F6I83WIHH9,0
HQ5S27S7EX,0
MIT6HX400O,0
BSNAWNBNN9,0
F0JH4OPGOZ,0
4J1MEKM2KU,0
E2ZMHXBYX9,0
GQW1Y6JYTJ,0
DLXVFLOXW0,0
FJ91MLYAFJ,0
1D3N7E82IK,0
DPJ7OXEUCM,0
LJLF0MCB4U,0
Q0Q3X13OOT,0
EV2R27QFST,0
KQ0H1LJJI4,0
67W54M8AUN,0
RRCS8KBUAW,1
1Y1F95VOW0,0
7IGPHIT46X,0
9KPSTSA384,0
2Y0D38YUZ0,0
1N1VKJCRID,0
ULTRP5MGAJ,0
WD9HJ5HM24,0
5GQZDJ4UYH,0
Q4ZHKPZRTO,0
FBUZNSTSAZ,0
ZVE06HO4HI,0
G4XJYRFN14,0
7PE10XAXJP,0
PS9S4JALEH,0
2UZCFMHY98,0
1GFQWNB0O5,0
7CGH5GD9YZ,0
NFZXN70C6I,0
GBYNXZ02I7,0
JKL95HPJHM,0
8SYVDJPAY6,0
EQATPPH6U3,0
O6HOY2OZ5P,0
SJ655RWRG0,0
UP47IF296D,0
88QXS6YA7C,0
15MTOQYYQI,0
Z1Q6HBB9D7,0
WA5UHO55MJ,0
B3F0HTRGQQ,0
U3W6N988HZ,0
DPZS1WSSJL,0
U652N7MNT3,0
VT072W98XS,0
7MVNQLZ5YI,0
85XLC7SNTU,0
TH24U11LRK,0
UL9ET9AP51,1
UP3C9MKI7P,0
O9VVBUBLK9,0
0J658FGYOL,0
C1B1JLYER6,0
3SQUR7BV1N,0
2VYHS680YD,0
JNHU1BD0RP,0
TJQ2M45WDQ,0
5RQL6LWK5W,0
QVI1IAQF22,0
ODGSP1IQ0L,0
QCZAH23Z35,0
CGVGZU3RW3,0
KASAXYNH7R,0
ECKZGMEJB9,0
793X57NCVT,0
YS5DY9O1WP,0
7TOUMQQO03,0
53RIRQ61TO,0
O5LZ5J5W2P,0
4H75TL4VNC,0
5GTD3AE39F,0
MYHP9YBAJ6,0
VBSMPSCSEV,0
88VO3FPC3E,0
IBYDPZGPFV,0
C1FHOQ5DXY,0
HZJOO10NI1,0
96V8MKRE7G,0
L4TP07XUIW,0
D8VRQ5ZXX4,1
DZ2ZK1ZPEU,0
LGKW2JO7AM,0
I1Z9IWY6X8,0
VMEGTLUOW8,0
RVNWB1R4HM,0
UYXJ24SKJG,0
1DSR6L1HS6,0
UCV9ARN2XH,0
E8EXSHE6LZ,0
28T68BUIWE,0
6YJ5G2FEG9,0
3YR3FKKJBT,0
MQAFKW9NG6,0
EX9LSP0XR0,0
CXUTQ90GAH,0
N3VZ5O3G3F,0
2ML83HE7SP,0
8WIN4KF1LX,0
5MEZ8HOLD0,0
ZSX5V5SIPQ,0
2H43157XM0,0
U0NFVPNEXM,1
2D041787RR,0
01Q1IOFPUF,0
QTIGMILPEG,1
IFE8KJYAE3,0
97074X7Z5T,0
HFKHNZLIS6,0
SCRQ7P3GKO,0
JKOZGIGVBB,0
OOJQYQNX5W,0
CWII25KSW6,0
V2UQHQWYKJ,0
AOQPDTPQL4,1
Q7CCJHX3JZ,0
54N4FOVUSO,0
1MR5ISTHH6,0
FA05W2YDQ2,0
CQG7YRQ5PI,0
UYNL500MZL,0
WP00WDN490,0
HY7ACU5DH1,0
NH67HH0E0F,0
NIFCJFBDA7,0
47A9G5LFZH,0
FXTMAG5AD7,0
MEZNCL3494,0
0I668FICQI,0
FOMCXEIEJ4,0
HEZ2XPCCZM,0
JCY929HBLH,0
2OE17W25BI,0
ID5TB1YW7M,0
BPWAXA1PE2,0
CWS5MIUCU0,0
VE89UBY4I3,0
GGSBYCRNVH,0
ELKTRLF2WW,0
UTA3NJEJ0D,0
7JBWKLQPAJ,0
SODN5BYA6D,0
BEJY66L5MU,0
12ESNJTSD5,0
P8BD4Y8VXL,0
GTQE7VEU46,0
B0NMTIA6IJ,1
S48ZDO9KSJ,0
R368U9H5ZD,0
PZILC3QZ06,0
7GUSU4X095,0
R9TRPG9URS,0
1GB6JGGOZD,0
ZDOCFFBNDF,0
RCSOGNXFYG,0
APUXX6MS6D,0
GBKV1W9X72,0
ZK7PBSSDKI,0
E57KPLRI6M,0
F6MGUQ3F3E,0
WXW1KZSA5E,1
NC1KJLH52Z,0
86ZKQGKV0D,0
T3MAXAOKBW,0
5JDSP7BZPS,0
K7SXT6WHDC,0
GPXKE7YPE6,1
LPE3VIS250,0
A3AV2YAVTA,0
P1ZIVJOWUF,0
YN9RUSBORX,0
P6GGW4XVDU,0
K4NLRWJQP1,0
ODFXCAIM3O,0
7KGODNQ7EQ,0
BFYLZJL185,0
Q4IR4C2AYQ,0
7V630HMCOP,0
VTCQSPXT3H,0
B7CK8DNLWZ,0
E46EKPNZZG,0
3H4H94CFMR,0
5JMGLW8PAP,0
5HLKTFFS4V,0
3L1ED8PFF8,0
H88UQD8MP8,0
LM4ECPG55M,1
K8N8VFWHP9,0
ECDDJGQBW4,0
EGSXDFF7HE,0
OGGU1J79TV,0
NHTZFO8W5N,1
TBJXSFZQB5,0
2NGZITBCLX,0
N2686QM51W,0
F5DDCY6UMM,0
SGJ738VB9C,0
IM53HFWORI,0
YSEANH4XEP,0
1L3PHTLD12,1
00N05XCBN8,0
O5ZTF0PRDH,0
QJM88LLK6L,0
SJNGAX47C6,0
2BNOORIPEK,0
LHPJZ0SF67,1
9UGQA5R0GX,0
HSXR04B5XP,0
QXDKBRAECR,0
26B8XABKY0,0
UT7LM8O4XD,0
3CZJ2BLQ9B,0
EKO0JTPW38,0
DC2UID31OL,0
QENLLLA5XW,0
XS3LA7WH71,0
O02333U2UB,0
2NAN9PU9BX,0
K4IBC82DYT,0
28ZFELV9N9,1
X67BJEYKXB,0
K4QLN0U5WS,0
JESBJMK1HF,1
NR95A6G22G,0
EZFS5Z8J0U,0
LL04MNFU3W,0
COMBPA5K5L,0
KEUQQEM32I,1
DUKTWBGF1V,1
BWVARWEN47,0
M5OUUWAXN4,0
M55EVWLMJO,0
QAWV3F5ZSN,0
GFXO1UAB7J,0
2VYODD4PU3,0
CTPI3GP6DW,0
28X2NM6UNS,1
DXTHVKLH7E,0
DMCHA9BKJ2,0
DTQFYU7C2B,0
0YVC72CJXC,0
JUKX4FS4ZZ,0
DBTVKV0G28,0
5H5ZMJQQZZ,0
SWTTIIGNFE,0
U676WAGFC5,0
0BN5YIEV1B,0
2A69212O4N,1
CQSTUCC8Y7,0
830MGYQYYT,0
776KE37CZR,0
QYFB0834BP,0
SNPP8NHHUR,0
E6Q9SBEFIO,0
5VULSKEFKP,0
1USF7HGOBC,0
2W6WL5XX86,0
9IYW8I3798,0
1R7V1MTZU5,0
GLPMXE6HFW,0
VOCHHGHX0E,1
X3ZAX80DWZ,1
GTT918D43Q,0
3PJ9OCYSSD,0
B04LBQZQV2,0
23QZ8SI1G7,0
0CBQ0V36S6,0
DV7NUJHE9A,0
59JXIEMDUY,0
T22D57ELDI,0
R9WO1SP74O,0
L2BCSR15L8,0
4J3ISLL9UM,0
CW856KJIVO,0
8PMOQJG3G9,0
DMPAVCP4C8,0
5K3O3AEQ1S,0
HHILRLYTCS,0
LZZN8CJB6Z,0
WGHAPTSFJ5,0
ODY0BKZEF1,0
U58WGJWF5U,0
82XZ60YRWM,0
9RNE2C6RAP,0
8AD6PM2ZN0,0
GRFWRIM7C4,1
APVWMPV321,1
LBQJUFS0WD,0
9XOLJVBZRG,0
A8BZABIY0Q,0
5EOS0LZGJ1,0
UH84KSY2XH,0
VYFTNBDXE8,0
PH1A4VTNFN,0
405V99S8AY,0
ZXBEHWKO23,0
UZMIMHO8W0,0
AG3QS7BW9K,0
PFS33QFTOI,0
SZMWSZ2ZL1,0
TK7N1E6791,0
ZRCOZMWQ0X,0
62CUXMP0VW,0
ZKKAEGXSDR,0
M798LMW1SQ,0
EWJ3YVKS07,0
43MX2XL39Q,0
QS62M1ZZUX,0
YVGZ7BIED3,0
4WXOJV9ZIT,0
T7IYSD57XP,0
A3JQB955KU,0
LS7DHR5E70,0
HBQ9I24321,0
QM7Z3JMAKR,0
3V6HE9LSZO,0
LHED5H8N83,0
RP94THFEFS,0
YA5CZTB7FH,0
L3QWZO3VES,0
R7EWFDDMZP,0
GNBE39FOD7,1
CYB2MV6X7L,0
SBW59AEE4D,0
D9VP4WLK7K,0
A4L2U2SSE4,1
8ZE8FKIG2R,0
05IPLIWH8X,0
DVPG30FFHI,0
CSCZL50EKT,0
OMFHOJQZ5X,0
DCXNUWI3W9,0
W2NAL7T83C,0
0SMN0855V0,0
U1TAL4MI2T,0
9HAT4C8KRB,0
0FZGR138W9,0
N1Y24XX2NR,0
L59X4IWU6I,0
YXY66VJYEN,0
EQYOHEE11A,0
PJ954UFW6V,0
R7O6F5E0MA,0
FA0RTO7DLI,1
7SZ2NHA350,0
80JB89PB67,0
O8Q45CSU04,1
O8RL8PVX10,0
7GAW0FQYK4,0
OVR4U5Y3J9,0
M10NAOQ3CJ,0
LGIGOE2OA6,0
C093TG76EF,0
2I1XJSGI4R,1
1H1C646REM,0
REKBZSRSJR,0
5QS2S9BK6Q,0
42C22HLU3N,0
N6VRJ8G2ZZ,0
TV4IE3KIVV,1
S8XPVJ1LZF,1
0KDN5ATHBP,0
DGN4SX0QQW,0
N3R52P4AL6,0
OTUCIQ6SL5,0
11FEKAN3XE,0
IW7H086UFL,1
5URUPEIZQA,0
2AO7F2W1TD,0
FQPHOOKRF9,0
EJ5Q9LSHV1,0
FS7RTC5MHC,0
WPC4JQAW0B,0
NMT2GSRHY3,1
7SNBU1B37Z,0
1RLX9TD0XE,0
QKNU8BZJFI,0
B3QG6D4N7F,0
NK18BEGDEP,0
2A6F0G3US2,0
WFO0W1U2O7,1
5QBJVMYN0R,0
KYQNJKPX62,1
4F1L1SK9QO,0
CPBU3A54OJ,0
D767WC5PLM,0
J7NJ96I5UY,0
ET9529JFBI,0
A3OH51MFTM,0
DE3ZW2Q35A,0
LE8GU1YZN1,0
YSN9RVMTAY,0
ADWMPQZPF5,0
B41OWNE6V5,0
I199HQAIMW,0
XYMN0Q4JM9,0
T4BE1KDV9F,0
C8R7S3AE6B,0
SNNXNF8UTF,0
YCOVALPWSK,0
48I07VN4JR,0
EODCHF05TZ,0
U6X3WEDDAS,0
GKP0NZ848Y,0
D28L1YANFJ,0
7CEU376PMS,0
9S421I6F92,0
61PWA0MNLH,0
I25EPRV0ZP,0
25UK0UBY9H,0
7UVZAS8TOO,0
Q4386PLK3K,0
1B79LSMI8J,0
XXTTBC5N03,0
6PTR5JDDQO,0
OTSWWT4YIK,0
0HFFPRXGKG,0
03KWUXTMJB,0
VLLN3GRFE7,0
CHYZDQGYIG,0
OS1R16R39W,0
89OUZSC66I,0
I5EIYKF0TC,0
8YTX5I0ONV,0
7A9U7WAZCN,0
U2VACMYAYM,0
BGUSOQLSOQ,0
FGRUUORF6G,0
9QSY3T3SXF,0
8IOFVAY76J,0
29ICYATND0,0
V5HPBK52QQ,0
63E2T02YYQ,0
607S2F7I6K,0
OWABI86X4Z,0
QB5HQL13HS,0
SSS66HYFBZ,0
0AEGA8NTHJ,0
ZZAKRYCJBH,0
XJ9QVX7C9A,0
F5AXXSPX19,0
OSPKB6MT8I,0
LBJB3ME8IM,0
U8IFZSVQ22,0
DEFLXOGZPI,0
8RLMIVBFWU,0
XOULTYIVTN,0
0JNC0JEDML,0
P6RF8VTAES,0
F1QNJOIAWA,0
9X32I9J4SH,1
Y2LKYD4ZFK,0
7JD2YD4WPM,1
SH8IMT8P5O,0
SBI3DNO6CZ,0
SQ9NCGUL2E,0
Y7LOA7K85N,0
00F12B4GQU,0
EXOZ17LGHY,0
8DK0EKNHPK,0
DJ3OIV1YA8,0
DOSY75620Z,0
NXLH4M4U89,0
R6EYCW8UFM,1
D8A89Q0CYZ,0
YIQ7K25DM6,0
4TFPMGX5E0,0
CS9SYW77YJ,0
JH51FO6DOV,0
QKLFY78C47,0
WQGO2QP9XQ,0
NK5FB4SHVF,0
BTMZQEFHIH,0
TTUFNIXG4L,0
RO406HK82B,0
94IUKTK5YB,0
XHWKBYM4I2,0
3JCPT2FWG9,0
O2D4IE1ITI,0
0QA3T9LSUE,0
DAGSGG9ID4,0
6PQ53221U3,0
3YWG2QAWSW,0
UNL2QWHFJJ,0
TU1TZWXRX6,0
8PH79ENR56,0
TD2QS8N7TY,0
NOZVODJXHI,0
TI4BPN0FHQ,0
7FYWZFA4PQ,0
HT8MENJT4C,0
1W0TBKVJ0M,0
UF2GTA70EF,0
SW4Q9NESQW,0
FJGUXM0STF,0
4BE3VZZOV4,0
D56WDDDLAS,0
63JBTI48BQ,0
4154LN0S2K,0
0VQM508KX9,0
BV93DV2EB5,0
567YIO5CJW,0
120ZV8SMHT,0
7F1Z900D1G,0
5LBNYBEUHG,0
8B1L1ZBJKF,0
NGMX1T4GHK,0
IDNX2GZ2OS,0
4A2PJPUX9K,0
QDX8M8PBKP,0
X8STQ4FS9B,0
SGIHZT5OQ3,0
JB1NA1VVG1,0
VXYLY0C2YX,0
3NZ2ZAH55N,0
V4LXPFPR65,0
3H5R0MZ9YB,0
UYB4PW835I,0
NIDEH91E8L,0
29H2PN9PE1,0
57FHW24C9D,0
BW7ZYY9WC3,0
55BU16DRJZ,0
XFJG221SSV,0
215P7Z9TD5,0
OWPE57BBFE,0
1HKX9EAYQR,0
XKO89JKTYQ,0
1HS00QSSER,0
ECAQZQAPGI,0
9BXL9FLRZD,0
JWQIX5F79U,0
4Q3GMNKV6W,0
5TSWKJSJZN,0
NZ17PVIR98,0
FNJFGF471W,0
KKO8LOUMGY,0
SET99UVHKA,1
Y0ZP2PWWM0,0
KY7HPZ37OI,0
FAYLFYXINQ,0
GLXYFOIN1U,0
N3SAAH3ZS5,0
W80GMFW3DR,0
I7U0MPX7HZ,0
0VO6GI1A29,0
OBBLO0G2EB,0
NQ8TBSSHLY,0
3QF01E338A,0
K723Y3N4Y4,1
1XOFYVPHAD,0
NUWQRF42CH,0
WQ12K3HU8A,0
4LB1FIXCGE,0
0FJ5VRBXFC,0
XISXO34R9Z,0
W36MJU17ER,0
9VUK41ZVAQ,1
PIABCOSHMC,0
GFYQ4PWU33,0
YI6KEV74HQ,0
ORMESVNABQ,0
O2SE69F7JZ,0
I7VUM8S3AG,0
5CD575954I,0
9L7CNSKMAB,0
QM95G9HEUC,0
2P5ASNU6QQ,0
DBOOLHZW9Q,0
BIJ8OWDRLU,0
3U4U7BCLSY,0
XJII040B93,0
0ZI65ENITG,0
X1YKNDPGJQ,0
EYN86M37I3,0
B1V1HMA7OZ,0
8SBEQQGLL0,0
MQ6FPRS52N,0
TX4US8HBD3,0
58ZQGOYG70,0
7Y8YY5DLTK,0
RC7RD1YHTG,0
RYBRVPW3NF,0
C7YAR6X205,0
DF1BQYKIV2,0
DYEF2LPME3,0
492JN74U31,1
T4GAMOIGUR,0
1V51D0LO0E,0
1CEVVPT6U2,0
O8TIKXQZ6T,0
D5X4OO866K,0
8MV0RNW77I,0
8E48R5RC5I,0
UUZATOLNUS,0
4M1779CXLT,0
J937XJO5TL,0
MXRP16YNHN,0
9AGDPKU1Z9,0
BLJELVXFHH,0
VCBV7Y3JP6,0
L8D8XI6MGW,0
COHCR57F9O,0
YJ40AV3GTH,1
PUKYFKAIP1,0
T3O376X2FT,0
02S6NSVJAK,0
9PND8I1JLL,0
1UULVLA86F,0
W2CNYHZ7RH,1
C9EYK1GG93,0
9Y3SE3881H,0
9MXJO4BQWG,0
V0GE7JK07U,0
P01QP0KINZ,0
07Z5RSP1WE,0
Z8J502530Y,0
U9YFG131XR,0
JIAO2TCQLD,0
AEB2PGMPTH,0
MIKRJ6GF7J,0
OV786GNFPP,0
HY4FRQ94YV,0
M11QOSE7SB,0
CIH7TYIMAG,1
VM99NBQAM8,0
9YW8SZD3KS,0
7OUN98WDSF,0
OS63D2SC25,0
BLDTE02LIC,0
K4VBPFKFPY,0
9OYG2NKBL8,0
U21E25PUPY,0
5RWXFP378X,0
UXFZWI00SU,0
FQF9BFAS6X,0
MOGF6RYK5N,0
3U7CXPLLPV,0
86TX5AUSK8,0
LOL5QHM8L4,0
PJPODJNPT4,0
Z7WHTTG0K8,0
F1QADRWSHV,0
MV1EDKD8F2,0
Q9DPCCFNOX,0
2WUZTVQUAL,0
76FG4ZVYBI,0
VI6UUN8DKX,0
Z4SI4HE8EV,0
4WFYC4ZO0O,0
A7XH752675,0
HA0CRUHNW1,0
DXJDVYK8W3,0
0GZHLZGI15,0
H64ZSQLFA6,0
11OUFHAY4U,0
RKU69OLT5J,0
U92UKYZ1XP,0
XKP36NPBEL,0
3ULTSM3QVS,0
ZK9N2L2BE8,0
P8FKMZPD6I,0
BV7IPSJAG5,0
9RO9N9GM33,0
9RLIV64E41,0
1OX71PA62S,0
NKQVD3RAPA,0
2CTADGWZMT,0
LQSRS35T43,0
BZ0MN7UUVW,0
VHBKZB8HFB,0
OF7FHIPXJV,0
N065SJHWFC,0
CMWZ2Z50PH,0
KBLB0HV9V0,0
IOFNPZRXCK,0
41LQRAVFMJ,0
BXWC9E47NI,0
R2QGKLPI4S,0
GY74EYFVVL,0
WRUFC1WGTS,0
0ZBAARATKP,0
53JLZY79X3,0
3MEB48IU3W,0
XZFVLTD641,0
WPDNQTKHG5,1
3YT0LZV8IT,0
YUWSCYASXB,0
SBHAO3ZZ42,0
36YRLIAG9J,0
SE23FVV5Y8,0
5BK58D2NDN,0
W6XHFWHA52,0
ZIAK9JCWSX,0
PXK568QJ4I,0
KZ8YONNHWE,0
2O15W3GKG0,0
HEPASMN8DN,0
USOQFMM36Y,0
NMPY5FRKVI,0
ZRYJJGH6W3,0
MCEUZUGFCP,0
PBH46HFLDH,0
6XMLBAYAJS,0
ZV3KKMWQUO,0
NWHWXQABZP,0
956DXLUGRZ,0
44UQXA4UY1,0
BYP2RLEBBE,0
DWS9NGFSGN,0
JYZU9WYF3M,0
0UYD2DNO41,1
ORTKTQQSEL,0
DRBOEOL7RD,0
4Q17CHSTKV,0
IRCJ9QLR47,1
95CS7VYKPJ,0
DOGHQBHW86,0
K3MW4IJKI8,0
APHOE1KZR9,0
ESA0A7I2ZQ,0
X6MUIGJC85,0
YDXK8GUS0H,0
B8IRVB8IOY,0
0O6MC8FMCT,0
D4Y20K3LKN,0
0BTGGUQ4B7,0
SQE9BWAJ8Y,1
NPF0Q2EFGA,0
2R5TE1V0VW,0
U57X351ZX9,0
1IBP6BO10H,0
25MM2FRQBQ,0
AUA3TVH4EK,0
MOAMTVBVW2,0
I5G3R4QT6Y,0
N53VAPVUK0,0
VOWDGMT3F9,0
FTXPVGAS0X,0
GJMKC8WUUY,0
NA879MQLDO,0
LLZIB9HF52,0
RCEX45NP1J,0
5OFC132T5O,0
XUF5BAZ7KM,0
N1KT7H4HBI,0
CE5M8U0IA7,0
F77K41GYPZ,0
QCBE6LJVYX,0
UEHM309EMR,0
YOCT8IFBT7,1
TS2MAQ0OYT,0
NCGCIHDF94,0
Q7KDLMV41C,0
P0KH9SKBMN,0
UWKLU32QY1,0
J6PF0XH530,0
DRV5KBYPWJ,0
T6T9PY1KZ7,0
L2J5KUU9MG,0
2KAV9MT1J7,0
YYYI9T2D7K,0
0E80IUT71O,0
33XYKQHSP9,0
5CXNP1PBWK,0
O3PU1BCIL6,0
L9GEH2W96C,0
T1VKQJGIJH,0
FABHIN8TGJ,0
FQBETH0JHF,0
28CP0P40WD,0
985V7XGBB1,0
0H47HFQLK9,0
GPJ955PXB0,0
OXRVQO4WKE,0
DOAAS7MJTY,0
WZLD8UEZ4J,0
29AK8N89CI,0
49Y0SYR8C2,0
0S3WUH1707,0
C0X1M4W88V,0
AY01H1UYPT,1
WGL8YPW8JU,0
JO1H4K2AJ6,0
4ZE5PPMEHQ,0
77GJMGTYFR,0
BE71J7SIXU,0
FV922AXELU,0
Z6JNLEWKJG,0
LPYY1L3AJE,0
W1XC6UIF9G,0
9FQK93BX02,0
OW4WD5CMW6,0
DCCU2X9WM4,0
51ET1LHD4U,0
Y61G2QK55S,0
ZYUTLI1QGS,0
E2HFQ7VVRO,0
U8ZVMV8YUF,1
JJ291BW0H6,0
LHHDB4SEYS,0
MUE2RVDJ5F,0
61ZSXBFBFA,0
YKHTOE7TI7,0
6SP9SDIOFI,1
I6DCD2DXT0,0
WDCBCDLYWU,0
GSEN8NJB3Q,0
FMQG5B64GH,0
E1Y2NLZPDX,0
SM0H08ULP8,1
KL4RM1B1JA,0
NB2CGWX4SK,0
XRLAX6UIC6,0
GVDGLXOE5B,0
N4BSF2SU1P,0
AIBTK63IU8,0
2LTCARD32P,0
ASISAS6CBK,0
R1H088RW2O,0
ELKSAA5SBI,0
1E92I8MG0F,0
MR92XWGU3D,0
WG5XK51C6Z,1
ZE2YUDK21G,0
WAGC4LVNLH,0
O1KYVT9EB9,0
UG3TMENGUB,0
22MPLRRMUD,0
34RAOJG53R,0
NM35MYVLSO,0
7Y9T7RL29V,1
I3LXVM9LWJ,0
1K2OU5XC01,0
DJD9WKX1Q7,0
CTTHOUPPE0,0
SYOGHDB1LA,0
EMKF6E9THF,0
62F0I9ZSHP,0
5OITHGJ02V,0
1U5JHHTYG9,1
XF8130RES2,0
QCQ2VVEE6M,0
LNA9SE669P,1
12MRY0FD85,0
HSBKXRESBV,0
P0B4WVRMRF,0
HVK8WQ7ZYX,0
23YHFBWOIU,0
1QWB8QPG7A,0
3AXU83T5OO,0
B9W9EZNWYU,0
LESVLGCTZ5,0
22VNO6VQ49,0
F2K1GCIR5D,0
1OS2S9Y4F0,0
JEA96B21I5,0
HODYUVSSJT,0
19Q3ILOHWD,0
CX1GBE0CCU,0
KVIX8S3ETZ,0
LSKQDKW7QX,0
AWGBNHO3X0,0
V90PCZIZBM,0
COUUYOEHX3,0
7KN6DOHM7F,0
TPG8I77UKQ,1
ZVTR2WY8WH,0
1PDXS1X5DH,0
XLCK3D72TT,0
2RJFMNOVNS,1
B6ZVUPXV25,0
OA9WBG65EW,0
IYTYBWCTNL,1
TW20KRN305,0
ZK3US7W942,0
DB2CMV774C,0
KHWX3J7BDI,0
TMZIBSZ9TI,0
L5TNOQGHTE,0
ENXDV5R1UI,0
V6M86KGT9I,0
PDIRP2OZJB,0
MJXG8MS17M,0
FX531HZNPN,0
9VHF0XO2FQ,0
WC666JNEWC,0
700VQSOGGE,0
29SA3G3W4Q,0
4Y2DVLFU1D,0
86EMVKLGY9,0
44U27BYX06,0
XQDXYGR9TX,0
NUF7HSWIJO,0
HKIKGTSPR9,0
MH73N58MFB,0
31W60B6Y9Y,0
SWVKUM3RDW,0
R5R6CPAYFT,0
QUI2ODC676,0
LXE48N1YI1,1
3X6SO85M4M,0
67BCU964MT,0
XS6EL3D1MG,0
PCMXHYZ5Y5,0
DTGP4Z517X,0
FF2UY5G60B,1
H0QRFDRDGZ,0
WFYXWFSVAU,0
325LR3IICV,0
Z5UUSL6VOG,0
D5FKNUUCOM,0
FU9YXM03AK,0
97XME1O1QV,0
EWURSC0YWE,0
8I2S0KGHSM,0
QW8MC2E4FK,0
BJAADG8X01,0
E2DZKSEI5Q,0
3WGWTW7IEH,0
3MU3JY9JKJ,0
HJRXG6ZTCD,0
3INKB2EMHE,0
3OY9D7PLA6,0
0BT6XL67MC,0
S07C3BRENY,0
7D7W9F4WC1,0
7DGDC6BMTO,0
TS5ZX7P627,0
QP04R07QRW,0
HM45B5V2WV,0
GPJGAB5IKW,0
R3AXU8Q257,0
U8QFGS6BTW,1
7YWV2V14MY,0
FULRO0VBNX,0
X5B4WPLOD4,0
6JOP2BJTXW,0
AS9J0QJ6NH,0
8HTTBT8IZG,0
HZ65Y3ZCC3,0
K43T0WMYPE,0
WY4M3JVBRR,0
0OM8MB53KN,0
YLM0KU1OJK,0
8T9BAWSKN9,0
J3T2XCINY8,0
3ZCI29J7KU,0
3WWSB50YE4,0
XJLNM046N1,0
ZQ234G8HAC,0
7HAH7S3FVP,0
2BGR7OZ61O,0
YJR33T4AT1,0
78FKU5HN53,0
CB8N8RN3MI,0
HEQJ9TG8L2,1
8JEV1MJ9TU,0
PPYTXIPAH7,0
3ZW4K9ONTB,0
8W7P1B58WV,0
8M5H6V9Q98,0
KAYSWZ51ET,0
BX429TO04D,0
161OAFBOLY,0
C2Q7ZUIBVY,1
L6AC7Y87VE,0
CXRRC64A7S,0
00V4QY4KN5,0
YYXD49CLAM,0
Q427WYYFJX,0
JCNEFK702D,0
W0G33VZVMZ,0
YNJWZE2REB,0
3ZB4WIPKSI,0
IYW7GOUOQX,0
KHH495BSPY,0
6Z7W6RE8OF,0
945Q8JUJ8N,0
3O0RCKFMFK,0
963PK57W65,0
OX02WCZBJK,0
HW5LNKVG7I,0
RMI5OQPE7D,0
5NRSR4TVLD,0
HM15MLWNX6,0
X8XYRLBOG3,0
IP6J0BPLPS,0
W1I02Y2CB0,0
5VBOATW9Y2,0
03V4DYCXD8,0
IBYJXDS2W6,0
FHS34WYC3D,0
AWP4B4RYZU,0
D5Y1M1GU65,0
6W6TH5YMAC,0
7XE9CTSCL6,0
UVPVKCFXOM,0
0DZPSYGK0C,0
ADDY62KN2Z,0
BIB99SVBXK,0
NSK51C5GOL,0
XFMQTX17IM,0
BKVOVW93IA,0
KX8M83938T,0
1FCXIJS4KQ,0
AZG2E9MEJT,0
K0KV6F4GQ4,0
O4ZV8UARBD,0
UN0MPJMCSW,0
WRKOE2E7IN,0
S425FPFICS,0
BDTY18NB24,0
DYOEIK99AX,0
R37YVSKX7L,0
35JTZKS9XX,0
XROX2YTDZP,0
ETTA86SV5R,0
4P7USHFAU7,0
4XLWC9KPEW,0
T1KZUQEE88,0
P6SCOUK6OH,1
GS9S0DXZ4B,0
Z37R24QXIY,0
OAKRYOJOJE,0
VXW5AH088H,1
L5JB8AGS8K,0
X5XY07YE5E,0
A9MSUS8ZKB,0
DMF6BOJ6XR,0
6P1WS1846V,0
FDCPPPG5GO,0
CFEUN0FH3P,0
BIYBJ5WMYJ,0
SP19YSBZFH,0
OY66N4QHN7,0
FWAH5EZZZO,0
VLXOUELJHI,0
0UL1XZEQRN,0
PINJGKD9N7,0
3JS0S137NR,1
1NMVTX3PPD,0
8VT9N3VKDU,0
MCP747S78Z,0
X6SU3O5DI7,0
L23R804HRS,0
0UGFJ84LUF,0
6RUSF3UMS0,0
TLJRHDJBJH,0
W2NG5ADT7Q,0
MJX6LPSHB2,0
AY3Y4M9DBW,0
LA4FPOHGTF,0
I7UUYJ3VYV,0
CB2OPZ7N0Q,0
UE7EWJRHT7,0
H9FBFQJB41,0
9VETGQ28B6,0
97MAABKSEG,0
KPCNXBIS6X,0
QLMYKM4UHL,0
GB13GFQHUI,0
752TNBAGE2,0
J2PWUQQSEE,0
1K0LDIXM6Y,0
U1JIXR6650,0
3NZ8B95DOV,0
EXXWXONZFZ,0
PEVYOYR1WH,0
31A1FVEPM2,0
KOH4SDWLMD,0
9WRZXQ3ZSS,0
FKFQIK443G,0
AS5EWVP7Q6,0
YI2W4L142W,0
2RFDV4IPHW,0
N3D85S6V01,0
0YR79V2QUK,0
XMN8RR6KDS,0
HK3IP63EZG,0
SZVP4IQK1Q,0
EU4P0KQCM4,0
ZRE16N1J8I,0
LIQZ4KP0QC,0
9TFR30JPAV,0
HS8E6T12VL,0
6B38GOZKCU,0
62QCCYMW8X,1
BUZ3ZB7AK5,0
WEHA9A957E,0
S4UYJLSEP4,0
4KNOKAR0KF,0
K09J0SQCB9,0
1M624XN2SL,0
Y2AP853MTQ,0
2OUMWYQAZM,0
M1IJME9S2O,0
H6TQKOQS70,0
4P5FHLP4PK,0
CG0HU97N0Q,0
2MEL66IREP,0
0MF0ZG8PTR,0
H4BU2T7D1F,0
93H75SR3Y9,1
CLOMM12XVC,0
3W13BUYS3T,0
3K1LN6BRHU,0
UZ9LERSW7K,0
9O5EJ7UMY5,0
GUBKORW1FD,0
K807KT0Z7W,0
YMICLVVFB6,0
HMQZJ8W8ZF,0
OB4LA3DEYV,0
O3IPE3E0Z4,0
TB58IKSMUN,1
YV5A22B4JJ,0
MRPNTXNOQU,0
R0OJCJX2Y5,0
Z3WAJ3XI83,0
T9L7MJ3FYL,0
JM842OCYMN,0
QGD9UZ5WIM,0
3G5TCEJF9V,0
LL2EHNCKHL,0
H94SSPMTY3,0
ZL1L51V9VZ,0
SW3XNULLVJ,0
KTWLBXXNM7,0
TE44JJBYAJ,0
O9Y0U73STD,0
MQUE9TZAE5,0
2AHTQI3ZLF,0
WJCSH95X0E,0
WDASIQS4DO,0
JSXBITXCSZ,0
1XCAOI8Q5F,0
0EX41XU423,0
DLCQLL4NK3,0
QIA8T4442I,0
9264UOIAWI,0
CP5HERUD7O,0
T8Y88CDW4A,0
GBQ3FDAW8P,0
JM3Y6SK6TQ,1
3FFL6X1BFN,0
NWSQDAU2CS,0
M96WVDP3QC,0
TIMBCRH8O0,1
ZN9484305R,0
5L33TNZA7E,0
GO0K2V95KV,0
X25H62JLV6,1
NFJS1G5PP4,0
EXC0AJIYT5,0
NZVUJGZWP1,0
IYMDXLGJDQ,0
547CE3SMGV,0
IX4G2XAKXX,0
B28HIQ0ZEU,0
5EC8639HNJ,0
IIHZFIAV0H,1
6TKEW9P3S7,0
IK51SBZPH9,0
ERZ1VAM6G9,0
7A30I59YP0,0
K821OCGZHL,0
CITV6ERFHH,0
KW9VOSZNIX,0
4ZUG1ZK602,0
MSL91AI0NC,1
88L3D0FKB5,1
Q15AL4U3N5,0
NM1674EAWB,0
I1FVN421RO,0
XPRK2NR782,0
SVJ20Z7U2Z,0
SIPPK8S6R6,0
EGKDNFNT3Y,0
G3722G49LU,0
TF0T0DB4MT,0
KJVZ3788IW,0
M2HST7KNLO,0
YAHU2DOB7Z,0
3ZY2ICV7EI,0
0KHEV2K8O8,0
Z1FYQUAN2B,0
UW0D7XM645,0
DUX558K5WW,0
P0F9H9HVRZ,0
5TSXCQJ7SC,0
P3L1UJ3GJT,0
43FOWE2D2B,0
VF47RAXJ91,0
CBNU67PP1L,0
BLCKISWN5Q,0
YOJQSEDDDD,0
6JA07FFP91,0
D71F7OWO4L,0
KZDRSTM0Z4,0
11QW71E5AS,0
NR2JWTPATT,0
PDT0NK5CSW,0
2H017VVQIB,0
WQMK9JA5DU,0
QLL56OSX9V,0
6U5LHENO3P,0
BOG41DWSUE,0
HDGTL8AARE,1
H2WOVDSYD1,0
9T34XZXIBW,0
H674HPPAS6,0
4C2HJD628B,0
FSUKIX3QJV,0
NPH5NC7DOA,0
7269N2MII8,0
DBUH0E3KRP,0
GZIR1F28D8,0
3R2CFIY3BN,0
4MT281EZ2J,0
950OY1BHOR,0
MW34Z7PFW6,0
BG3B6EON9K,0
JJCQP1PJ3B,0
SE0I27HUDU,1
CHLOT3H88U,1
LR0TE4UFFV,0
A4CKUP793F,0
KE487V8B4C,0
BA35I2I9CE,0
KJJU86012D,0
KWAA81MRJ4,0
PTZB6L20B4,1
DRL1YNSCFV,0
BXPOJ3QBBH,0
9D0G15ZNEJ,0
H8HE2L2326,0
BF35J46NKY,0
5QACYQAUCA,0
PRSPEUS152,0
0E0VSU4U0Z,0
OIALHEBR14,0
AK213K3O4W,0
QB82B372YM,0
LOQ97N9LM4,0
Q8K9OELXBL,0
X4RGHJ05UK,0
G738DPSSRE,0
2HO5M4WD2W,1
PKMVNEQFKF,0
QTR7YPRPD6,0
YWP9G3T39L,1
Q395FZSMA0,0
JDGMIPVC0S,0
7I9TD0AC3Q,0
SWE0EPW491,0
T9YEV1GG1K,1
2XFF7CWE6F,0
S27LOL5FEE,0
RMFYGD8FE9,1
23KLWEC0DY,0
6DULU3X033,0
57R84ZW5D0,0
O5HX7T3GF2,0
H12HE9YH4K,1
UV8WOUJBMA,1
1NMBA45LL3,0
JPW9D026FO,0
HG4B85QXYO,1
K0D71BUIX2,0
B03EP1HU2L,0
V77EHSF7ZB,0
C09EVWB7I3,0
S2UZ5MVKP2,0
ZUM2KTPK4A,0
0SV0J0E4GL,0
MPIP60IMLX,0
GVKSI1T4XA,0
4ULX0J8WOL,0
GRB7122OAF,0
6VL0RQ5WX1,0
RIYGX367KX,0
3KMK9J8ILJ,0
HXYBLVKT8T,0
H170TKKVOC,0
5AY6R4379Y,0
MZNA6ZALLM,0
1VLE2Z2SF8,0
U5J5QDR4F1,0
QT08JS2UGQ,0
UU4HKPAJF1,0
Y2V24ACANJ,1
E4HLN2RM2F,0
ABQRM9XUXK,0
TWRL9A42DM,1
INIHTR98YD,0
TPV6W4LISB,0
0LB2B3JIMD,0
GLOWP9D2KH,1
P6J6T7HGRW,1
1N3CQU5A3V,1
XT05HSUQ57,0
UK71Y22T9O,0
ACXVPILZCB,0
203CLEA138,0
21GP65S410,0
1IV7G4CW4F,0
KH63Z4DYBN,0
KQF2ZAPROZ,0
XPCBDPW9AZ,0
ZSHNCIL637,0
NI0AHP87PJ,0
MS18R1J7LG,0
5CRVJPFWRE,0
LRCTOLVITM,0
KQID0NMJNN,0
UYUZTFBH95,0
J16U006U1P,0
SSTUDEVLX1,0
UJ8Z1ZOA2X,0
JVLO7QOS0B,1
RUE28CEXPS,0
ANUOBLYID5,0
BZZ34FYFRK,0
XFDJ9KCS7T,0
C9CCYHT81A,0
VFO0BQ1QYF,0
OWCW9N9A9T,0
AD9DBSENY6,0
GFUVATF7O6,0
IVP8S0FM9J,0
7FAIACCRTP,0
AGDHM59TJT,0
TKBFXGO4M4,0
Z1QZS6KOFG,0
NJJ58LA1Z6,0
IZ1YLUGUYJ,0
XR0PWGOWVM,0
AR4S8NWIAQ,0
29NDX65DPH,0
3CRSETJ26X,0
50CIROJ333,0
PSX0IB55O9,0
660I2TUD40,0
VJURXRPZ24,0
DJBKU1GERE,0
YZL2B4CT81,0
EUCIJW4QIV,0
V9OJ48OYDZ,0
8UOI0O3E7B,0
ZYDDN5XXC2,0
YGBWRKDM5E,0
0J0V00992O,0
ELXG14GZ55,0
6R0V9HL8AG,0
OW66ALI9LQ,0
9XMES17NK2,0
RBQZCSI2ZE,0
FVV2SXC3LN,0
V9LOFQB6AX,0
LI58MVZXXS,0
YL99B6N95T,0
FPO2SNJXA2,0
ARW8WZ1BNQ,0
PPTQ6BJKWT,0
YGNSVSGHQY,0
J8D7A7Z8ZL,0
U8IOIXW5EE,0
HWR5D0H8J2,0
KCRQ8WDLCF,0
VQV9D7EKI1,0
DXCG3LM4DT,0
0I3SL4A08W,0
V8UQRIA9LQ,0
GKZKKJ310L,0
27W0IXS8EF,0
JX319K8ZYB,0
ARFAWJPFW7,0
216TJCJ2K2,1
AQY5UIZ0QE,0
3BOE1AQWBP,1
PYFSZY7RRM,0
JT5HN75P5P,0
D9JTPZTVKU,0
04RA3T7BS1,0
YL06FQPZXV,0
4KQ0DXWJF2,0
YOXYYKV0BY,0
WG8824MIJ9,0
G9LLA8272N,1
DCTFKWQG9R,0
TM0EB7HBMN,0
7AU6O079RY,0
D1RYY550Y5,0
019E0GXR9G,0
EYC84JZCMN,0
A3OROOL4LS,0
19AIRC2NGV,0
M9TP681L7Z,0
OW8XXYWKFT,0
4K1HVPMCB9,0
RJD1RSPQY5,0
BWPEZ9SJ9E,0
K3PCYBY341,0
VGH60ONNY7,0
12CUHFVUFF,0
T25STCBVMG,0
T1CWDTIHOM,0
42XHPSO9TY,0
8XHU3DFV14,0
IXJ8KNK9YF,0
X68TZ6KIAR,0
UASXJEJ6ZW,0
T6JJDUX9P7,0
50PMIG6GL8,0
3ZMWL1VZEL,0
4NABFF7WL0,0
AOAKY3JMF1,0
EP5UK83OWY,0
ERAUYRTTHF,1
KPVN9T78IQ,0
3ZGQ99E2AE,0
7FV88V0IYN,0
D1JG74ANFC,0
Q0YCWNA5U7,0
7CXSNM3FT5,0
LXTUC7GSDC,0
7UD5ZBBCZN,0
FNKPOCPQTM,0
ODF0LTHUBP,0
XDPAEUV5M0,0
FEK1U9HHGJ,0
A66Z6CFYGB,0
O7F6DHEGH6,0
RPAC1ABXQM,0
6XTX1TCCW8,0
0KYAZK0ZSF,0
V02WI4DCYK,0
AS6YARNPEF,0
AFGS7EBIJR,0
JMHR8FAF4S,0
RBN7XO1BW5,0
6FW7ZB83KK,0
APSQ1KJTN3,0
HGOYW3OB4N,0
POEFISXMS3,0
KPG5JZN9YT,0
NB6YKTODH4,0
Y41NXD7LAO,0
5ZYSSPDLI7,0
KHZY0IC8UC,0
20HRL9SCAA,0
04AL4GKH24,1
NNPYTS3KR9,1
5RPJO9P0NQ,0
6U73C4LWCV,0
QSQ0ONI069,0
S4M1LO8GVL,0
WUKJ73QYXH,0
ARV850RQGD,0
6PLJLM3NIV,0
S3L9QEMM6D,0
BQKFBHF1NK,1
UGSUK08PWK,0
NLEY947AJY,0
B8NAJJVFUD,0
V22COLFHIA,0
ZOK7YZWHIN,0
93SBVREUFF,0
DAGTISO8KZ,0
MN1AVFJB04,0
89QFG69U46,0
AXP0TZ7USN,0
J9YS3YTNYN,0
5YVBRYQY0P,0
XLQVCSKCE2,0
H22C7E7IT1,1
DT302WJ66X,0
K7Q9BZ6D0U,0
SFU6WBPMK0,0
HN84BDDCTU,0
424FYXADRB,0
VB0A3UJ22Q,0
16LML4MQ4P,0
SOKFQXTYHN,0
7F79NEOTAP,0
JT6IB0TTPK,0
306AJGEC5J,1
UIH47UB22P,0
6ZQQV9B0WW,0
Z2QKN8L56N,0
D0B0BJ9NC9,0
F3VLP2AU9W,0
91UXL1H58T,0
RKQYM7XTKC,0
E8SNTJI0X4,1
MB2R71KMHR,0
QX4FXEQYGO,0
7K0SISYQHR,0
990IQ17NZ8,0
6S7I7NC91J,0
RWMOPT9TDF,1
THSJ03A5EW,0
QB5DYXAWI1,0
54LQF6N91L,0
N59QBM2U9I,0
CS6FEDGUUS,0
9IIAOV4MMS,0
8YKECJHF9C,0
9I46TI7WHJ,0
B8MK7IB233,0
VL2R5I8Z2F,0
ZR00RHGAMY,0
G1NDGEZ897,0
LJM90IPVEG,0
9NERADLMZE,0
1OGHGAAKCY,0
6HOVQWZ66M,0
3ZRD1V9LPC,0
29AKSLRI8Y,0
EC6AWMCD0A,0
UADT3S5U2W,1
JIL1WAJ0TK,0
H9Y9BKNWWN,1
7QM81J5OL3,0
HNWSPVIBVT,1
H0F1LY84JO,0
U9KW3TF5OE,0
R7D7CSXXN7,0
CPLCQQTW9V,0
BIPHSA00T5,0
S2G8K1SZQ8,1
NJDG558LFQ,0
GABQEVE7FB,0
14OPRVPOKP,0
YY8A8XXM77,0
LR0OI7Q9RU,0
3YWU9NX5N1,0
ENVIUZWXTV,0
04PSHA63XZ,0
9LIWDAFK0F,0
2T91ZT6CU8,0
MC55KHWU36,0
9GC5PTALOI,0
S5OXK1L4V0,0
BOSN3RJYIY,0
3BN7DR2NRA,0
1QU6NWQLKF,1
11SMQL0M4A,0
5M83P7PJYG,0
CBIRW8XZ9A,0
3KSSDJHLKI,0
RTC0ZONJZ6,0
PI57RA2QRF,0
ZF469S8CRC,0
DUERVYATQ2,0
2CAT6ZUVW5,0
OS28CEX9M6,0
SLN4DHBJI1,0
85O8FGCYD2,0
3WQC3W9GSM,0
31WTUO8CJZ,0
IIVYRZT0IE,0
9WD5TYSKD3,0
WCHLAA875B,0
1ZLK7HHEUL,0
6C5IQG4NKO,0
ST3KS9VG6B,0
IDPKJIM4Q7,0
Z4G4LFF4BU,0
676SMHJQPZ,0
27S7CMU4K3,0
FRZI2OBM9F,1
GB8M0JA7YJ,0
JK2RRBBCYD,0
0YIPUO5SIV,0
1EXY1GBYX2,0
9WEI9IGH7J,0
2IMVGZIIYH,0
0BLW49GS3J,0
MZGVZ09MHV,0
C9SKOWARBL,0
0X2SO4BRJA,0
HSSAFF1OGD,0
PFM3MSYQ9T,0
K4WAJDJOYS,0
PU3QU47XJO,0
IOXLFLN1MB,0
W3U11MHVNP,0
8JD29Q4U5Q,0
7GHXL4945U,0
0N55EUHJQS,0
9P72J8PEPV,0
HJYOHT62E9,0
A64MPBOZOU,0
9BJXP77BDL,0
5U79KFE3FI,0
VTELHSTA45,0
ZPKDQJAA3A,0
Y3YNPBI0D6,0
VQY6L0VZZD,0
CNTL2IRAXU,0
GOKO0I6F7I,0
Q67PLIWBM0,0
W85N4GHU9W,0
DO5YPZ890T,0
T9QG6MH5QC,0
HJJQB5GE1G,0
LXDIDUMJEJ,0
V53IJO3IQ0,0
LPJBLZDWGU,0
TE195SP5WF,0
UXVCLYCB0F,1
XELO570MDK,0
BR9JYITSCN,0
CD7YTM7R9U,0
KLM40KH34C,0
B7EW7B9SHX,0
YGC5AJ95D9,0
BGW9C6ZD3P,0
NBITSZMML5,0
XGODTJG433,0
JRBS5T05EW,0
AYU6PS5QI4,0
TPRVC2T8FO,0
4HVIHGDHKJ,0
L9P1FEBAPB,0
J7ZBOV4LUQ,0
RCH13SC2G6,0
2HNH21M38W,0
37XTSQG5HU,0
USPQKSUZAH,0
8FYA1V4XB4,0
6UUORK3DGE,0
ZO0BRWA4VM,0
OUXIY28CW9,0
BSU9MLHEO7,0
WMA6VUGQQW,0
WVXRXXD06J,0
QYVFJQ467R,0
00XUTDTQPV,0
B4DTNA8JWA,0
00ZZ8CPOC1,0
2VHIOT4RX3,0
OC5FMJJMIF,0
SD0RCVPZ5X,0
0FB81YO2EW,0
TZIPOB6OV4,1
ZDVV78HF2D,0
MVJ69SX4ER,0
1RK6B0TVZB,0
WR9J0ML5UF,0
X4DOLXS54L,0
X9W28LKJWT,0
A7F63FXCGG,0
0KAQCRYX5H,0
G20NV5ZWNT,1
7MWEXR611K,0
ZOAZ3U8UGT,0
KS5JPERZBU,0
YFA46HQ57R,0
WO0C86I7LJ,0
SG5RTLVS8W,0
T1M90YHPIL,0
65XQROJ7EL,0
HP3ZYN8BDL,0
1C6NPD2OUC,0
M873YV776O,0
2AN8GHMUMW,0
LV7UBZ6T7E,0
FUQFIGDX1T,0
7762OUA5Z9,0
01KZYJ6L3W,0
LAS0P1HO2O,0
T4LAZSR3H6,1
GQTYBB6FF1,0
XDFFENDBP1,0
AGRFKPZETB,0
Y5AV25WAP6,1
4T3C6KXHH0,0
NYG442RPPR,0
AK1LFJRS90,0
S94W75JB78,0
TWV8O5QAX4,0
6Q1WH7XNC4,0
IA2O0QEYLK,0
DJMDGCNGDH,0
1RNSFDFX8Z,1
ZTTHYQU5WL,0
3MO0CLJGEA,0
GD28N87DUY,0
4QL9OW59T6,1
57EWR4D3QO,0
YSDESDXKH2,0
SPEV3DHHE6,0
QQL1Q2FD2J,0
CF7N4FH01Y,1
KCKI91WKTP,0
2YIXSTMTUV,0
VJIYINF7TZ,0
SX2TD58FFY,0
VE4W5C33AR,0
RQBUD2UU5Q,0
AWTQ4P48AO,0
3H0RYFNJYH,0
3P2YDDHI1R,0
LOQR2W44GH,0
EQRZL7C6SV,0
22DZD8HO2V,0
Q0V9DI5DMD,0
EUS3617L7R,0
XRQUONZ484,0
SYEYYRCVBD,0
QT0MJIEH80,0
8390VLMOEN,0
RMDP8OA2QI,0
MZEZFQQJJG,0
62SVQI8IO3,0
ENUG6545JF,0
83N6VZJWLV,0
FXVWRKGO4C,0
3SAAW550FN,0
OWRO3KGEMA,0
JAJY55BNV1,0
N0TGOX0KSJ,0
X5FJEXLXJF,0
UT1LLD6M4H,0
T333DLGMVY,0
Q6WINQXU6Q,0
BRH6JXXS5G,0
P3TPNN3SS1,0
5Y7BDRELVD,0
ODS3LX0IKG,0
RPEK6XYY2E,0
GD79OZFIQG,0
0ZW62TWJ6M,0
HVFNSJVY3V,0
9IZ13RL175,0
OG2QP3I7D8,0
QE81G25KBJ,0
TL2T9PPNKN,0
NYKHUZ09MP,0
X0B9OYR7WL,0
G2O0MMLYRS,0
LYP1055ZGP,0
72IH3TB5BJ,0
N8NDCJGHSM,0
P17RZ3SVDD,0
LRM1BOTM6M,0
JCP0AI40IY,0
QWE663KRS1,0
T0SOO3HBTR,0
CV9P7MBIYN,0
Q1K5Y76TGY,0
SIJHUUHFDF,0
I65OGKK8NR,0
NO4ZQTBEBZ,0
JUJH7B5TZY,0
J08QQN9S6Z,0
OLZI7UOW0E,0
WNB79DK668,0
9TUROIYCMU,0
GSEBREYUCO,0
3MLRFYHGGG,1
6H92DL7Y1D,0
W5KFVA6OMS,0
X0DA6OFCWY,0
C7QE5Q89JH,0
RVZJ9I5HIK,0
X17E40HS02,0
Y6K7UM1XOJ,1
8H9D6VMXMY,0
PA655R432C,1
1KWA2D89P3,0
29HN5BJ56L,0
MRCELA2XV3,0
ZK4GDGSDHC,1
1NHZ0P9ESR,0
28GWX1W5QT,0
UYBDTIU864,0
MVEBGO0MDY,0
CEQU6LJLR6,0
PCMDOVHM6Z,0
B0WOQRKNSD,0
IF0H2QF2ET,0
39LBU561FV,0
WTV86PO1XB,0
D480A2K11M,0
M6LA4GG9JK,0
XY17FPV2JD,0
E71C8RRKBS,0
40Q1HZ2ON8,0
E5M4IWAI54,0
INT1LK5OGD,0
K2EH47K37O,0
Z57MJ6N3BK,0
BG8QV5UJAD,1
XXYQYJS1FZ,0
W92J3LWN4F,0
S4ABGLEVVN,0
DBP4P76H2A,0
WF4UB8YO04,0
B2JIVWV2MZ,0
XNBGD4H6DP,0
XMNLRXXQW2,0
V7BDV0XF9O,0
LGT0GWXU9W,0
RIGH7GDX92,0
CN4ZIXKIN1,0
XX3W7523C7,0
ACNV80WEMM,0
FABQUCN8FM,0
9K6RCNBS5Z,0
LWNONYSAKD,0
3RCN9VLPUB,0
XUJACVSEBR,0
JE35B6JBEO,0
R7DVUFCTIR,0
ANVDR9RIAS,0
JQNCDW718V,0
DHVWEP9OIN,0
4QP66UBGVI,0
4I033ALG4D,0
YPZ23P33E5,0
RH7GPUTLHH,1
UKGKQTUI0V,0
6EBDJCQLC3,0
OFMGVH504B,0
LLY4M6NDVJ,0
XCQODENDTK,0
36IB3RG69J,0
DIVX6VPJ1I,0
23VYEOC264,0
K8TDZMBYOC,0
LRZZ1N50R3,0
2AEEXD7Y9A,0
F7NQUOJQ1W,0
HCO0WP6NVF,0
1IGEL7GNB7,0
PAHUUK0D68,0
M2EFZHRHFO,0
GW0P7JQGKD,0
M70WEIXEOH,0
QGTKRNDY09,0
3B345Y6VZ3,0
DN2ILLCY0I,0
CTRZU36L7G,0
GHTRU8JZN1,0
ZK8TT5R0D0,1
3NXJK06IWN,0
IZ6TKFTT8E,0
F1K7PZ0V7S,0
4ANRW1PU9Q,0
4C9BVGF1W8,0
YWG22M4902,0
WAK6FJNCFR,0
PKNV9UD2DT,0
2584CRUKW1,0
CRNBEEIL64,0
PLBLHFV28Y,0
YJO558T431,0
UOMNDP7OIL,0
XM7ILJ3JEL,0
S8RBN9P9BW,0
ZUWUT6LNI2,0
MS7WJYNA8M,0
NSSGYB5O1E,0
UQAEAE9UCH,0
DJQ2QD7XFA,0
2UCEPMMV24,0
K87SSXWWEG,0
8YTUGV2NG2,0
GYDYSMF5CG,0
AG56QMXUOK,0
0SSGZYQ8RM,0
GX4U3GD98S,0
R1K3VWQ09F,0
15XFOUHDKD,0
ORO32VS6XA,1
QSR06QDQ5T,0
X6Z8QGRMWN,1
JQYD4C5GP1,0
KN5RDRBRBN,0
N6VSSZK77Z,0
VQUMI2P4PY,0
U228TA9KV1,1
ZSG39MS5R1,0
RDSVPHKJIZ,0
VKQD59PB55,1
958RRFR6HZ,0
QCY73V16IR,0
19AJXBUAFQ,0
MW6NDAPMET,0
Z61Y82208S,0
B5GG10LYKV,0
14PRXP9GW2,0
DPUSVC1NCS,0
ZNV4S9KE3G,1
GVZP6CCT09,0
8K3OGWRFGN,0
D4QCMWQNWS,0
FBELDJJQ1T,0
HNAI0P95N7,0
13KB6XPCQX,0
FDV6IWSGXF,0
HIEK7QNL1D,0
F1LVPCPTW0,0
Z7HPOS0TKD,0
X4JLXTW1JS,0
V42TUEM1OP,0
VKITOW13YE,0
VASOYKN7LX,0
DNZ8D7RONI,0
9W22EYHHIB,0
W3QOU47YWZ,0
5Y11RRL8OU,0
0RN99K8FHH,0
CE41XXZDBY,0
VWA3F845CY,0
9LMNPAPIFG,0
53H0STVOAG,0
FBONF80WPO,0
4YKOLNXNKK,0
410S85U3FT,0
HM4ICWH0S0,0
GOFZQGDJ1E,0
6IEK6M47MU,0
U4SFM0GRSY,0
6PWX3102GD,1
W5OZ4HKDH7,0
TTJLWTCV60,0
JATBPJJA8E,0
P4B0EKVQWY,0
STEXZ9I9LQ,0
97DGWIG552,0
1LOPZ0ON3K,0
URFUI3TSSO,0
YDXFQ1627F,0
Z3ZI14WSAT,0
IYBL6JODX9,0
EH52UE8B9P,0
69EU82I034,0
XAP7JW48HR,0
GUR3FL5W3Y,0
BPV280JRG7,0
X4IQTLOYWE,0
7C9VYUVJ5E,0
SI1PZKXYQQ,0
9JDLEQAD6T,0
765T34E8GF,0
L8D1575IM0,0
A8A4DIQ9OD,0
0Y5QVLB0K9,0
E3B5OD3S4M,1
X0FPHYHSFZ,0
UPTI583P0E,0
J5WTIRGDKN,0
KLM6H7NS0W,0
AUIDG7RCAB,0
QY7I02QEOX,0
6MPM2S34PA,0
F9P0QGC5I0,0
PG6RKQTSWP,0
0WMOZMUHZX,0
OQIAGTKQ96,0
NIY4CZY26A,0
AS4SWQWJ34,0
EZESXZ7DM1,0
MNYNJBL4FU,1
Q1S1JZ9NSJ,0
BHO5HTV71N,0
52OO9547FK,0
8JBJHITW66,0
D9OV639R0V,0
9272HTW77G,0
0F3NJEPVU6,0
CQ9BSXETKB,0
UI2AX8FVTK,0
I7M1CVQ2IW,0
W5UMX1LP78,0
CKR7L94H99,0
2W5ATO5LBA,0
PO66Z7JOUB,0
TW1NMAYAOX,0
7EH9H0TU29,0
Y7NIBBTL8H,0
6V6ONU5ACY,0
7UDF9DJXLT,0
B5VSGO45Y2,0
EG27JFU4JM,0
95E4S5NSMD,0
DSIYGZMEM3,0
ACNMV4QYRH,0
P6YD15D4QJ,0
RCDGTC45CQ,1
3MV844T1GE,0
0V75LK5S0Z,0
CFLA2QHWTJ,0
YAAZ6XQU17,0
KT9TQFTF4I,0
ZXICR4V94D,1
95WUYAP9ZF,0
WAP18P8FNY,0
1D70MFNGHL,0
0UW2C4T71S,0
U6VQZHIEGM,0
9Q41JWM88N,0
3O1QA3R971,0
HTL2IYCLQ5,0
HRVJDHB7FE,0
RROHFWKDWI,0
90TQ4ZB905,0
T4S6IEZZRZ,0
XZC7EFXVG3,0
265HYNJ6NO,0
28RG0NWRFN,0
GMJB4041K9,0
U4WQ59VKQV,1
LN6I6L1S7C,0
Y5S6BG8VFJ,0
ABVZWZCB7V,0
Z4EQ11MXZD,1
37IDDRNONS,1
4FFTSR2EIL,0
57K4XY5HAT,0
8YIDFF42GH,0
JFRX5Z2GK0,0
CZYIENCDUW,1
BU16OU0FI8,0
B5BX92ETW5,0
Y2YWD1RLRA,0
ZFOKV13OF3,0
UH7MYC7W1V,1
25J19QL4CP,0
5SU8AUGURP,0
TJNXX98MB4,0
IQLP3XM6EB,0
Q0I0CA47C4,0
2F3T9JROQJ,0
XQ6PJEIYCW,0
9A1LMVQERM,0
S9BSUR0DY0,0
SFHUARKCAE,0
L4MHH16BO7,0
Y5N9G9V0N3,0
3U1O1UNFHT,0
7J7553WUDP,0
5SSTDILF2W,0
Y1Y0REZOKJ,0
KXNH3SC8GF,0
5D8C29RCS4,0
EDY1XND88S,0
WVU3C7XIC2,0
T8I4ISQZEG,0
PZPHMCQEBB,0
JIDSK7B6OF,0
LHAZ06AEUI,0
PCTHR9A0NE,0
KKAS3V015K,0
ESW329G5IK,0
B61KBZLEVI,0
JPY6Q7RH5P,0
W7OYD4DY01,1
D3MW118N8F,0
8BKGDQKCMB,0
5VOBUPZZ9R,0
H8OJ2Z8AIL,0
IM9JWV46NL,0
2XYAGI1X0Z,0
9XUXR9UJR6,0
BC1KZLF3N4,0
8NCIJH03OI,0
5KR18E7LFZ,0
3SIIQEUMIZ,0
ONUYUUQZVP,0
536A2LAJ0U,0
M7VJ9GVZ5K,0
WT9CYD0NKN,0
E3PKPV79PP,0
O20B9RVWZR,0
1PN0BVHJL6,0
315HY66JRG,0
KJJEQZ6YS1,0
U8DORPR8ND,0
G2D2XQF91W,0
BZSHCDWNYV,0
KWS5J9V7ZG,0
JGXGX8W1SG,0
8E0A8KUO7F,0
9XN3LRS6OE,0
1SEWAUOQFA,0
95HZBDA9BG,0
NEPD10GI8V,0
0EO5F3FYX1,0
CO66H6N4HA,0
HF8QIW722N,0
8R3CDIXCNY,1
T4RX6EV9UM,0
S6O19J9ZJC,0
3OMSNLNU90,0
ENQ7Q20B01,0
4DGPWA70YU,0
3WIU0RK4WI,0
BMN9BBW7ML,0
ZAHGF13Z5T,0
4MLY7AAJIK,0
T815SDBNHN,0
FUFT6GKCY0,0
PH3V54YZSK,0
6BMLKMSX2W,0
OAV9J2EIEC,0
GELJF6ZDWQ,0
T6861BISCC,0
BXUFBY8WN1,0
BA44ZUHBI1,0
PPPWH1KIYQ,1
46HE3JOKMF,0
F96402XG40,0
TDLNX6TFPQ,0
ZPQUIPQUYG,0
VJVAW5I7ZX,0
Q1SIP5Z59P,0
J5PLQ2AJ52,0
8N8122PEW7,0
8GYGDAUVXG,0
81WX6CJ26E,0
9AEB7T1MWA,0
HLWS0BE1VA,0
MVOFZIY62X,0
5950ZL22UO,0
9Y74GLST3P,0
V3SV40CX4F,0
OE13IV19C0,0
DPT3TA09SC,0
U9CXGE5VMX,0
T3OJRI4EXY,0
B1ZBTJ2SLW,0
TVGFJ4HNO4,0
IU8GHFTTZD,0
8DB2XUPSH5,0
JRDKXR4JS2,0
FKKWXBBL8N,1
YX62KNI2V4,0
W0MQLQX6UA,0
1EDFCW8ICW,0
P4FL8KR54N,1
4FLIA95IZK,0
SOE9OPSP9E,0
T41IYFKOSL,0
49ZJ97NHIU,0
ULP661GJMZ,0
3LNDD4BMF0,0
46UVVE71PU,0
QUA1FSCGX5,0
J2010G7YDV,0
TOD3DLHFCL,0
HLHTD57YBU,0
M18ZY8XPSL,0
2JHX8CQMXD,0
724FV6N2D3,0
8URKR6G3LV,0
ES54LV8CHC,0
7P67MNIHN7,0
CUMX1R4IWW,0
GWL1E5E8G9,0
9QKQ3FQZEY,0
K54B5GRVYN,0
OJ73AARMW7,0
YBK3LIVPN5,0
7Q3LMF2L4F,0
6CNSSHA332,0
I8C706KBU5,0
S1XZF1X3BG,0
X3GDEXS9L2,0
BKY8X36O68,1
DAOZQ2MPP4,0
QXUM1TR1WV,0
A7BSXIDHHQ,0
ZUCB3C4GJV,0
S0V4L9B6B0,0
XWL3F3KF28,0
ERXWVEMZNT,0
R71BWSWW8L,0
F83B0UHWAA,0
8R6HKCHPEU,0
8QT6XZJIL4,0
GCALAQHZ4M,0
KLA0L1BF00,0
SRTWWF51QG,0
M4R2DPD6UB,0
YSRBORM82E,0
K978TNDZXM,0
M2DPDT655F,0
04Y10I4QP7,0
Y1CEQOXVBP,0
BI3MGS2KZ3,0
T3SMK7O5RN,0
0UQO3N1XBK,0
S3GU61GE5J,0
CY4QM9GDTE,0
2OOCH7J19A,0
QTUF9V5XDC,0
RFXH3KMI0Z,1
SXWZLL2Y1L,0
UOR0H751MX,0
74BM8YP7MD,0
G5O3SAQ5O5,0
283VPVNC1R,0
Q8SBPSVQRB,0
VFLHE7CBYQ,0
0ISLTRL2ZK,0
UV0KNWRCAS,0
YYRIYJ0VBA,0
L99DER8RK7,0
D08ZQVAC7Q,0
XAOCYTIWQE,0
061G59FYJE,0
CWCFFFITAJ,0
NIVC8OF6XT,1
5X102SGPSZ,0
S9FJ0E3UIS,0
S1NQKP0WIZ,0
TXWR2COL5E,0
TJ7ZIN8W82,0
YAUAXRWEOC,0
5HAPQMCN4O,0
LDVENV53XS,1
M94Q8BQGQC,0
L45OYUSAMN,0
DC3WGR8QF9,0
BRC3PVIT7Q,0
NTQN2WEI7T,0
IYOU65D2VF,0
50ACI921TP,0
3IW84QL5WD,0
X9RJALA3Z0,0
S1EHBJ8W8P,0
V8QSGO885P,0
LQ4MXM6ICO,0
BMQZXX0Q1S,0
B5L8KG0OP3,1
R068M8JCXL,0
9O00DJVGL0,0
SU8PJMC1CT,0
YMP7J9ZGB8,0
CHH8SV08PK,0
LAD7DO6FAA,0
KIRFBYO15I,0
G05X4AFL5Q,0
C8BWIRXZ8H,1
TPDZS9GYVB,0
N10B3TNGAW,0
47LH1UDGAT,0
ZGA5W3UYQ8,0
DD73278LPH,1
65WWDZ1FIY,0
M4CC1PYWYJ,0
TM39832BGL,0
7KNHJSGEOZ,0
BT0JOXEQFL,0
P9Q6D5WHHP,0
QLR73J2DT7,0
9E4CGO93FD,1
WM7IRPG315,0
0UNHFZGTBA,0
WJ8WQ6DAOR,0
WG3G1NETXW,0
FXIN38BKEO,0
MCV2RTZOB7,0
FILZ9N3OKR,0
4K24FIKDHP,1
FA06D76RP5,0
BKW5KK6TQ2,0
5JYTP0ZBRH,0
U3FOEQL8PX,0
QEM87S5J6I,0
VOX2PMNQ8G,0
WQ6ZFBUBZL,0
3LFFZG6H53,0
8O5OQ0JA8N,0
3SABIFSN14,0
LLV6F6DXOG,1
OB5FIQHNJP,0
VPHJROG9G6,0
XLPGF2Z0TA,0
05U8RK4YQS,0
OU06373BHC,0
DVREP0E6N4,0
Z7SBKWLIX4,0
8E51USUJ6O,0
4PREMFYBEJ,0
YOV39UPQ7X,0
6QA4NOILRQ,1
4ZVW8R01UZ,0
BBBDLJTRD1,0
VKW5MDAWCR,0
CPJECB1X3S,0
75ZE42Y89G,0
EN6I9QWL8F,0
6Y30AAU9LD,0
JP375MXFTY,0
C9WYCBGWV0,0
TWEHWDDIAG,0
39GZ5FA496,0
8GZB3DTNAD,0
QEUEU8AXBU,0
C9RYIVEGJV,0
KWJZAH7G7C,0
WOZ81G1NDX,0
9FOLDNERF8,0
C54NS6ZXDZ,0
AQH1P0RK7Q,0
PAC6UZ1Z9L,0
S1BPDQTFGH,0
DTJLEGF6BM,0
TY6VRR9UG3,0
BM2RFTDEV8,0
P7SR5F157L,0
SMLZUUAS7D,0
XU6PJ5HVZP,0
9MRGXRD4T1,0
3T928TFH9X,0
E3D123WTX4,0
URK9P0GLTT,0
BSYX1QDZXS,1
NIWG87FXVK,0
C2M2RJA6QC,0
4APRDNOLEZ,0
UCX8B63ZLH,0
VCIVNH22N8,1
BC0BCUDHG2,0
T99ZAHE58B,0
KWC0TUS3TU,0
E9W0KK6RX0,0
XVDPFWBKNA,0
FNQOM64F3W,0
SDNV2LDX99,0
T47SKIGXB3,0
W32QA6Q4SA,0
XN3O9X418C,0
QNRI3NNPS7,0
UXBJW8NGI8,0
PAWB9ZLH3N,0
F3TPZ1FZW6,0
PNLI9ZSYUZ,0
FA8KINGKR5,0
BYRM22HR2Z,0
G8BK4LALWX,0
TA36TPN9X5,0
WA7DVR5CPW,0
CWW9ZFL09R,0
W2UXVN2Q4Y,0
SCOHJSWN76,0
TQA9KPRI4M,1
VRJGAPERD2,0
VCYR2TR9EE,0
PWHPYY18JQ,0
735SUYAV1C,0
FA2KD1T5OA,0
GJZLBG65DU,0
CWFS7O6Q6Z,0
SK7W299HQL,0
DNUB036W8Q,0
0NR4OFH2IF,0
CZZO853Y27,0
YI87EXDPD7,0
5TH66QNZ2S,0
S26ZN35S7S,0
PH4UW5TVL8,0
NIN4OYNF7V,0
ZOSOHDGNK4,0
MASUC1KDGJ,0
KG15Y15VT0,0
8JTGRR37TU,0
7SN11OFOT5,0
TW8EOGM32G,0
WSDDAMVBC8,0
GG6QTL7C01,0
5HAIOV24W3,0
O4FMKUVOVW,0
7EM689SHUX,0
XAR4LUQHZ7,0
IN93VJ971A,0
GTJ6FBZP7Q,0
IUCF6ZE7EL,0
MYIZMCW1ZL,0
G9ZGFFPV3M,0
Y7AUIC58FX,0
4S97RZABUG,0
LHTKTIXRTO,0
BZAOJ6SM72,0
YH0G5JTDYW,0
YPCBCERNDS,0
PZXV7FDREY,0
PXA7LM601D,0
P6MYUSUB6Q,1
NMHW1WMIUL,0
AI2DXL8JSJ,0
Y7FSCPIBHF,0
92PVYC5F3T,0
JV4LYKVBD3,0
VYJJ961DR2,0
VYUUS1AMCF,0
DWODCWY26I,0
9AJPOCNMMB,0
5T67TXG1LZ,0
IGJASCWV9I,0
FYRCZLQJOE,0
TR6Q8XFB6Z,0
E9RW7N1LIC,0
PBQO9E6L9D,0
0YVH444OB0,0
12VQLAX3DG,0
57WRAMJLBW,0
BJFHAA85YW,0
ODXV6KK9BV,0
UILXTHUR2U,0
L908OZDD8Z,0
C0KWCNCZYC,0
5MW3F74KA4,0
ULHERF5TW0,0
W4UM7B58CL,1
RPP1I2IEBJ,0
L4RXVC9KFX,0
7GYRCVC7AH,0
KT4W6R3785,0
QX4PPKPAYQ,0
2F2GN9LOQU,0
5VFUG3NO1J,0
Z81CKW8NOQ,0
ZALJDRP365,0
K51FW75A7C,0
KPTL7PKE84,0
6B47WLE36A,0
81OSMJ6VPZ,0
F2OFF3QAKX,0
L6P06YRQYV,0
P1AFWKVO3Q,0
G33A0L234I,0
J61GHR0X8H,0
OPPABWVR0E,0
KSVS117TL7,0
AZG8CX0T3B,0
OUOQC7S1YB,0
GZE3KBD51B,0
OOXNRR5WI1,0
OX9RRDO444,0
BWUA2OXYMZ,0
DLWBWN28DI,0
KRKL4U20VM,0
2ZWM8SS6PD,0
9IHPP8IC54,0
QXNRT2KJR9,1
PG82U8NYPE,0
9WZ1AF1TRP,0
RMNJZF380Y,0
VS42JCW6B7,0
IRGKPRBWZE,0
XHE5RXC2SA,0
FF6H2LS7RT,0
5L4FUB7BWC,0
4AIWE69VN3,0
KVFEFKZT02,0
I2ER3BU3B1,1
7SCV00HPJA,0
G1N0FUIMCJ,0
COYC6G3LLO,1
NNX7Q36SU1,0
V9RNJNT0O9,0
K8TW8M3W8P,0
KZLOABGNGQ,1
OPWDTLMWOD,0
QOISZQ4A67,0
XFM6KZXHD8,0
04HX88YYXM,0
H6UIUYSSBF,0
HT9U2ZK6KE,0
KH9D8GRGUT,0
402V7O9PBK,0
ERU88EK628,0
1LY5CCGK1V,0
5DP52IQJ6H,0
QDEVWET1T2,0
1XIBE6NT61,0
KJ9S3DBVR7,0
V18ZJLDGOR,0
ITX7H9IZAU,0
E8E8TN5S2N,0
CZJDWY9R3N,0
MWI3TJSX7R,0
7F7ISWXCTO,0
90ZR2JMFMK,0
O2OYLIIH83,0
XRR512JZXG,0
LPFS18IBXI,0
FOH1VCAM5P,0
7IAGWGMJQ4,0
0GG0SPPQXE,0
5M2221TBH3,0
74IX7P5G6B,0
OE6JA6PML1,0
SGPSHD1B9Z,0
O7MEZ9GO4V,0
IMPR51PSV2,0
DCBJ9WBXF5,0
2OLPL7BQJ2,0
ZNB09ERPGP,0
7NWX15OATY,0
2IZCABXXYF,0
19Z64AZ6R3,1
ACSEIFVV1W,0
BA7ON6V3X7,0
YJVAMR4Z86,0
3HRQIUHDE2,0
IMQO8C8K57,0
RB882ZF5JC,0
KBPI67Y4SB,0
D19MZEB5NQ,0
MIKW44JYTM,0
TH9OVIN5LI,0
XFLX2XV8Q2,0
8C2VTGXLU3,0
DK2R0NG8J2,0
FO3OL99OU1,0
OYBG78LW2D,0
XLXXBCBCO1,0
G0W5DI45WV,0
LUIYW6GQMU,0
ZJALATRXZN,0
41XZ0OSJI6,0
NAOKRKBEWP,0
G42M95GMD4,0
JE2JBD32QL,0
B4NVG4NBQ1,0
D56043RK57,0
JSPH3U2VBM,0
GU9WR2EFBH,0
6A6KHWPIUK,0
UL0NERJH9B,0
0V9YIYII7H,0
YS9P4J7KIB,0
C8AN80AO64,0
UTFU6CBDWH,0
7FAL5MTV83,0
BJG4QYR3Y7,0
5CRAANTZWE,0
9563FB0CGK,0
3H9LOM24VD,0
BA8M9AHEMZ,1
RMVHQ9BEVC,0
EH3OONA0E7,0
EP62KLZ5TY,0
X5869N1X4H,0
NNAFJ2UZ6R,0
KOU0OU3PDC,0
VYECBX9J5D,0
1YMTKKGHX1,0
95CPYCAU31,0
HJJIL9C5AR,0
XON49C2BWB,0
O9DNG9M37I,0
1W7XP7MX8H,0
6TRWYIOBV1,0
L1I186UATF,0
TCR3SRPOCO,0
HB2KR1TF30,0
K1G8B9YTFH,0
X6QKOI7VSF,0
C391L64NXS,0
26MC1QPB6J,0
Y7DQEHZXGI,0
1V9WOF07VR,0
AKLYU8HMBG,0
PBQOGB9J5Y,0
APEQH1E0V7,0
TCE5R1DV5F,0
COGKCAS0P3,0
KPBY8FHHKN,0
H1WEULN82K,0
934JIR58R2,0
GZ3NFGWRX6,0
AEM7FPRMPG,0
E2T47IN7S2,0
STNJLDJVIO,0
DMIG6XI5YC,0
EJOV8CV6LE,0
GVKSH7DL28,0
IYSFZH6S9W,0
EY1R875JQ6,0
NN53EHI5QD,0
OJPJMS0IKO,0
7TW2LKTS53,0
FYSECL0974,0
S8DPGMF17K,0
YOAOHKIH6C,0
EC6C4X3J0A,0
5HS0FKK6RK,0
DHTQZ1YYPM,0
YVSO9SOCTK,0
DNDFKXZXHM,0
25FKTXF3DD,0
GH7Y79YW2J,1
AJJ2NO3L7T,0
B98VFHOKTC,0
B96XOZBJJO,0
XTFSV9PC2Q,0
JD7FJGE1DI,0
75MYA9CPQE,0
F48KSI00I0,0
6M3T0FYC0F,1
HBOYBHO9X6,0
462CE0CMFL,0
DD03UPMHHK,0
L53WMBCZQK,0
0N679L78H2,0
C8J4LFHTRV,0
3UL75KRGBK,0
25NOK1MV4B,0
VJPTWKKHFS,0
QSQKKAXZLX,0
DO1YDY4STS,0
G6SPWE3ERR,0
JCOHUQNGO4,0
1W0UD5BI7D,0
1FLYFJCTL2,0
ZNPPW580OQ,1
K23H0BRUJ2,0
TEK0GK07RG,0
GRVI6N4CTA,0
2FADMB5M51,0
8A2GSYEH5J,0
I4IF8D9F0N,0
ZT7TVK293N,0
ZHOOOSJ7GY,0
ZN83YR7YIF,0
XDGD498HNL,0
7XPTUHN0JV,0
7481FEICN2,0
VWDQSSX10N,0
YBX8QFIWA1,0
UX0A5L88V1,0
VYUCB0OE5J,0
8KF4NF2L7E,0
YCID3N1SOR,0
XN3XNHK564,0
41BP34ZCEI,0
4ADU9I7PMB,0
ZJ4PPYXQSD,0
9HAYR8DYMX,0
PB7O4UW2F2,0
Y62AFFDJHN,0
Y9CQP80TRM,0
I1BO6WCUO8,0
XHTAFX3CCV,0
9XECSFKFS7,0
WPFOHCR8FF,0
K0P0G6EHF3,0
U3K805VT61,0
KOD7MGZAK8,0
0HDWJ7WMLZ,0
GZ2HP9WTXP,0
YZ9LWXWYG0,0
AEPFTUE2VC,0
K340FHP6C7,0
05Y1WWLI0G,0
0CPRCLIRPM,0
3G012BVKJV,0
XB2IISWTJ0,0
FRPXH2O55T,0
FUEY4LZQOF,1
BXC16EP7MS,0
JBOHB3XT6P,0
8CUNGILIRU,0
TN8A8APFW5,0
XUMN6REXPU,0
XSGJWQPPHN,0
Z4RXU88CNC,0
2J6JMUSETZ,0
LECT7J12YT,0
H1Z4WVHR6I,0
YPUWEBGGWB,0
36PQ9SST0Q,0
13CHS49SBA,0
PC3T32LTZZ,0
4NAKWPA2LJ,1
KC1QRVB76I,0
49FC3WJ3MO,0
DSJ92PNYYC,0
Q53QXDDDAW,0
1HI9MHDTGI,0
NMGPADUME1,0
76CNVIOK7W,0
AXYW9K6QWA,0
NCTGLGE165,0
TUSBP12B1M,0
AJMX70O8V5,0
SDI25KWH2V,0
Z5JMJICFL6,0
31YA5TMQV6,0
Q2IQ1AAXBJ,0
XB8PTLKVBT,0
RSO2LCLRG8,0
ZF8HCABBSL,0
NUYDPI2UKU,0
BJN03E1VGP,0
DFA3XV3LCI,0
M9KQJ0EQL0,0
T72UD4OSRQ,0
X3HT2LKIIO,0
V8EM8ASNQU,0
RIM0DB08VO,0
5UGBWR6NIC,0
HWCFFYS07L,0
6N1W7SNAL7,0
8ENMXL27QI,0
E4659ST5PP,0
6UXMUXW3YC,0
Y4B1HBK97A,0
866SRUK4LF,0
0S8100GIXU,0
XDT2MEJ7GV,0
2UEL28EI4A,0
CEI4AAGA4G,0
UNP3R6DBKS,0
JIE9H0JEWK,0
9QVURPL980,0
TDZCGAH2VO,0
A59MTVVARI,0
BPZXGHYSA1,0
BLKDQLLETE,0
ERLE8KXIOH,0
ZF23XJ1CB1,0
HK6JTYPO8C,1
G8D7209XDJ,0
8IQG2PRB4P,0
X4BPPH362R,0
1WYJD14RUJ,1
A8EQBL3C51,0
7RP40WUSSH,0
4OPVX8EZ2C,1
SUUHQCRK3Y,0
8VFS9CPPJQ,0
D91MYBYIHX,0
YVY000FLPV,0
RY4WN2H49X,0
C95SZGL3IT,0
3YI8N6IGFK,0
NN6F5BKYUB,0
RC9ENP8LEM,0
V9V3Y49K0U,1
RVB2OYAL9D,0
FUH8G37LUT,0
NNP2VIA6PO,0
VVIKANHFHE,0
HZZ3RLCGNE,0
30RO5JTEYZ,0
IFKOM8XUXF,0
OVARB3AYSF,0
7SYWNT3YXA,0
GLLWW94TE0,0
OQGVPK8ZS8,0
TLPRSQWDQ6,0
GOHL26XHWD,0
3NOOCUFIBZ,0
CPSVZVEO8B,0
5W1PL4Q600,0
G5YG8VSUR5,0
J8XDXO5YR4,0
86MIQ7NK62,0
FYFTHQJYEC,0
7CE80B9DDC,0
1CSZ3HHFD0,0
P8EOTSE2BH,0
D41ZTCK09Y,0
PC163APO98,0
P092IMPOH5,0
VOB1VLCH8X,0
HY99CYHX2S,0
IKSW7EHOPP,0
KIH3FAOLCF,1
18K0YPXHZA,0
10C4DC168U,0
YAJ7W6U6HD,0
JXJWSHMP5V,0
8Y7HNSEXLA,0
IQBTGQDK33,0
19LZ1EQZSF,1
XBMZ256HZE,0
ENFRXRC0TU,0
DM81VH741X,0
EVIGHHJJ60,0
QX7VVPGAK8,0
Q6XDJ6HRZU,0
ARX2CLARKU,0
NGKQA59SY5,0
FUDIOXPV5O,0
U9FHZG7QEK,0
6NXQFM8DK5,0
90AJ3C0ME8,0
7ODTJHH24L,1
KP2OYLSQD1,0
3TY7O24HN6,0
M9IGO8QLW0,0
96F4V3NSRI,0
IYLCMI40HP,0
6LSWWDHYJE,0
OUJFIOQ5RE,0
E6DPWVDY42,0
Z5280WQSSS,0
H2W1GMSCYY,0
87DNU929X9,0
QWFEFNBOBL,0
5FXK48ISEU,0
DBX61JIV0X,0
Z19MCGAKWH,0
01M7U6YXAF,0
90CP1Z3IEU,0
IJKEL5WJKT,0
DTGTZH7IJ1,0
MQADNV5OCR,0
S0ET15IC5F,0
ZTXL5W760I,0
6NDRR11WAZ,0
ZBKQ5J6GHU,0
7FJLXQP76W,0
OENLT32XEM,0
UFU8YM2Q8M,0
6V3GDYKP2A,0
JTX3C52E7K,0
B2WCCMM19Q,0
SUZWAU66G8,0
ZFLY3W1C9A,0
G5PU9JM0TP,0
ZILQHQ38EQ,1
G5N4O2S9TA,0
F24D4TBPND,0
SYUFFBL03Y,0
U4OGE1U7SU,0
L1K63P13KL,0
ZA3JLJBJXM,0
9O8EUKK8BR,0
HP6ZCAERDW,0
GPP695ECZC,0
ZALEZBNFLO,0
ABKZBMLCYS,0
YU4ZRP7QXH,1
8TNJWOK3BX,0
TJXD9GGNN7,0
RXXCM44W4S,0
ZHUAXWCEQ5,0
G53PKIXO3O,1
R642DLTO7J,0
YXJVSFQ3XJ,0
4B382BV601,0
INBD3OH9G0,0
ME175XB899,0
V0PZYT6X0R,0
TGG96Q6KO6,0
I80YTZ03AZ,0
EQQUKCXYIQ,0
QNH9GPPDSQ,0
KEOFX4G365,0
105T4ZOFY3,0
IYCIVH2LGD,0
BI6L42GB18,0
82FAE0VKAM,0
J50UZ86GWG,0
UZY5HY5W6T,0
CCB8X81PT8,0
1JBT36RFC6,0
SJCNM2HWMR,0
EAS8JNQ4BL,0
TMPK33V1NF,0
KFZOUBJ1OL,0
WVFX5B8I62,0
0MPRNLPJ07,0
KOJE8Q1H9O,0
6LOX1GO53X,0
GGWOUSWZZU,0
STHKBDDH42,0
GVTL8TWO5I,0
8R6KD1A9ZB,0
7UM24OHF3I,0
NVH0SD7VNT,0
GAWV4W2I1I,0
UZYW0GDRF5,0
LJ1WTBMQBU,0
J66LYB54G2,0
PRYXXSB1HB,0
B2457CRVHW,0
TPAPZI54MI,0
M49CR240UW,0
8C1A09ZV12,0
ULW9ZZKKFP,0
N54K4ZFB0I,0
QRBZL78DUB,0
G57NZXFUXB,0
IPZWJ90FUO,0
1673YAGD16,0
GRE3WCYKHT,0
FG7OMKETNO,0
NK69E3GQMW,0
DI6MQQJFWA,0
YXDXE1SHVQ,0
P6PAOO9FJK,0
FAB4XN8TJN,0
2JVKE0MME8,0
8F8PFBYUC1,1
IEHY5T8RB2,0
VWNW360604,0
1Y45BVGVEY,0
9B69NC3MCI,0
A16ZC3B4NF,0
YECTF2UB6L,0
PGZ5AB9EFV,0
RAPL0LLAFU,0
QHOP7SXFAX,0
RE9CRP0Z5B,0
C172SC7QF0,0
6LFFJOWILA,0
6XF9NUXG5Q,0
BRKU2D4KFM,0
4JDWJRZYD5,0
I5R6T3IYSL,0
7DDX7OS0Y5,0
8VRB9WBXRI,0
83TD0PD18V,0
BT79TCZLMW,1
KPZBO7TTC2,0
3K3JIYQNAF,0
9JGARPIPEZ,0
GKJADZF653,0
CNOJ8PB1PF,0
PMVRSMTDCU,0
72DIVGM4PV,1
SUI2Z6KUN5,0
LDHOQD7INN,0
3TY8OPZEPT,0
NMH0LU8UGB,1
7EZNYE3UX4,0
6ZFFFX6UKI,0
3Z53E8LLEF,0
7ZWLJ4ZQT6,0
LJP1BBCSS5,0
1NC7RVIU17,0
NLUUDMT8AD,0
C9LS3YVKBU,0
CFKSYHVS5P,0
IKGTJ84YVL,0
IO6YLYTDZ3,0
O6SOX20ZXP,0
2W288A37NM,0
9AUUDL5C8O,0
DHJQU9YNSW,0
T96HPE4NTP,0
CNUO491XC4,0
1RDACRFXCV,0
LSOT380TUV,1
OOIK6JLOU8,0
46CS3UGZZK,0
FW1YDXBE2S,0
X2RDI4OGMI,0
7TRHTVB6RJ,0
6B6RKC9S60,0
C9PU98HPG9,1
8P970387X5,0
FPNN6HXEHP,0
LPPCY2RMMT,0
APQRDIRQVB,0
APVATPB2PH,0
SB3ILKOROR,0
EFE1MDJFFZ,0
J7WFP0ABZW,0
OE0LYDXY13,0
P4CXOBPGGE,1
IPNTYYXZPM,0
G8LGSWPV93,0
I3IHHUBF84,0
41P02C2WU3,0
RGDBSS9G5J,0
11C1QY6VZT,0
YJRK11E0XS,0
RI1K1XG79S,0
A8ZAMLQQYH,0
NJ805ZPENG,0
N0KIFZKXMZ,0
3OCCE2BQRT,0
GVEAI1RTJU,0
DAXF6X0WVI,0
ASD6QXOSAV,0
ISKF4L8MK8,0
TXL0ZVZ7O7,0
UDGZ74FTA2,0
6K2A1314X6,0
QI8KO45II5,0
LA4ILJ9WE4,0
010ZTMHN4M,1
63QLQYI6Y3,0
VC0B8RP1B8,0
TN2KX0J81X,1
7AXHFUUKOJ,0
KBC9DKLHVH,0
IPYPJILGW1,0
L1KD937L6X,0
CCBXMG2MS4,0
7RM2N25TZ7,0
F70X9WOREQ,0
2HMWOYTL40,0
KOADMLWKY4,0
6QE8A7NE3S,0
36LM8CM92M,0
A18T7GEX4R,0
DQVYSNK3DV,0
R0CZ5IP7M3,0
E9TO1IBM3I,0
FV2L6GMT84,0
6WCS1N3SBF,0
3UE2H1EOWZ,0
VC0UTH1HT8,0
332G3UT8UQ,0
VJWF61X2N3,0
IEYCBH620P,0
QJZGE51CPY,0
PKKAGAX2R7,0
H9FQOJ39KM,1
5JOY1Q78BV,0
7BPBITQV8J,0
KBSQR2AHBX,0
70KIZX3YLG,0
VVS7F321BH,0
8XE5U50PQY,0
92PL6F9UR6,0
X9RAU6B42Y,0
71W8FVWC22,0
NCHEQ4HMQQ,0
VUH56KXDBP,0
RWSQBK3JMZ,0
XLH3U7W3IJ,0
GRIWB2Q1W1,0
TB702A7YRK,0
EFWQVB59EN,0
CX7MYXFJ71,0
EDZ7C2DZZB,0
ZTRW2023UQ,0
ZVYL3OZKBL,0
0BU582V65Q,0
3QFIUR7AEW,1
K8I5BI0T1E,0
KKRXB2I8D1,0
KO94JVHOWP,0
GE3ZNT31S2,0
OZMM11734W,0
PEDV0TQDDJ,0
CMDRB0MS5H,0
AEKSRL7KF8,0
RH4J1K9EDQ,0
12GTZWEG3K,0
I6L3NZP3FW,0
WKSVNNYRJI,0
Q9ZU17QMDJ,0
Y0S6KC146M,0
0LHKEE9J2L,0
YDYTDXBFAS,0
VHAACTAIKF,0
IG3VRTGJKN,0
ZN6CVLE9RK,0
T74XBNUEUC,0
O3CD5OAD2N,0
B7XLI5Q5BT,0
W4KLG4MVD4,0
I2XWZHK7D1,0
KPJ0CM5IT9,1
HMQ1M5O44X,0
Q3H72XTGMH,0
UI8IHPLFDC,0
G6MR0S5EGS,0
IQEEPMW51X,0
ZLDTCKB5EZ,0
ZAFC0S7EEY,0
NV0TEF29YW,0
E2ICCLJXBB,0
M9ZK2PFLY5,0
O2HSERGZ9P,0
4W875N9RSP,0
LJPQ42RP8W,0
K9Y2HZW8ZR,0
VCO9RG5JDN,0
BE4S14R63K,0
ZVQCSY7J4Q,0
A1UDY5LO8I,0
7OKXE2W9VR,0
AP0ENC8R0X,0
J6AR6X87QM,0
QJ1RMXTVZR,1
8RT1RMZ88Y,0
H80ZCMKLQE,0
86KFX7Z408,0
CBJQNJIQSI,0
5XNY67470O,0
JDEPJIW3F3,0
L70BEJGI79,0
GOCMQITCPT,1
58VGIE33KU,0
EIYBP0GYVS,0
F38WY1V6VR,0
CRIRT28HZ9,0
6O81E0FWVO,0
SNYT8UQWIA,0
T1OJ10TUJ7,0
NM8093HY5N,0
A8PEQ35AQI,0
YQXD8Q9KQH,0
YC8FL0T3LZ,0
IJF3FYT3OC,0
KXWJK7SNYF,0
MJWQ3LZEPU,0
SA1KOWCEJ2,0
A4TAAGU8AU,0
8WWJUE2EPI,1
5KUIO77PJD,0
L93B8Z4HWU,0
YLXJ28ACXX,0
SY66ODW0C3,1
6KYIVJOTDP,0
VNXHT2CIEK,0
U22PM2WUAH,0
T9RMECHWKQ,0
7W26GHZGD5,0
12HZCOMJM6,0
E2CM5481XK,1
OIOII74ZSX,0
6WFNWH1FK3,0
7C1PFM07Y2,0
LD3QTXLRUQ,0
R8GFIJMOQW,0
6CRAYJ0FCW,0
5WG1QXRQQ7,0
XSVL70NBVH,0
SCCW0GPBIT,0
IRLTWC51JV,0
JLULXKFEUY,0
Y6872FAVRT,0
RRLHALNW5F,0
JYYEDO3GR0,1
S21L7DAG9W,0
NH886MKB09,0
R87H0GK08K,0
7OTZD5Q4DA,0
DNLP6VWKSQ,1
FV8G3YL4AY,0
1H1NKFYOTC,0
9JY62U8RG5,0
M1PRQ4G7VL,0
N6B06NGMYO,0
EU1IZ3HDY6,0
E7JG3AVTIC,0
XZ6YWTL3W1,0
L4O2D9K1FZ,0
MUU8DXE0SG,0
R2TECOH52Q,0
B8R60CDHYN,1
FK1DXSL6XA,0
229W038TWI,0
M9NL12M9C9,0
KN8BRLYVDN,0
01WZCMQITK,0
8AD9EE5OVH,0
OP6B3WSH8A,0
V4N3W4UAPF,0
0YXYDOZ5OS,1
61Q71JX751,0
KVO87TKVBN,0
TUJUUNPFGD,1
MMBMPFAOE8,0
5X72KNKMAM,0
O5UC98Y0R4,1
FSUJTX5TJ3,0
ROCD67FFXE,0
TS0V7H4BZQ,0
RQEBBTI8FZ,0
HJFYY8LUZ4,0
6USMTWY5RD,0
P0FMSUFJCE,0
3NR73ZHLXM,0
4O8FVV8MFT,0
UUJA1P1S0S,0
DMKCSS544E,0
YMDH890WUD,0
XV5QFMDAH3,0
C54887BIBQ,0
GLFSBCZF5S,0
PL8QF1TMLH,0
3I4EPPPLDP,0
B23ASUORWN,0
ZE9QNSDNSP,0
4B62C8TSCX,0
WH41X1T30B,0
OF45Q4KJMQ,0
BUIGWMEI76,0
86AW09AN63,0
4NHFKVIUFG,0
I12H0GG1L1,1
UYENTY1WKJ,0
UI3B1AHAF3,0
74KG1BEVK4,0
JW55VF4BGQ,0
PXTR41FKVM,0
3E5J0J1DOW,0
AWLM8NXSA2,0
MRQYJDOGHF,0
CQ2P0KI8TJ,0
EAZHD3MKJI,0
W8OO2QB4RW,0
MNVFIMLH0M,0
GNG9DH5KV3,0
1EYOH8BWOJ,1
VEU03AIUQW,0
9DORB7M7HJ,0
TV13EGFFLI,0
VBNPD604PN,0
2JRW1KYJHB,0
5WXFY0DTIB,0
FAFN9R1WA7,0
Q3I7BI2FFA,0
RZN019Q3JL,0
4ZRXQNLENA,0
UNLVM8X231,0
9YJ3U4HU8R,0
OL2IXUOCAL,0
WE36FHL738,0
FQH7MDXH7G,0
JVPFQAQB20,0
U37WJM16AI,0
JEYBYRDT2B,0
FNLW24XYIN,0
ASIK0DN4MD,0
JRYZSU1U32,1
EZJ263PR4B,0
G4E4UBNS48,0
KN9R07WCSJ,0
ZHR67OVXO5,0
UNQ8B4Y586,0
I0O3WWFMX2,0
9L96YEG6RD,0
OE2V1KDPB7,1
K3SAP3L051,0
VB9C4XXO9K,0
W61H219UDU,0
92P5K96HJR,0
FAU68BOLJW,0
0J9XL3AGRD,0
UDRR0YJ0QI,0
WLP44LC3JX,0
5K4I7WRCVE,0
IVFUJYJ8HO,0
S3HR2DTS48,0
KCCDSP1HU7,0
B7PB3O25F5,0
FISW42XJWP,1
949RAYB3ZH,0
46HDGCO14K,0
PCNULVOL3X,0
H2U3MSPIL4,0
20YJKQ7CNA,0
FY4HGTU3A1,0
8ZRNQNAN9F,0
XRH6QNCQC4,0
YABZ6W95X8,0
SS0DPNM0A8,0
S8J528R5SS,0
GT5DO83KHO,0
Y9XUYHNGJG,0
AQ56852NEY,0
LX7T1XUSW6,0
S0BQZY6FDE,0
WUJZIPN82C,0
UX4LNOE2SB,0
GD655UL09J,0
ERO437GF2W,0
C4YSP5L0X1,0
R19S5O0ADQ,0
NHVNKWV8D4,0
IMS1U4LQQR,0
5X8NHWWV2I,0
3KJUQXIV66,0
4TGLC3B1DJ,0
MLRFZ015BB,0
12AICW65ZT,0
2HXU0YBCMW,0
9OPC1FQDNZ,0
4U75R3T93A,0
VZHMG807B4,0
AHHZMPUIFP,0
QL97F3PFD1,0
7UEHSSOZOC,0
7P4RZEJZB8,0
3G1UGL8YQ6,0
T3R5FHAENR,0
2I6SHWW7P1,0
JOBUY884HG,0
P6BHZME0HE,0
NX67VSBQO1,1
VM168Y9VV8,0
DCOMP7MAZO,0
9XVVOC6XDB,0
75LBS6410O,0
807RQ8K1LE,0
IU9M2WE28A,0
JDWZTBO4Z9,0
W0JN7QCWXH,0
4F40I0G5M2,0
UNR6WZTSL5,0
3K0MYFZACC,0
7PJWRNCUWZ,0
ZLF5QM3JN4,0
0XB6DGFHLO,0
2MPTRLBE1L,0
1S0IRYQTTX,0
AD1WJG5NUA,1
PGBJF3OT6M,0
BHM7BVDL36,0
DQHJ2GHLI9,0
X0XU6BAK6G,0
QTL2LRKFH1,0
1VKIS0YSFK,0
HXX2A0D4I7,0
NSBRP0ZQ02,0
BHO0PRJKOA,1
V9P9NF9CXK,0
JJHQ65CKKE,0
3TR3S7X9HX,0
I2WQQ4Z4ZA,0
XX318R6PCH,0
GC5HJ2QTZQ,0
9QTXR9N0JU,0
KNJ4QPVNDX,0
3QUOR5C11F,0
8BNG31Q3OT,0
E0KBNQ33WV,0
PHO9VW8IC3,0
JLN74QO5OI,0
TU1PR4DUXE,0
8NQ5N4VL5S,0
WK8Q54AJF9,0
23O0I691M2,0
J501EFW2NU,0
V1IGM7P22R,0
H8OE9GZS19,0
1WIF2U0C1G,0
AU8USHZS56,1
FLPKETTCVD,0
HBP2AD9IW0,0
8RNZ94MCKC,0
0O4GDAWY8T,0
860S1AI137,0
YPE2MK874N,0
VYB5VJ7O6C,0
MB1D5SGV2Q,0
TYTIA36V3F,0
1CY7S3CGZF,0
QADFTL975B,0
NPMPVUO8QT,0
CBINEUQXC6,0
RA1K1IGU8W,0
Z6OCBDV8JD,0
MVRHK0MHEM,0
VXJRFHJ60P,0
WEMRC5PBLB,0
ESX168FOVC,0
VU38S30RRD,0
ZSYQRXF5F4,0
ONVGZRZSZ5,0
73G8G8QZMI,0
P0VSE2NLGB,0
AMNYCX82S3,0
20L9BU4QPR,0
DQ96EQA0QA,0
RPBMPZQZOW,0
A9TULFEZW7,0
0GN5UYC0O0,0
WE11TQZHQL,0
LUEJC4K5M2,0
7LVTRTSOAO,0
21XG7CHGO1,0
38JQJ40AVU,0
XAQKH11ZBE,0
8FNUJUYG2L,0
RJ5X472DDP,0
W8OR3ESPSR,0
V25II2733X,0
TX4C73KF9W,0
31C3JL2EY8,0
6X3I85VW42,0
WXF7O8HHZI,0
F8MOBY3L3C,0
9HKFF7ETDS,0
DNVKCAF6JZ,1
PPEJFF25FP,0
4254144BNI,0
OO50LKSLYF,0
ZXQSF4IGF3,0
9ALIOBD7W0,0
O6ZDCEQAIP,0
2JN6PM4ET7,0
28GBEFWE3C,0
OZPAM6QX1M,0
1UJOLXVBLZ,0
48VDT2UG53,0
MPPBX6WV2N,0
RT2SJ4GGRB,0
LATR6P7IS2,0
6VU63YRPPY,0
1Z5J0R1QDJ,0
Q003QB7U56,0
H7XMEQ68B2,1
1503WJN11U,0
GZYE4U7LVN,0
IMI2QPE5Y2,0
8DOUU4M3EX,0
SF7BRZHJ79,0
3FNK75GXFG,0
3MMWPPX5JZ,0
FH39F6C3P5,0
B805DHEO3O,0
ELBO36GS4T,0
8XX5JMPKTM,0
H8I6UP33E0,0
L46OAXD8VI,0
2QO5K1QYMO,0
1TWZOK4AQT,0
JK9Y4MS11I,0
8K27BYUVIC,0
DEINGDDPJF,0
MNS3QJDLDW,0
2FKW0SBBH5,0
8ZV68B622W,0
LQYW2M58EB,0
LOWMRBWF3O,0
MLIC6WHVKN,0
8UPRUGG5C5,0
7MY5UOQ6TY,0
AHWPB5LJVO,0
UFA6A7860N,0
XTDYPLVWJD,0
1A0PYOBEQA,0
28X3E1HRMK,0
2BUUO27GZH,0
JO3E5K2JVB,1
8SNG88ZINJ,0
AEBHJED742,1
1MICDG5JJH,1
RSDGYAM8Q5,0
HB41TAKQKZ,0
8ZD6ZH43PQ,0
UZV2XBQH2V,0
7CQSCVVX3Z,0
IQ76XSIHLC,1
O1LPSPIIO1,0
FR25ONBTJ6,0
AU7NJ19T5T,0
X3ADF58IDC,0
M23C8O8F3K,0
KMRKO9MSVJ,0
1V87LS9O6Y,0
5S61COH3AD,0
K0UIRQCJBX,0
AOMP40631Y,0
WLAKLFFQL9,0
P5RY05JKTH,0
Q2K2SKBY5W,0
8EH3GAT6SL,0
ZYECTHHF2U,0
CEEXQU2YEM,0
RICTTSCZ58,0
HREAKVVWCM,0
V5IF10XQEV,0
BWCBE04FIQ,0
TIX0E87YRL,0
MTGAIDT9AO,0
H88QU736LT,0
84GOMQ0QFX,0
UWHWZ8VY9T,0
HR7HJN4R7W,0
WZIWF0YF8T,0
MSTIIB4LW4,0
CFE4TVVALS,0
SS80CWM99B,0
5ZT1RBYWRZ,1
L2HM434YD9,0
HL0IJ4RZO8,0
E540PWI3LQ,0
FZCAHMUUO7,0
0DLX9NFCJ9,0
JA3G96CPQY,0
3JU1EDT8ZZ,0
NAHV828TO1,0
LP0YA10WA1,0
M4RHNCJNZQ,0
IKLTUZ2N2K,0
YC1CHOM9T1,0
915D75GTL2,0
SQLJOGU4CG,0
2Z3A960HRS,0
YQLA39479U,0
P5L4PY5YSA,0
3MN4I4YUGQ,0
L0T28ARC0U,0
O0UGVCRQ5H,0
1XKBXW30WE,0
VCE9HM1ESP,0
7BOE5IUCCJ,0
7060Y6VZ3N,0
RWV93B9Y6D,0
OK5NZTSG2Z,0
UOW3AFY4VM,0
CWVFL9LG85,0
4JHJ89532F,0
8JKJL3AKND,0
8UMJFBCVGO,0
9ACUNMIMS4,0
2Y5VDABIJ3,0
KICUK6RF2G,0
EXV4VWTP6P,0
RCYPNHYGD1,0
1Q4ZRDQU5O,0
3J6YBPIZ58,0
Q26AQPIQJ2,0
LTQ2QAK4BQ,0
7F43T257QF,0
T2QZNYK070,0
7HU1CJQTTM,0
T8GRWNKDH6,0
X6UP0Z9V5Q,0
50ZBZI3KOH,0
W5WRS10D71,0
C1UDEBKIDL,0
IFKOYOQBG3,0
YEREZDRERY,0
B0PDUMNX90,0
FAUDJ3ZPME,0
MAT7QIVXTO,0
ZF1H98LS8O,0
L3CSI5EFXG,0
N88MU1X6KP,0
C3VMI7C5HR,0
NFWSL0OE8S,0
2VUXLH2J9E,1
7AZ258G9BO,0
5JYM7NWPV4,0
15NXT9MMVU,0
YPUAALC3CU,0
SZ68JKRJXW,0
ERIVP996S9,0
N42HJPI7S4,0
VO5C59X31I,0
9V7FY6H60G,0
OFY34MCEY2,0
PRJM726VEF,0
ZTYV95EZG0,0
YJLI4MBRCY,0
5ZFG5GJS1I,0
ZZ7H7X0MSL,0
UBAKFOPA6J,0
96VRP2TTXW,0
20VN54VKTG,0
KX46XQ5M4Q,0
MF7Y75TJQ2,0
3A731AO7BZ,0
P7RSYOH04N,1
GVI97KW38P,0
SQ8ZSU228K,0
VCGACZ4SF7,0
XO0WBZ56GJ,0
5OLFR0DA8O,0
RAMMT9TRCG,0
BYJ94XSZK1,0
TT9D42IHR3,0
Z4XRSRACWV,0
FFNXOPVHBS,0
30ZKBKPRQE,0
1U4C7IM302,0
7P1UR5NHK6,0
0EEAJDJUS5,0
5OZFVT87Y4,0
A27MK1ZO64,0
QXF3RF8EAL,0
RSRS4YI4XY,0
HGDXJBFI7Y,0
O1OSX3RLK4,0
MW28KB75T1,0
L0VY2OXWZI,0
3LHBK7Q1NH,0
HV5ORAYFJV,0
FHXTLXBOMU,0
6GZ0MLDW4M,1
7SJJDWZ4HQ,0
KIYUGRMZQ5,0
CI4Q53FUCL,0
LW891SBR22,0
P4DS1012FS,0
II6C0PHQTJ,0
CHQ2O7GEKF,0
KBKY99BAJY,0
TOONRKMNH5,0
W6BNHW4CEJ,0
30SKUK465O,0
9Q52CPVZ2V,0
NVAC83FFIO,0
B64NCJTZKJ,1
ZG3K0CWKUO,0
11OGWOREBY,0
AFSUUNEF7V,0
PJJZPENWCP,0
05VBR4H8GV,0
SJ58YMEYVN,0
X3MZ3M9117,0
XL9QWUJE5I,0
WS3YR1NE6T,0
XLB2ZV4JA5,0
SDHMUT44IA,0
NS68O2LL8O,0
21GEPCJ66Y,1
4UK3XFAL93,0
7JHZMYQJN2,0
I7F6TGET2K,0
XVCYA94BC3,0
PYKAD0K457,0
0M6LWW6864,0
NON95O7T28,0
CN6ORDKSOS,0
9D3E3NKYSP,1
HVO52W7IG7,0
UC9APGAVNT,0
YY6ASLPKTT,0
3S4NKBIOFE,0
0GUKZTN6IA,0
A5MYO2CAIB,0
XHJQ3MLURJ,0
2UXXFNLZXN,0
61SXRZRSTR,0
UE67IPSQP3,0
RBMUFXZOBS,0
Q8HY4NSMER,0
QIVNBY18VH,0
RVF9OJP4J8,0
TFTMBRHLSX,0
KS3F78BV9S,0
UK1SIMRSG0,0
M81IE9N4FN,0
REEJ1MDN5H,0
HIF404CMWS,0
VBJ1TXMM7T,0
RWCMSC3RC8,0
BVMVWAJTEK,0
INX7C85H6S,0
XGKL13WSO9,0
ZL7VVE3MZ2,0
9ZNXCE6ZPR,0
56TXYN3YFZ,0
XZL90EGG53,0
9LTVIBZ7PU,0
ZKFH55BWZD,0
5OR0PJR1H0,1
UV67NYLOQE,0
EP37ZPURV6,0
IEL4C2S83H,0
JXLE3ATBS4,0
8DX42IMYA2,0
NRB6LPABXZ,0
F4PKXLQA7W,0
8A14X4BFNW,0
V5XWDRRC2W,0
Z9180MKU8X,0
BLQFS8SCFL,0
YOCHJ4VWYI,0
UEADI5DCH0,0
ZR5RZM9886,0
9E1N6RD5H0,1
3BNPFCXTWE,0
AYSAV9E3IO,0
1FKW4R9SI3,1
WYKSRM53BE,0
RM8UITYVG1,0
XC036QXHCK,0
J5SJ16IZ5Z,0
0LG2UAB62F,0
3NZTJ6Q6KQ,0
5YAPNQAWP8,0
5WDC6ZGWLO,0
PZMEPHN7NR,0
YSXW2BFYRW,0
WHC9SPSJ07,0
O0SV5L42QE,0
AOTXZZ3EEI,0
FMSCLK5BK3,0
JIRWDEHO2E,0
XFBC7TMOVN,0
F2XP594ANS,0
09V9LLADCL,0
G0W90DYB8F,0
6V3EPHRUWV,0
XTABOXXR87,0
2I9I5POU9K,0
T1L9SY8M4B,0
CSO10JYOFL,0
TI0UEMV0GU,0
EC71HDZAJL,0
CUCGTAYDUY,0
SQW3YJB3U2,0
FLWXDZHGWD,0
J7I1O6URJ5,0
H2Q50VMWLX,0
57BMIFHGB3,0
GK2I4VKL2R,0
J6OT3VV7AQ,0
QKIGPNUT9J,0
3Z7S7IYJ3B,0
E5AOMRH0FM,1
VHYH6XT07K,0
8YS8QH35MX,0
NPQWMP2BXB,1
R5NLP2FIHB,0
1GV4E3A7CZ,0
CVEMAKYAP8,0
TGNTG7PVE3,0
F4I1B5J6QB,0
2F4FHB4EDX,0
TTUP49FAOY,0
0P6KCS7Q2E,0
BHU6LYSIKR,0
6JQHZEDG62,0
WXWNZ4JZK9,0
DN5MS858AX,0
1IJE890FG3,0
HDVFRS1LRC,0
ZC876B3KA3,0
A3TJV11LD6,0
EAJP5NQL21,0
C8X33WFJFL,0
CVAX49JHDW,0
9CJNMAJ4TH,0
B8PJAXPQTL,0
OR6WB01YMO,1
7OSP137T9M,0
011YJ66KWV,0
XGZ6UTSLZP,0
A6NVKI9X4F,0
RXG5OLUU1I,0
WXWVFG25UH,0
7VSWLUASYA,0
OMFG1KJWKP,1
I5TIVQQFIW,0
2G4PN3TUOM,0
V31PW2EIMZ,0
NYZ1RPZB3V,0
U1GIMHV2C4,0
MC49WJU0W4,0
V7ULOG7X3H,1
3I5UZR7U9J,0
0OP0K1AUB0,0
8Z9LT63GZJ,0
S7WPV5ZWUO,0
MKQ4QYU4RX,0
3ZI76Z5I3E,0
T3P62MQYFS,1
GC2IWUUWS9,0
OPWHPTE07Z,0
2Y7HL5KT9U,0
PPYM35D5Q8,0
QWFEMG19GS,0
Q60BBJA9V9,0
7Q996AQS11,0
NB57H3J1LP,0
VKJKJCFNQ1,0
WSNF84S7IW,0
6WNDMJWXLM,0
MWSGOOG9XU,0
20LK7R3IHV,0
Q4K6MHZR4T,0
5H396UASPF,0
U4E8I5ZECI,1
21QC1IHJ1R,0
L8UXV5M1ZS,0
KVK79D4QK1,0
G0XISHQA43,0
110EQZKI3F,0
GO7BT6M9RP,0
GIJ7YA5HX6,0
VQ8GZYWOU5,0
8SKS7YZSDC,0
2E0Z2RJMYN,0
12K63SQLPD,0
R0NJA24VWY,0
QXJ8UQ3IGC,0
ZX89AU6CWA,0
BEYMQ78XKG,0
VZOMXLB7LA,0
8JDJA6KLH5,0
FTDCYKW3GZ,0
5JA87GOG7M,0
Y3JO4AIYUG,0
BI4R1R778B,0
Q2MNW3SCTA,0
41VWE3UUMZ,0
9B1IF6JJMZ,0
KKMNA4J39A,0
CNL72DH4OW,0
KAPPVEA3OB,0
V3PY3GLB8Q,0
X4BYDVWG9B,0
H8NN96P0K3,0
022X1G6P00,0
GRX33M5A5E,0
9CRMD5NNJQ,0
C9UY148GC9,0
UQ1YVBVKCL,0
T0IEP9I9IS,0
0HXANXGVGG,0
90BG6562FZ,0
ADEAMXHYFG,0
EXNPOMCH5G,0
EDDLBH6GQF,0
9ZX690AAR8,0
D8RPW0S2JX,0
0G0BQ7O7N0,0
7YYWBDKMMK,0
V4WIG60K76,0
BVSG3BSENN,0
Y0UVRBG14O,0
F614XLCJZE,0
U5KRE7CLRO,0
YD7V3MM64P,0
9O64OYTZ8W,0
7UJU76TR7F,0
OTUWVHRLHY,0
1XTHURGE5I,0
5K046PD7BQ,0
EMYZHG7LWP,0
AEW76ZHP7O,0
22Z64F38HB,0
QS3LJVDZHE,0
NUTMFIFC2E,0
NKEFBVM0EH,0
CIBUGEB1WF,0
6A33S3TBEV,0
62J5QM08CM,0
6S6RNHDKM5,0
LX1A3XR1KF,0
O7K4Y0Q0HK,0
T7DKUVE5N1,0
PUQK1P4HG3,0
S332M07DR8,0
TGKGK4PRS3,0
4432C7Y2QY,0
2RU14WZKQI,0
FKERIBOPYO,0
0XR6NODWKW,0
173L91ES1S,0
XHPYX4Q0YR,0
TIFGV8PMM9,0
MHEML7X0NJ,0
COGQC60JL8,0
2GPJ3U5H7W,0
0NSB9RBXV9,0
B3DURBTSAU,0
JWBULIOCFF,0
AWDUS3ROLJ,0
UVS4MGOMYA,0
ZFUI0NEUAO,0
5Y3NVMGQNL,0
RPUX70G5AN,0
Q5Y7L5TKBT,0
RNL3M38CEW,0
F4WQ6UQYN6,0
YUGW1TGC91,0
2X7BFCPOP7,0
995I4E1Y3O,0
F97HHU3L9N,0
IVE0PMJZ4U,0
CU8TW9WHTS,0
9OT6C8Y5LP,0
GBZZQM6KQU,0
CF3FUEBJT4,1
2ZZ2P5UV02,0
4ABRO5UHTF,0
6C5VR9M9SX,0
KHV8TN14Q5,0
KKFRIM60U5,0
57LG8A4V86,0
ZPSX9CN61U,0
YZWG9VZQLT,0
MZMWVII352,0
4LD6ZL63KK,0
D2X07KKW20,0
GN495RUR94,0
1IJ03H2ADJ,0
05QFRP80WE,0
89BHV9W7NR,0
W6O4LXKQRK,0
ZFB4RX94NQ,0
J4Z6EJV610,0
N12R3WQBL6,0
90OIM03C45,1
KTWXJX974X,0
TG7VIEVRJ3,0
HK4BEYCMLG,0
2GGZDTR5X9,0
NWABS0X2XY,0
8PJXNBXQV6,1
78ST1LMNK3,0
NXFXALVXKJ,0
1FHVJJCNX7,0
M1L1NKS3LU,0
NNNV0HDATA,0
PP7S5672I0,0
YBIPBNK0FR,0
81FMJPE0QY,0
X0J5I1F3UT,0
UAADOZ6UON,0
4E388AIOS3,0
3SEACS36UY,0
F948VJOYKE,0
9Q9HN88CJ3,0
E4HJBCPKGD,0
GI3HZAM3Q7,0
K3QW01Z09L,0
DKH6UQQ5QS,0
0LCEL4GTLR,0
ZYVZHVE7LY,0
ECTSE2QUF9,0
EM8T9C4B7P,0
PGPVWEWSDE,0
3LU1EBE0E5,0
GZHNAQN5DD,0
SRAANNXZ8M,0
JNYJFPRP8R,0
TLLGDU0MFV,0
BJCR74TX6X,0
PNB1BZ330L,0
WK5ANCP456,1
7RYDD8SVKG,0
EEGQXDTMQ6,0
AHP12K2EOQ,0
XWLQGI7XED,0
Y55GWC6CAQ,0
RI5RBEMQ46,0
HFBG7P1N58,0
ZGP8S65PHH,0
FNX8QWP8EV,0
LUXMFI95Q1,0
B8OYKWJBTD,0
E60BVZJLYL,0
C9IABEHQBF,0
K75KHXI75M,0
BX997YKHE4,0
RY14SZBWUW,1
8RRE415Q7H,0
JN5Y76IG0A,0
IRWY1SPYCL,0
LWZZ2GDOAI,0
HRWXDK9AKU,0
QRQPPHAF67,0
31CNG34H74,0
RKVCZV4VWX,0
MF2MYLOWIK,0
UU8NHKWBBN,1
TG2R4X6AKG,0
VUWR9DGOW7,1
0PEG53MGY6,0
JBBRLRTINW,0
Q584VZ1I0P,0
LCFKOYFVUG,0
GYN62FHHVQ,0
G4M3FBUGNX,0
C7JYB7NMEQ,0
6MCM0TGBVQ,0
3GOPDN4VZZ,0
TPBKBFPE6H,0
Z32TGSNZYJ,0
NEMZTTIC9J,0
ZGLEQZSXJU,0
ZTLUWNMNLV,0
H7Q16UFEIB,1
ALJYQ39L3O,0
TC89RT3J6O,0
RIH3DDX9W2,0
3YT0X18W5Z,0
1AH873M1O9,0
KYE9TNWS0E,0
H1QI24H5K2,0
TKKJ55FMXM,0
2ZKER8EMUO,0
Q41EOXZA7B,0
71D3UY7OCX,0
64FZ0SSN8H,0
3SCT1WRTPE,0
VXD2KTUL0L,1
ZVPXUS81WS,1
8MSGR877GK,0
4CNA7D96GA,0
CZ8A5IH8ZP,0
16EB7VMR6D,0
Y009M5IUUE,0
58ZMMZE6P7,0
JYN16RP2FN,0
4QSK8ISPPI,0
756FN2GV8W,0
5Q23OU3LWC,0
R6KU140RU2,0
TPRUNI01FG,0
RCX2RE57RP,0
70VHL4Z6LP,0
8NYJXJ90ER,1
8ZZ05SCOW3,0
FLKJD53CBV,0
POMLTMXYY6,0
QA9ZVNXON4,0
GFVFDBKQTH,0
HZSZES06J7,1
SQQIICBORV,0
PB4859DA1N,0
T3P8UVLZJS,0
9JAZLSLWBY,0
EC6UEONWSK,1
FU0RLBTM0L,0
CE29BZ3XDA,1
GRWQ0H0SFP,0
ZWKAC08CFU,0
WHDQLPR5BB,0
AIG4ELX7G6,0
1C0OZIBM2E,0
NKGBVXYVKQ,0
R5PTUZMNAH,0
N3H2VX86IW,0
TPDZQAP8X7,0
7EU18SDR0M,0
QIVSBHEYIB,0
LJUXKFGXZ8,0
NXH0EQ38CQ,0
G0LITO2J00,0
5UBS0FBVP4,0
R2ULORGMA3,0
EXTN5NPTUB,0
LUWVG9RQTF,1
M1YNSBUAOX,0
V7AAAJJYN7,0
WLCCT0Y727,0
6RWS10BBJL,0
RVRAYXAJ78,0
D0KBZUGPL7,0
AHWY1V08CN,0
Z048XVP3LO,0
U9WL105YHI,0
4MV7IPSF12,0
WOCWKFOY4Y,0
N2PLX1AV32,0
145JWP0ER6,0
2GU81B5ZNT,0
2BBJJEKOF4,0
4NRAGNXKYV,0
0A3AKU6NUZ,0
PPV7TGSVLE,0
I58MIJN1I1,0
T5FOBMYRNT,0
YCRS5MIXZO,0
WJH21V1Y1P,0
M3XUEWMBKL,0
UL58KK9D10,0
4E51T2QWQ5,0
PSS32T6LB6,0
6VFJ8UZ37I,0
XM0HBW8UJ5,0
JQVUZT1DNF,0
DG0ODFU21U,0
Y93UI4ZDLH,0
2NFFMMCZ59,0
AT9FK0WN48,0
3WRS4HIPZT,0
3ORQ6HXQ5J,0
ZO58DSDI3P,0
SDF65BNRVI,0
QL5IPU2GFQ,0
SKOJ77NU29,0
HS64AEZKRO,1
RLV0IAWMGJ,0
Q0WYA3M0SA,0
3KIWUCVI3T,0
LDHUCK01IL,0
F4IHBARHL8,0
3CDYMXG6VO,0
78YI8V224T,0
B4BIVXFWMD,0
7TYUO4NGO7,0
DEOCR8BMK7,0
KE3P0HZX39,0
4I7WTX5US1,0
XCHE2YIDIE,0
BE01J9H33A,0
0TRJIX0EY9,0
D2A1ILJ04U,0
6I3RRRZR0M,1
97273RPUUO,0
B6PTON6UA9,0
W7IA4FOJ7C,0
UTCV10NILZ,0
1DYW52TJF0,0
VFCSRQK1RI,0
VSFWIH0UXP,0
TZE8WKKB2H,0
MQKG6FM6V2,0
PMUR73244G,0
J1FSKRJ91G,0
U6L96RU7D8,0
L757VA8MUV,0
ADMRGOLF90,0
NYZTTADKLF,0
Z84MUPUACH,0
UZL4ZNV1C5,0
QMGTJOB9L7,0
6FDRRLWBMN,0
TQT9MSUJ0K,0
CWDG0AOEGX,0
VE7HD1XWWI,1
244BESR8E1,0
LWTABVYFH0,0
QKVSVSH5M1,0
5386ZF0C60,0
4IRGS0QM0K,0
VW3799P6Y6,0
JMM8SF0VQM,0
V4WAU2SUHH,0
EQV8HPNDH3,0
7K6WS7LQ09,0
7MIRORW3HF,0
DCIZL7P3BN,0
SAGW4KNNHR,0
V0URX3KQG5,0
17QF0LQWC1,0
GZ64NLPQZJ,1
5XSMTO9YEO,0
ZEBNX8669N,0
YB3EAYQ7VQ,0
J08D9ZNTUW,0
4572MDMKTQ,1
6KM2VH4CD8,0
KHJOW663UW,0
85TQ7J0TZP,0
W90RKCTARJ,0
Q8GZULFTOU,0
2QTRZR2EOU,0
IVPT90T5LC,0
TO8S6D8PWB,0
69178J3FS2,1
1TSCGUPLEX,0
GQZM6MJED4,0
ILLGVW2OB6,0
WMFWOGP13X,0
VT9LW0OUIT,0
5AB9IO3ZJ9,1
R3KLU8IE8F,0
PLHNBOOV0G,0
K40OTR6ADB,0
QXFXX4LR97,0
LNU73JE3Y5,1
5FSZKHQIJT,0
M1QJY6VBZ0,0
FM0N8A6LNS,0
RDZM149E49,0
TBNBGD90CE,0
38LJ1CBF3N,0
OQAWKJLTTZ,0
62HDWO2G5F,0
FVFX2A97AZ,0
BE3BLCJFWC,0
R84E3F6HUT,0
5EC13HUBHU,0
WRDKPIE5MM,1
6OD9EQF3JG,1
T987RXF6TT,0
B4WJICRZ8W,1
UOLRNGN11V,0
GRHH1WN8QV,0
9FYS1CR0B6,0
N3KR0MUKL6,0
LCMI05SNO8,0
4WHLEMG0TP,0
3H3AIEY29G,0
9CGUM506CL,0
LETPLJJFAN,0
AFY99AHDCB,0
9WLDO7WMGO,0
WQK6J0X9DT,0
XAFTCNQLWU,0
8SHARDIPFU,0
2016WH1C5K,0
VVAI4TIE2C,0
SWLZUO788C,0
P9K6K2Q8XC,0
6RNMTPSIPJ,0
FSWVZM9NND,0
DURFXQSW1B,1
OPI1JJQEF8,0
F4MJ62C494,0
E1YNHEA8EK,0
9BZCXAEB8F,0
ACGQ0DTB8A,1
QYDV5KWJN0,0
CF7K52P8S9,0
LFR8I5K6FC,0
IDYKSN1L9A,0
UDEHPD5SM0,0
9C4TVU62LM,1
HPCPTFC5YH,0
7I1ZFDLYGN,0
XKJ8WSJHYG,0
PKEWXTNC2P,0
PX6XOBCBB4,0
USW7GUY8JT,0
GWFNJRATTD,0
I5CQXALTDN,0
MV2PLALRUK,0
EMHRPMUFHT,0
YKHYYHNDSI,0
ZT0JU5F62Z,0
FXY9ICF03X,0
035VHGL1UB,0
4E2Q7YXZSL,0
S5BM5CP9UF,0
TKV4VCWOE7,0
TOZ7V90IKS,0
K4XY4SMOHK,0
DOHTAC125N,0
FK4X4H5K7Y,0
P5RSRBXFV1,0
3SOCO0DL27,0
UBF234G3TW,0
W8QH56Y23P,0
4L899YB4IG,0
SI98UKOC5V,0
RZWDO0TZ83,0
BXW370X5JB,1
JWFP5ALLQQ,0
78LA6AXAGW,0
QXUNWPJ7TL,0
KMIOT0BM68,0
Y11ICV90QM,0
RLOI245KQO,1
AAH8ZJ6Y2Q,0
HZ6MU6FO0L,0
OZE6BJNPMD,0
0J29SFURIN,0
NWSSOZ7OXG,0
XEFUUJGTTR,0
YRJA92WL2N,0
1U01SFJGLF,0
PTVGYT3LSS,0
0DU1E21JHA,0
ZHLA1P6Z9D,0
DX0W76B2WT,0
8W3ECMC32W,0
56Y6MBGTKO,0
SMVCTS7J9T,0
WHS9VNNRKT,0
OH9LA96WP9,0
P34BBCGHDU,0
REAJ3UA022,0
HV4B9E6ZQX,0
1W23DZB5ZS,0
YBY4932LJE,0
Q4H5K4SZ9M,0
XMEMLWS9DM,0
IJN646XLRK,0
P7XN0XECRC,1
1GOCNZLM3Q,0
J83OFOQRMS,0
3YYKW63BDB,0
W55SURLHY5,0
46MCXJJQLW,0
25GP1PFSCJ,0
RS5TADXBLZ,0
2419QSHZ8G,0
3HVC6EBFA0,0
TLNN5PCU6Q,0
F6TUWLLL20,0
LGL3CR7U3J,0
JNB7C58ZB3,0
786R6PLBW6,0
8EK1TOJ0C9,1
8XE0NF9GGE,1
KWAM0JA38Q,0
KZ945XXTBE,0
XBHWSI0CPS,1
LT9O959F0Q,0
PS65PLUS2B,0
I272678UKW,0
DBRN98M1OT,0
K00E7D1Z9F,0
CR3RCHML49,0
OTBNIBGO25,0
F8GCIHU3SO,0
TJSHFSA7TX,0
2AD2H29A7S,0
IV8OT7OZYP,0
QDOUGKRYO7,0
4VDEM2HZA5,0
RT0WOKMW6F,0
RSPMS9N0Q9,0
846ZPYXOC3,0
G4LXURYHWO,0
U36433CW6Q,0
BDBG1FHBGZ,0
WJ7JXDV43M,0
M825EJ40CR,0
O3HCN358DZ,0
ZG4JDPN6S4,0
35EM3L1H4T,0
I2V58M7U5O,0
HGFVOP0YNV,0
HD4XQ8JWSB,0
99LEIMUPA6,0
8FVC969XU9,0
WL7O8GN7LC,0
VF939K2L6Z,0
J2PTY3LD2N,0
PKO3S48DN4,0
N65V9FGYNF,0
PT58RFBB6H,0
2UAK187J52,0
MVEOK6J38W,0
GHSOPZ2PYY,0
IEMKNQEA3E,0
YNWI80P3Y6,0
9KKNQWIEZB,0
ZIIB1A4JH4,0
P1WKWAKEVE,0
HAEVB8FTBH,0
JII4A5VT4U,0
HVIVOV3CP6,0
J4GP7R4AFH,0
34T8IT65KL,1
5WKBWEX76O,0
N52FNGUDHP,0
M8MAFY33BU,0
5WMHN0DHY1,0
IVIW7TEF6W,0
Q59BLHESL8,0
YDCOY9KVAG,0
DTA22TUQGI,0
CK2TS7G99N,0
N8B37JI885,0
53CIXW8OF3,0
AC3O98XNE6,0
823ZJ1V5MB,0
KS4DGI0ZS8,0
SJHR7H7XJ2,0
D0GT840OAZ,0
9SIFZE8O6L,0
9AYIT02NTU,0
QFFU8V3GVI,0
R9B5UFWQ4J,0
JIGV54U26F,0
0O5X7AO6IV,0
FI72X2ZED2,0
OAP1DN3Q2I,0
PRTKBAJL83,1
3LS8UR5AUI,0
HKZ30FRXT3,0
WZ7BFVC4OY,0
1E3SH7KHX2,0
XRMFPT2QIK,0
ZLUELJEFDU,0
DU908Q5BPT,0
7QP828BVYE,0
1HGO7CBRD6,0
LHXVM1QRTS,0
RWFVEWTJMF,0
A3OM3X6H6C,0
CUSVJSVFZ1,1
ZC01RY7A00,0
DRVE518HEZ,0
6XXQEKSXRZ,0
KKIAY3SRBW,0
RWTFO1KH9R,0
UGYTBR31YQ,0
VSEFYHRCF3,0
PFKM50XEPV,0
31C0Y3VP0V,0
EE75GARQAB,0
T3IUQ2O0WX,0
FRKN5QJN44,0
86J28GVQ6O,0
RD7H50C79X,0
N529B216GO,0
CV04OPK96F,0
03LFVBBNTX,1
WECEJOYM99,1
AHPYL8ZBNC,0
F5F3XBHFXI,0
39OAKS29DW,0
R5LUM25AKI,0
OE1HN4GZW9,0
KR8QWRVV90,0
0UMG54D328,0
RD55AOHIKM,0
ZQPP2CFA1P,0
NDQEXQD5KP,0
XHY1QSXPXG,0
XQC2KWBSS5,0
NJ7L553ZRC,0
M9VYQ0ZTWO,1
EGA5S0DJ64,0
NQDMOGVLQ0,1
8IY28B7GLF,0
42M3FJJVOM,0
034Y4R9DQZ,0
OUSTFAP6NU,0
D44LSPII3C,1
NMP9WZI5UI,0
9N86R1QV3N,0
INDL1XN7K8,0
HE3V7F3X4V,0
RW81E4Y2BP,0
PJUM28DXY9,0
2IY5YITX2L,0
MI3EMGJFOE,0
ZF97M140FH,0
KKLDSJ3TLL,0
2Z0G96VFSI,0
WQQK2JAK97,1
02WYNYDP93,0
35LOSW36US,0
SFRGYIOO53,0
MRS61CC27J,0
253XTLVX7V,0
NYO5XGT9XK,0
3TH5WX86VE,0
1KPOOPLB9T,0
RQ8FWFFHCD,0
5L595Q0UOL,0
F3W13TG5SQ,0
W7NBCK7ONY,0
4W8MIWCZR0,0
WQQZVWJT50,1
8Z8ZTNQAID,0
9KLB9BHKKL,0
W44RVQAJUS,0
56I4IFNAK4,0
VBFIRXX8DE,0
CJS435L0HB,0
B6XU81LMS2,0
4QDC9PK3S1,0
WFKOUWKEVW,0
VSX42OSYRC,0
FXPOM6VW3D,0
95TOWRWJNS,0
GFC539P393,0
3GYSNLKH1Q,0
EMLV9C7W53,0
6HUO8YQSC8,0
OFYFRESKGI,0
553O7UERA0,0
CR54IVLF4M,0
35TFIMIES6,0
7IZCDPCFL6,0
2VNOF5TS9J,1
TVMUSIAQ1X,0
H6WXQOP5ZE,0
TE5JF8CK34,0
0AP82JVP6M,0
QHPNKZ9UA9,0
GJD8JEHU0B,0
XBRVOJO3HR,0
ICUHXZ6O9Y,0
0HFE62SN6I,0
78C1AOAU26,0
UHIKQ5EVJH,1
27FBLEDYTE,0
QMSIDQZIYY,0
GNSZIVSMHF,0
K5HA30W9AM,1
DNOKI530VZ,0
ANFZYXULIC,0
NX4O12AVA2,0
MZGFKAO4VE,0
LGA1VKWKHM,1
XB9VQ0Y5V1,0
OGM104F1IK,0
49QMBED11O,0
NZZ7KNZNIG,0
FQ9318O3LQ,0
OW07DHVTYD,0
7TS5QMMUXM,0
OPQXPVJGYC,0
GCHEM8F1AL,0
BBO17RSX3O,0
1E973RZZW1,1
75OMWPZVMB,0
715XZXR1Y1,0
CKVLJ1H0X0,0
E00M74M25F,0
HJSO16I2X5,0
BJH5C42B2Y,0
90WQZGA3YT,0
AINKVML16S,0
0RQW2BJYKB,0
ING1TFIJKZ,0
OZW2UE6BJD,0
DOEIF22B3B,0
BFTCXXP8L7,0
IMHVIRSC32,0
L9PTD4TT8C,0
P2VTVGJMV2,0
EE52A0YUA8,0
IKPBLV88GM,0
HOJVOXHRC0,0
WGWT454AVE,0
J7VBY49QT9,0
8XIL9TG1XG,0
2616184UC7,0
R8IHM1SN8P,0
XNFFE6SFFT,0
LBE62OD3RK,0
T6390Y1MUL,1
TJJ3OYY0YI,1
OEFHUYS3HE,0
FO0KQ8D1XS,0
SXN11XRCB6,1
H7XUSXY7UU,0
53F1O9WE3C,0
ISDIZ91LYT,0
VH2D2T6RZS,0
3EJIWSFPPC,0
E2GRY72RBR,0
4LFQHM2HYL,0
MH555344OX,0
QOQCVZ2VJA,0
B1YZENH0OM,0
XGVZXOPLCR,0
ILP6AEX7VO,0
DDB5B8VYUI,0
NYQ842KV6K,0
1ZO7EU2VBU,0
XU7PATAPIM,0
2JULZW79XP,0
46EV8OY1WH,0
6LXF2NXCX6,0
BT0YEA9Z5D,0
ESEE5ME46F,0
FB38OQVHKZ,0
Q3K69V5839,0
C9QC786XOC,0
FHGLAFL9WI,0
5N9IUD4FQR,0
Q3XG5ZAAGU,1
PE07HYA0LP,0
WLXIATX30O,0
9UGV1L32MC,0
9BIMJSR70P,0
WLUM99WG7T,0
DF8U5A789A,0
Q75IFZIBO8,0
MQE5DD291S,0
SGU0J444FC,0
S97DFWDLCW,0
2TV3WOWCJD,0
KVG5BK3QMH,0
59ZXGXUDI1,0
94UF0YQF1F,0
GK6Q2AN925,0
3ASDJMOY8R,0
22QZM112US,0
RKFHCA9JQE,1
KK9SSIDWXR,0
X0XFSTGTAW,0
4PRGCWBR8R,0
6XANILF5L2,0
B4JGUGCDFC,0
BNT3K0G7E6,0
DACCNSF363,0
TURMS9NUWV,0
FTUGMAHPWP,0
T5BHVAFNUR,0
BAR6X7G231,0
JC2P14NL2M,0
P2NA1LU83R,0
JHGMMDGC2B,0
UAX3T0R01W,0
MFS15ZO9XT,0
DS928X3GKJ,0
B1MVRBEGNR,0
5ETH5TELTC,0
AGEQLTNHEW,0
QMUBVHX5PK,0
KR9KNA91N2,1
5JRQGOEIOV,0
7VFVR9XVX5,0
9MMYJJU0YJ,0
GD67PZ7R2J,0
L1E0BZK9SQ,0
61J17N2E63,0
JHL6XVXO0I,0
RABP1R3LYU,1
YOCC72UX4P,0
CNMB16CAVR,0
YM0H6PTYLP,0
I3XMGK9SX3,0
1P9QYNM597,0
YB6ILBHX6J,0
NESA58AHXG,0
TCDPJ8V45W,0
MDZY41CIQR,0
5IVBIP3VAW,0
7TH1OLOLQP,0
ABCKL989K9,0
D0FC3M0Z22,0
LMURQQT605,0
13WHQGT6Z0,0
4L16PQTGBI,0
MTJETSYHZZ,0
04WX2OZWL2,0
AVNXSVZYZT,0
S01Z3YB5KA,0
VLB8GSCTWU,0
EH4RULZ8AU,0
R9AVM9GWQG,0
9ERVJ4E3EV,0
23J6JW9IV2,0
DLYZM47YOM,0
PH0T0WOMTG,0
CCH3D96TLM,0
N4KADV1KAS,0
W2IBMNXAUT,0
ZKFZINE1DX,0
KCPWFR4G6Y,0
FDWCUV9H2S,0
77H56G1LDH,0
8BML2PMFEQ,0
9OHPSO2EAQ,0
14AWXMEPGF,0
H44TAU36M0,0
OG3DCTPBZR,0
IGMTUTM4S4,0
2X4QBL0MBR,0
6ZPQMKDX6X,0
3RFK4UV7DO,0
0OOG6INQTZ,0
TDUJUS9AZE,0
5AW7MLRVFZ,0
HRZKNDGY72,0
I5U7XABBL4,0
BNL6WY4YA3,0
APA55J9LLO,0
LNNKV7ZT2Q,0
TI7QLSFNQY,0
4I3RSEBSKK,0
DN5RQC2FS4,1
BIMRC65E9Q,1
RQMJOHYEKX,0
8ZLNU0HE5Y,0
HWBMGN6Y0C,0
8CCM3Q75UC,0
JHJQVB485E,0
NBJODMQ7B3,0
KX6SYYZPCH,0
QX0CR2LYBN,0
ERJVDBVYPV,0
AO4RAFJX7Y,0
14EAP08Y70,0
3K7VIYTWCE,1
EQGE0ZW9JT,0
IAB2X0R26V,0
S629C8B846,0
LZZR871MO7,0
4QJCFOM0R0,0
8VRDGFG12A,0
OHIOD7X2X8,0
09AIVM282E,0
3XPPBL2Y38,0
0DMVYQHFFF,0
PJY71SGF22,0
V0A2HSP641,0
71BG07BLQ9,0
NZYVWH9NX9,0
V03VNFGXPE,0
RW081I0C2T,0
K7QYEB0HXH,0
XBFQZ5GSKK,1
C1IF3UTXW2,0
6RW2TR9PFR,0
4YJVKJYDGZ,0
27GR0C4OMT,0
0XZ2TSW579,0
CP1DKK9KAV,1
8L57O01URD,0
ZDM13FW7S6,0
ZPDWBH7XN1,0
LTK48N9DAZ,0
DTO6GE8IY3,0
2JAIXV4SON,0
SCATYDOSOL,0
UTI7MR9Z14,0
J1BK5W9NS0,0
AXE677J849,0
54VCWV3L7W,0
YQ449NZS6F,1
VW2M8P84CQ,0
CMAM1IZW2L,0
CLJ0EM862Y,0
DWU7FHPKZ1,0
1IZ7R757DI,0
4JPAVSFG4K,0
DG7AYKJBBV,0
WV6JFKUQZR,1
IBZQM1CQXM,0
C45EDWQJMB,0
1HODEOF0JG,0
2H5R3H5LR0,0
1ZGZGJAJ71,0
SCRNX4HVI0,0
FTHPK2EM9J,0
CLCWWR3AYL,0
7UKYO9WL2H,1
6JTO8KWX89,0
PRXRZ6YAC4,0
G59NMZDDRI,0
RQTM5XLY78,0
QNBK1OHZ5F,0
EWUQKWQ3JN,0
J6DWYCNDBV,0
WZVZP2M1DA,0
CH6YOU8ZA5,0
O75U7APLEF,0
7JZLRX9FUT,0
0RY08R4PQX,0
1Y0AGY6CKZ,0
CZ43X3I89S,0
8LBFST4MKG,0
67KD16L1CL,0
PO74TPA36E,0
RWGH9DWC9D,0
FN0COL4GKR,0
E8V2NTN36X,0
W3VEFNO6JF,0
G9SD2R59YO,0
YEN8QVH5TK,0
37JMGF1UK8,0
YB45M4ZRW6,0
5F1WR99ZI0,0
9UJSCCCIRO,1
MXAYYU5PSY,0
7IWBVST0GG,0
8I5LKHHSKD,0
W1P8UNRT6H,0
97QSWOM1ZV,0
LYGQFNV37T,0
PB7ZCET110,0
YLHVPNXT7Z,0
S5IPZG40OC,0
JW8SQ1PEHT,0
WSBKY79DN1,0
1RS3V68F8I,0
4S8504CXJY,0
TRIM08Z02D,0
SMT66HIVKD,0
8BAYMICXOT,0
Q7V24P2ED5,0
9VU6751GJM,0
FSN0A3PLBD,0
R3CHFBCKRT,0
6XLI7C018B,0
EHP5725AYT,0
D01U5ODU0V,0
QAYGWGLIU7,0
WRDBOYGDRQ,0
FK138DUT7C,0
LZFNWD5ENM,0
M772V0WQC9,0
WGPDSSFCBO,0
USQ4ZEGNNC,0
YSQUO7YANJ,0
A5JNJJBP7E,0
A1IR07PFM2,0
T3N9LLO8GZ,0
NQF34EW57P,0
SASOJJ661J,0
FYJI9QEA89,0
PMFEJTRN85,0
TMEKFWO0LJ,0
GYTVTPJ23M,0
1RREENU5KE,0
PKR9NSQO4Y,0
5BMEUVRFD1,0
V9YL1S4GSM,0
LBOC91JN0W,0
9R5XYFHRXK,0
LPTZPXJMVD,0
91BXDRNK35,0
TX1JQPKQ0G,0
MQEBQL35K0,0
YJBNCEXRW4,1
VP5M0IRDRO,0
OVPPR6926X,0
6OVGQG8OKN,0
APV00M0PF0,0
R4KVQPW184,0
1TSBEQNXOZ,0
Z682CRQ6CG,0
CQ3QOEOWDG,1
FT80VUTSK8,0
IU1IG12EOO,0
F6O5QHFA3B,0
W8R7RMPSVG,0
TKQQJRAOSO,0
Q9OUCK0XG4,0
CKH843AS7Q,0
Y85W3QVIF0,0
4SLOU85PUZ,0
HO99XTUXKE,0
F1FLYVI1I8,0
Q4FNVSXXWW,0
BJ8C4172XB,0
TR5IHZHX85,0
RQHQC8IUU0,0
DJA1IWQZ2J,0
41NSDS6MON,0
NF6ZV423A9,0
U7BL2A9872,0
36Y0UQA1X0,0
GUW273NZTS,0
FOOFOXP61V,0
XIVLI5N0OC,0
K6HPPAMVCZ,0
83DK5FX4DJ,0
5H0XXWUJL3,0
72F1EDNI77,0
RADJ9IPLXA,0
TWJTOSK6FV,0
2MUZBLCOPP,0
87WBH4PESZ,0
FK3PTYYT8K,0
4H480LY5VC,0
3LB4TXWX00,0
I3LPGZGLNI,0
3V1DA0RLB7,0
TXS7V8TJNE,0
Z7U0K06A0B,0
80WY6OPQNP,0
8W7YK6LMT2,1
RBN12FQTFF,0
9KEP0D0EEC,0
BN0DOIXAFJ,0
918D9CKE8P,0
GB2J2DQAVL,0
X2LXYYAVS3,0
QZ5U137PZ6,0
96U3GECH6G,0
571QQG77ZU,0
1TDHRDFKPO,0
R9WPBTGMXD,0
MV0DIS97VV,0
PGUT7JHV2Y,0
KOL1JEXVTP,0
584LBVYBT7,1
CSMDFLHHEP,0
D7JFMNJSRH,0
T9X8YL9EVE,0
VAHUBUI7S3,1
9MJ35OV7NE,0
EHR7L82X5Q,0
W90TIC5A0F,0
QRHBL9A9KX,0
4V2LXPCB9L,0
2CQEEUSEB7,1
UFAZYK57W6,0
QO2YGXBMD3,0
KJ1TYNRXSO,0
S9TPKG1P82,0
1PIIYDK8RT,0
5II7R8GTI7,0
CGO3PU9FI0,0
BCYIH2KN1E,0
5WNCYOUNHP,0
F7P7XR6C3P,1
151IQVKDCT,0
4NS2VEG6FB,0
544KS7ERGW,0
GYSX4BFLZW,0
459N6NAQRD,0
M9RLTZV46S,1
H2XQ1SUQZU,0
24UCRPWKLF,0
3QN1L8AWXH,0
Q4I3S637BZ,0
IT897QBUZ9,0
CZGFNS3HAV,0
6Q4DJ68ODD,0
4WPAPGNA70,0
O46F2BOQ9F,0
27QFW8SE8O,1
1L0VBQDEY9,0
J6U1CGCIUY,0
4FNL1L1PC1,0
8N3NRNKQXA,0
RN17Y11G0P,0
5XRZSORML0,0
JK265RONLM,0
AHC07K4IKJ,0
06BKTYG48C,0
5G9W908MTQ,0
AHW7KTEZH1,0
EG4VHJTMW6,0
LWGA33NHBO,0
A8MYTU1NCG,0
E6R76ETWDR,0
XCFYYEOHRC,0
ZMFEFV0UOZ,0
DPEHYH9FFX,0
O7PVXPZ594,0
A28RU2KQEB,0
ZV9HKH1HYV,0
OLXM50SB8W,0
FTSS4J0DBU,0
Y3MIKYORJY,0
Q8UY38X0KC,0
4KBQFMJT7X,0
Z41JMVZO7B,0
6JB956CK0M,0
PU38FES4T7,0
1M369BFDP0,0
39MOYVC19E,0
43VSGBTWEB,0
XJFBVKK7EA,0
DWY03NB5K9,0
4YFO7YYMKD,0
PR2O45KV3J,0
CJIHUSDIAR,0
L2E0GAAALB,0
5W9HAHWXW5,0
WD4O0KXTF4,0
79A37R8PPL,0
BO663AJPAD,0
NIAICFE915,1
PUDV3RAKG2,0
1M517K9ZHH,0
PQKOGI8CC2,0
PJLU8BEZG3,0
6P20DHXHEA,0
S0HA2R6MVM,0
YZ9O7V8ETP,0
CJHZ51EI8H,0
6B0GHDO43W,0
HEQ5Q2KK9U,0
JLSRX1NCMR,0
78CRAK16RU,0
OLUQZ7ZX38,0
485RW9DC9S,0
BZ9VB1H9SQ,0
XLANA1J83B,0
7IGHRTOX48,0
ORPDZT36U1,1
9Z13RNE368,0
8926FZRIQ8,0
HVJ2P3XJ0I,0
0OLNK0GB22,0
BS1ZN97JRH,0
T0RP5Y0AWT,1
YX0FSPETZM,0
QQSTDE15FR,0
L0GL4LVHMA,0
L785QGAL4O,0
ITGVRSRYP2,0
IQD5G6E6O2,0
NRWLSOXT83,0
4U1HOQUGQ4,0
OL6MHZ4MEV,0
UC5FE8MBAF,0
QLO8WOK1AW,0
3D5RJNJFRA,0
XW58CZRP3Y,0
EQGYJ0P2BD,0
32KB08VMEF,0
0SQ8ZOZQMI,0
FS81N9UK1X,0
2XYE7XCQCF,1
QZ72ISW5WS,0
VTOXB2TM27,1
PLDG2G0XK9,0
LP3FKV91L7,0
P0CSWWPSS3,0
2OKGN0G20S,1
RKSELJ1FIA,0
QW02FRSQ32,0
D2PAU23TVT,0
26D7CJAFUH,0
V4U5ITQE54,0
3G8N35CK7O,0
DJ520U7U3M,0
GHJCEWP0VK,0
3L5K4U4ZFC,0
8WIH2PI4SO,0
XWXW2TUDH9,0
1R2G4EXEI7,0
RD6G5N9041,0
68SQ3PJUYO,0
PVQ09JI7EU,0
WBHJC30VZY,0
1FR1O7G01R,0
5LTENFAVZ5,0
OMFG0FMZSL,0
0D6NNXZ7NM,0
VWHWTPXT1W,0
S0RT9WF9YP,0
DK4F0JSC0K,0
PS82PWQ867,0
0NJJ7F4T9X,0
ED7DPUDRXR,0
CDROY5JS6M,0
EZLHL1R8B1,0
TIRXBV69CO,0
OH83EPORGY,0
WE3LQQC6L2,0
RRHVYVCNGL,0
GOD1LXHLHW,0
0WFEHQ9OZ0,0
Z8425PP51S,0
RW70H4UJMU,0
G9F5XMCO4W,0
1AD8DCJ3EF,0
YKQA1B306D,0
3MIG5BHEG8,0
2G1PRGCOIC,0
62WL1M83HM,0
P7EYE1H0O4,0
Z0OKZMKRJF,0
BYE5Q7K7IT,0
E77VASY4OH,0
9WDEQVVX7H,0
3EAQVZNEAI,0
D97VMWWGPV,0
CHUMZR9VJD,0
QCNAY3UPDZ,0
PD3KYFC9Q9,0
9W89BFGK25,0
UIK76T9XYJ,0
BRQ1EXQTO1,0
QHY7NR8SPJ,0
JKRVOAGGGW,0
XLNRODFOHE,0
S3DR1IBF5N,0
XDHD52WKCJ,0
UFA54PY5A9,0
VQQJUXPK2E,0
C2R3PEQ5IL,0
1KPFKCEOEQ,0
N91K3B1QRO,0
5CLUPTVXNE,0
PL3NWAGUYB,0
HZXKCH53XJ,0
197M2204MC,0
66487JNXNX,0
PADI9ZB5KA,1
Y88EB0WU5I,0
YDPNV8YBU1,0
6R2BHFM1UL,0
NATHOE5LIT,0
V49KXX02AZ,0
EIIP9J4E9P,0
LLK0X6XFYJ,0
BXOMFF8QO0,0
CIJOLS729V,0
CC20VU2R9W,0
VSEYSDFGKX,0
4PT3OPSW66,0
6OWAXSOX5S,0
I5QM2D3QDH,0
L6ZTF5PD0Z,0
AKBLUERX6D,0
6QFJE92AMM,0
NZ7PAS53EA,0
RQ81MMD8AK,0
IZZE2L0FXO,0
LUTU3CZW13,0
XTRXC78OHG,0
G05TP0GDML,0
T9ZF64K8T1,0
O7CLYUXA6Q,0
0C0E36X6MU,0
XGVWSFBKTD,0
MTL2L58123,0
C9XB9MG66O,0
53QZKK5Z3E,0
S67NDKUABV,0
TO6ZZOH8OI,0
8PKVHSVOL7,0
2RRGUPEI2Q,0
82WRLL2ENX,0
EAOELJEXNN,0
RSTU2CDZ33,0
THV2H78ZMA,0
4T9PHV4WY4,1
7VZO22GZKZ,0
511NOLGY25,0
UH8WSC0V8T,0
K101KXK21J,1
UEEFPH0ZY4,0
8VVJP4SECE,0
FPHQNRO7PZ,0
FBYMCZJ8TT,0
KE5M9TVBZI,0
H8YYT2Q140,0
UEGP1CVTV9,0
DLQNNAOH4F,0
DA06RGO9T9,0
HMSL305H18,0
TU4I5L0XD9,0
2F72ERJMX4,1
W5ZI3L0AE7,0
BGDT04HV8Y,0
PQ0T4B1UIW,0
79H2BSB7YC,0
1BVEHS13IR,0
D1LUQKA62B,0
HZ02MUWJTY,0
Y0JHZBP1FG,0
E58BRD3647,0
AY74LIFKKF,0
BKGT9YXFIJ,0
HJ0WLRB64T,0
5BPSGAHDA0,0
9K2KEXL7E4,0
6WAUGB8EQ9,0
YU70ZE2898,0
NGYRC779B0,0
C352DYS4BL,0
O07G2RJ5JA,0
U4T35WEN77,0
PHQ9JDE5P5,0
D4H2IQ0XM6,0
DHNI6A3JVG,0
LK86XACPHI,0
LAOQ79J0CH,0
JKKNM6GT3U,1
4WFHTS296U,0
2H5MX1RFSP,0
12XCXHOP1V,0
NN51M9KKX6,0
EEL4Q8W2C9,0
ZRQBKM3NN1,0
BDXEAVJ4ZN,0
PG07ITK2M8,0
DI4CYDMMUZ,0
ITER0XMMDZ,0
JZXOZVR4QV,0
LLLJY2X5WM,0
5C1AF3WCGK,0
6BV4TRBSJP,0
U0G1D5SVJO,0
G0LSQN4J6A,0
NVQHTRQI25,0
84GX9UMI92,0
GOWVM1WF22,0
SATG17ADSH,0
1AKVBQ86CJ,0
2X8WJFGNJF,0
M6WN2W4EXJ,0
272YCQRL7O,0
XI9OY4B6VZ,0
AOT05PAUCL,0
Y8OPAYGUGM,0
KEKKSIKZSI,0
HW7UOPHX7M,0
HMMMXKAFSS,0
6QJIU26DIW,0
VGLLM1XGID,1
6JXLACTLBQ,0
O2I1Y711NJ,0
6FVRFT8W2F,0
JLI6GTHXW8,0
4B5QYKERQR,0
90JFQ0MTBC,0
3CD1012EEN,0
90IOIIBBYL,0
Q3KRS4W0CH,0
WPBHZ0MXQU,0
50XPHXG4LJ,0
R9UE4IS9V0,1
O8K4UNFQ8G,0
24WXX3DNSD,0
R8S0H84B7L,0
C1NG2D7G6E,0
LPWD3ALAHW,0
SXH53XMJ3P,0
ZYHJW09TGF,0
F5UGO00KHD,0
CYDKVJ1W6U,0
ZZF7EE9KZ2,0
D5SHRTL3E8,0
TDHEC508VF,0
SHIXYD6FX9,0
4AI4ML0FLQ,0
F107GA60D0,1
2GGIML2JJ0,0
3G4KY0MFWW,0
D4U0HTIFEV,0
MBLXQI9APX,0
IGTFX94DAU,0
B9FA7KR1UH,0
BPQECIXCQQ,0
NLA4JSI3U2,1
S5C885H7TR,0
5KP0FQXEW3,0
61TNBKC2MS,0
E5IXS8709E,0
XV4O0RT7CR,0
KJA542MNRK,0
FFOD5Y23B0,0
09CHG3V06N,0
JOUD9MRMQ8,0
R9G0VAL8FD,0
EG7YAM605X,0
25GKM5OR3F,0
SX2GZJCAQ9,0
ROPTKKK2UD,0
RUK6DE4VH2,0
3OWPKLQ27O,0
OIM9TELDPP,0
GPELRH6ZBH,0
48SVQ7NY0R,0
DTC9X2DZVH,0
4KFDIE7PK2,0
DQZA2IN4LU,0
JUCO4KXI8R,0
GIVHYAGE6P,0
4BLCLGSPE7,0
CS0B7VDAKF,0
XZR789MCPP,0
OXVYKEIM4E,0
V8NOXI99LY,0
QD1LD1IR18,0
0S9YPW92DK,0
T4GETY4WAP,0
4HV317IMCL,0
4L9C9NJT5A,0
3KYR4ZTRUU,0
CN6NUQIWPM,0
0PFHH8P975,0
ZJKKPS31TJ,0
LKOJKL896X,0
PHCJ3Z9XVK,0
Z3GIOLQ3A4,0
BY57V0QKL1,0
9YBXMPMRTA,0
XKKERIAYU4,0
75HPE8R5HU,0
ABAZM7H8E4,0
0X9C3RYK7O,0
3A0H6FEQ75,0
DZ0JQR4XSO,0
IPOZH31AE3,1
G1DHOXE7AY,1
HXDS6QZZRG,0
QEFN5WBTFE,0
6FZYT2AI7E,0
QMUS81M0E4,0
1YTMWFD7MF,0
L41BIIPKID,0
C9J8MQB0UZ,0
YA2QD16BDA,1
VGBJZBC9DJ,0
6HG0QFI92S,0
PYSHDJXV2V,0
ABSP7IRCFK,0
4TYKLU0CER,0
35HOG6Z9I0,0
0B6QHYG22Y,0
QWZYF36JIY,0
8M9M7UEDZQ,0
CMFNMIF4ZQ,0
8DJFZO5VHQ,0
KNJEIQ971Y,0
FGLH51XB39,1
WJ2P4YUG4F,0
80X6H26YJ8,0
G6W6VYY643,0
UPAT2WC67Q,0
MAPSLWDQ4J,0
8MR9G2SXP2,0
K9U9KQVRGE,0
JLMTSODU7Y,0
H396YHD13N,0
KXAEG41RL0,0
AHJC9Z6PIJ,1
BSVHEU298F,0
FIVB7FLEGK,0
LGOC0LYO6M,0
43UJ81LVJN,1
5WI9C10AH9,0
ZTJM87B09B,0
286EFR4XAA,0
QLYFVL98OI,0
ZMWEXW1BLF,0
EO0D0J5M8T,0
UTERBUU0J2,1
AP6F3B0K4P,0
CGD83LJ5WK,0
CZKX4XB6MR,0
E06GIED4QP,0
T0Q8YLS0TQ,0
NLIKS6V3CC,0
BKQTNB0VEQ,0
SNMBU18H4J,0
W621QOD972,0
ZIQJZEVQ57,0
L8J7BZE6XA,0
8GUGYYAMIM,0
OSC526S0H9,0
W5ND29QFUG,1
BEPQ0G9TID,0
Z1F4A47X8E,0
V9102CMO3R,0
R04QR1GRZH,0
9ULHS9I0TI,0
9W2G7JH511,0
M0O578KC1J,0
EO1ZJT7ZWE,0
RH91NO3ZPI,0
LUVNTB1HJZ,0
RCF98EY5FC,0
2B94NTCT16,0
3VUH8Y55OY,0
FT1UWHZB38,0
R4CFUVRL81,0
NO04CX9MF7,0
K3TTHCWR4H,0
SEZDR06JQ3,0
G837UWFY68,0
PMG14XCCL5,0
8FJB3I63ZW,0
WWSXB108A5,0
ZY1I4S0WH1,0
XG7VZZGRX9,0
J9XVBW3JO7,0
8PLO3ZBZ00,0
ZGGHZ7D11S,0
C8OJGDSPY8,0
JZ1J90I45H,0
BOEPH7CNQI,0
V4VYLBSF94,0
YICOE12TS8,0
7ITQBJK8XW,0
9Y0D8WSJQB,0
20YMWN1PS2,0
TBOE8DJVHT,0
3KD8VXH1R3,0
1Q5EA8RVN0,0
6ZJ4IX0F98,0
9WNC97N8QF,0
ERLXI2ATJA,0
8V67BKUQE6,0
3AMXZS3Y76,0
HAAIG5IHFU,0
LXAADVLTEL,0
Q0ZZ6B5URF,1
00NP9B2IHM,0
VXSM248KFI,0
N11OK5NGO5,0
TFKYY7VZEF,0
M2T9OUX1JO,0
2VN5EQPMZV,0
52JYEDWQSZ,0
O01A4L0AAP,0
YM8GH1AD88,0
WLYI8NWD6D,0
41IGURT3DL,0
PYTI86ZPNT,0
ZPJGGINTAF,0
S2RQRIY3DM,0
MELOOXZYJ9,0
COMTZCTBIC,0
EI7HEVCG22,0
0X4W7FHDFZ,0
S1A4FDGSDJ,0
LYLKASHUUS,0
R9GZ1HU2U9,0
666B5ILF8Y,1
VLPSRAIDRQ,0
QEVUSY5CSO,0
54266CP70U,0
E5Y2ON84DW,0
GMTD6K91PX,0
P9U83HPLH2,1
Q5P6KMBHBK,0
Y37VV3N94M,0
CRH2MEDRMN,0
RPH5KREWJ4,0
JUWHI0S1M4,0
W8A4U3ACGN,0
OJASQW0Q28,0
0CWXMSKHQQ,0
U0JRHXLBEQ,0
E57LKAFGOD,0
K1CLTH5IWT,0
V0WOZ4CQU8,0
1Q2VHRY7BW,0
OJSNT1QCHI,0
OFG0UGC6WO,1
DGGLZD46NC,0
4U7369TQJA,0
R13MMKFZEI,0
ENPQ1I34CL,0
0A2YJGMN29,0
WP4V4WETX8,0
WRXXPE0YHI,0
7TG0IAGBUB,0
X5SLHW1XWA,0
LN9CVQRAQC,0
HMBZIMWU9E,0
ODNVCNYPLG,0
N63W2SPOMU,0
7KX6SYJC4B,0
1Z4PADJUAD,0
GOX3FAUACU,0
DUVTJQCVF2,0
CEIW67HDMD,0
UAYVQIFNI0,0
HOPFG5ZGS0,0
AYW0VDIFOM,0
VQBIDWDMBA,0
5WFA1R3OCQ,0
OH5F0Z2JFS,0
LM9LQ3N8E4,0
6YRKOVMP84,0
ZUU5KJADPU,0
IRMKGI474B,0
YUQF5MVQ3Q,0
CBM5HGEAAT,0
AIUZL0NYNN,0
L398B2SR5K,0
7IPNVBMNYR,0
QLO4IKHQ4C,0
114UOWEHQO,0
3HY8P1SN0Y,0
SOSIDS36QH,0
5A9ZJ6I174,0
G3OB8LTDXB,0
Y4G2ZU9J92,0
9DU672MREW,0
2QYKBUHIY3,0
XFEZH0RF50,0
G6Y76E857B,0
E3G0WZ7E9X,0
1VE2AIGCRL,0
ABAJ6DFCUD,0
V4WPDF5IEP,0
AVXL1Z2AGR,0
6FMDR667VL,0
9ADD0JJM8U,0
FBO2AS0T7H,0
KOQRFG52ZA,0
TYJK8SZRX0,0
XO3U7QCKQP,0
IA7XMM2XKG,0
6B3R4F14AY,0
57DZGY1KNU,0
CD9APP1R3O,0
P69E50DR9V,0
8Y6ILRE8N7,0
SJ8S3KYQM5,0
2TCRA86H4T,0
5KBTTLTXUW,0
2WN24QSQJN,0
3XHCVEMVU4,0
WEJ5DBVUB7,0
Q8N5MUNXUW,0
GAFITGMT74,0
MDQTRGR1T4,0
8N1CC6RY13,0
ABW8OB4STQ,0
ZA1D4UGGFT,0
BH12CGHRJY,0
7A39J7NPB3,0
8DFYTDAIWS,0
WMIN77BU6A,0
S50HTNZRW6,0
ZZ45T9UYTQ,0
45W9DQYS6G,0
JIT6BV6Y8Y,0
HTPZN4POCJ,0
BP65Y4HC8F,0
IXK4KW7HH7,0
MCD7KBRN5V,0
XL9OAF1EJP,0
MEKM0AUSFI,0
LFWQ84D32F,0
UKGSWRGBAS,0
TGL505S6MO,0
S6M4RNTV9M,1
6LYTVVJJIN,0
J1PKTQWIBD,0
HYO7BCEDRC,0
8P3QENWEPX,0
MHULG1WSH6,0
79G2MJNN0O,0
726SHEPFH9,0
1JXEHNKIQ3,0
24BCFVNKBZ,0
VLJM08VCS6,0
8LXRT7JGES,0
22FOV4LPDN,0
JXQ48K5EFI,0
Y3J334OCGQ,0
LEU5DD5J0F,0
2LH8GA2OWY,0
DSNXT6E5HQ,0
QM96NWEIG2,1
R4NDABZ6KC,0
OU451FAPI3,0
G8NMUGU02Q,0
KQF03ZA7HI,0
9OC27PSHF5,1
B086PRERT4,0
GCD8O64UQ1,0
RBORCSLYWO,1
7WS4TVOCE1,0
BLIM8D4BY2,0
14WA91C3F6,0
719RSNMKG3,0
T1UAALUXP4,0
6ASV1Q3FOQ,0
U3VA4ULNAM,0
ERSFVG5IX4,0
9EAG1UB05P,0
SUS5M95XJ1,0
M57O34V0MT,0
Y2GSBFXN5P,0
BIS3RPRRTR,1
BAXCRICART,0
YA0VQKHDV0,0
07AG6LEPY3,0
Q65D463BFS,0
I8KNVZ1W54,1
75S99O1Z20,0
9E87CD0I7E,1
475KZ1YU6Z,0
U2MTO7HDLA,0
SO8PN81AR0,0
SGAO385NWN,0
U9ZQRXMVA2,0
4Q7QKMD9XM,0
I210EHIHJO,0
JSOUG271CV,0
JQ5VE5WB9M,0
Z42EQU6F0F,0
UXA13JJA6X,0
XHQAR0JHKD,0
6ILK53ZTZ5,0
RLHJH2EQTO,0
TPLUFMSN4A,0
U5MIKPWBXL,0
6KQYS23YO2,0
LGKJBR7WSY,0
70WRVVV9HE,1
Z1MPZ09SK5,0
JE56XPBNBW,0
TX79FAEMMY,0
X4BA7IRTWN,0
D98Y59H5EY,0
HYC6X2P10G,0
RLUFT8CS4I,0
ZRQ9E5QKZ0,0
M2FJFIQBM9,0
BHWGW3MH1R,0
B909SRQ80K,0
B394F6TNTR,0
MEUER5I462,0
R7752BCT1R,0
QK3K68K30U,0
5UUM0EUX28,0
DKK86E2CDX,0
9BV7GYCBCD,0
4857M8R0YI,0
7LK3DSCUD5,0
KUK30IT2QZ,0
81MFLNGTMK,1
80Q5PSDC13,0
R4XOOAFWYB,0
4ZS1EZYCPA,0
XT9TVWQWTP,0
VXG0ZF5QUP,0
9XSVNHV3YK,0
11S0VJJNFS,0
0OB7X1FD0M,0
PSUDBE1FAD,0
T9TWZALJJH,0
K289TKUU76,0
SLZVXIO8YY,0
HXN9C353EX,0
CEKBXCQ091,0
6VQT4YIS8M,0
5G2AS2NV8L,1
KFB1P7TXEO,0
12D0WLS7Z6,0
X7ZI822IB5,1
RTQB8LKD5E,0
9669NRQ3GS,0
CMFHF6595M,0
GHK9B9YH37,0
QSSEIDZ6FI,0
RHJDNOW7B0,0
0PE0SXLLVV,0
9WEC2AEAAT,0
DOXSK4QNTV,0
2418ISGLO1,0
V1Z06NUBT1,0
Z7XWWZJWC6,0
MHXCJHECB0,0
SCWARYKE4Y,0
ZAH7UYT2PN,0
SEFLSYB4T4,0
91AXTDLSAS,0
U8DKHGFO55,0
QLU8S9D58K,0
N4WQFDND6H,0
UOL24P1K4S,0
VUMN4QLVSP,0
UI2RJX6528,0
J0SE0PBVC2,0
1M2TF0BWTP,0
5AGQY7BY8C,0
752YY4IEYU,0
30L3APEA5J,0
C9Y7QZ2N19,0
F61STUANPH,0
L7O94AILGB,0
GL4LIAF3D4,0
50DD7X0MY4,0
WWR3IOVQ6Z,0
SAJZK31I65,0
N06K57FW2R,0
RL4ZNPFTUP,0
LCCG4FLP95,0
PIOXPT3WZK,0
780H7UYKNZ,0
R6INB1HOQP,0
JKMZSB77AK,1
PTBF8TOWGD,0
1ZF75BXN0L,0
2O47SUANZX,0
ON5WXDFCJU,0
6JL0MEMNC6,0
E4DFEFDC5Z,0
NKOOAXZK85,0
JO0ZJL64U6,0
C372PLGXEL,0
G5GHPVF0FT,0
QZ8JJ45TGM,0
2RJVZLNTRV,0
FJTHFY4IIZ,0
VKM12PBMZI,0
99COEQ8FL4,0
UKZ8CW8S9X,0
XOBDEFJ2GG,0
I5HB9RG1I7,0
ZH5UYT4XJW,0
PYGXUPOEBM,0
VVH446NP4H,0
RE5QPHODRH,0
9H1MYQQQCV,0
I0E7RANC7Q,0
D4MAA0XXDT,0
Q1LQJLHLG9,0
VXK5SI247S,0
F9J4BOYJBD,0
95NCTRJVY1,0
UP7QZA3QLL,0
P7BWGBVPG1,0
JAEDAG9YDA,0
6YMR290BQ3,0
XIP560JVAG,0
YY9MI4LAZ0,0
PPLMQNNW99,0
PYARW9HT1Z,0
QNI1F4YC0N,1
TB2MSV55UG,0
FQNTBEIFJG,0
6FUGNVER9V,0
R22PHA6D0P,0
CCZDOI9W7Q,0
UIC1PKIMY8,0
7NB55H6H16,0
TTQY47O84C,0
VA84BBHNFM,0
AJH4YSN287,0
4D8ZPZJBFV,0
LKGFYOW6MJ,1
FBTG4ZGK54,0
U5CG43UIX1,0
BEREDD6LHC,0
VEPN5TOG60,0
J9X176NAWS,0
YDBNR3T83C,0
H2TP6EH4KB,0
QCLWPS6FA9,0
U1CC6VAZTE,0
GXK5E7MQZH,1
GBKBC345T8,0
RJVCG327HU,0
MXJHZJ52Z0,0
3CRTXQ80EU,0
B8NR9IKB0Y,0
KX65BO493C,1
A9PZYWLVSW,0
A1TNWI6QR3,0
ZFTXPRNADI,0
E8W1HJFCNO,0
HFKBHLD2X0,0
E4X0UOAS6S,0
PBI0C4D0CM,0
8W8F6EC9E3,0
R55GETHYLD,0
08JNTQ9SIA,0
PJE0TR8G1U,0
GTOSEW2QEK,0
G257TURMGZ,0
XATV9F8PXX,0
AR1IFFASPD,0
OZL8OV9PVA,0
75THHC4SZ9,0
XANURGMBNT,0
UAVL1YMWRQ,1
XFJKDXZJP6,0
YXA2GZGT73,0
UXICNTV98Y,0
3WSI4RHIKE,0
8034FKFC4S,0
9Y8IJ1UAJT,0
PTDU7ELKZM,0
P38P6P86AX,0
72E5CLNNU7,0
X9ELSX2I50,0
599YA9AY2B,0
VDG76ZRICN,0
HKUAEW3AIW,0
CTT2YK56G8,0
7B0QRQT3W9,0
STQTSH38O6,0
XBLPXQ8FPO,0
TLD5ZE1BYB,0
LX6RVRH6K9,0
0VCAILW5OA,0
DWHOS95XNP,0
P8CMLOD4B1,0
Q33J6DQ03R,0
DO9NLVQH8P,0
4JS9N68HOX,0
4QJOAHD02N,0
1XMRMX3821,1
GF21WDC03F,0
EYZN79X39M,0
08X1BPIW5H,0
WEDNW81G3W,0
EOJMKW205R,0
0GXV354ULE,0
FKUCONPIUE,0
AMZ8C0CEDT,0
CFBYB85H0X,0
TEU2GZ3ML4,0
RV1OVIGERZ,0
9LJ6XM89SG,0
V7PCXRB5WB,0
SOCN4HB9DR,0
4DS4PEMLSI,0
NA9MVWNNNH,0
VGCWTHP5A3,0
CWLGD4XXC8,0
3T2SXUCS8A,0
DGCW1U1OVE,0
O2FMGJ63B5,1
NQFW4G61ZY,0
295C4KHUHY,0
GY9UF4VQR7,0
44X5XPF919,0
UUM3WMNCRR,0
UQFA6J9HHT,0
IB8JNSE40K,0
6TO3TZ625P,0
P17OT87V7M,0
EQHPBIT96F,0
SUXNNBMN0M,0
7H5YMZAY6E,0
6M4FVF9RUO,0
JFBWEFYHD7,0
A82A466H1R,0
5IYBL3Y5YS,1
6J5SWN0JB5,0
RY8XTW2HN3,0
NN3PUF8XR3,0
JG2219SHPL,0
9FYMNCBHTS,0
HXN7GU5XUA,0
RGU9E7DV3A,0
STJUYEHOAN,0
2Y3RBA1G1R,0
UVWGD2KIK4,0
6ZX0CDX1JX,0
AYQM05HWKC,0
N5AP88CTKB,0
0I1MGDOVPS,0
YD9BTA4XA9,1
AE6IICJ0DT,0
KMTGETY73L,0
T164K1X5RG,0
AQ990R3LDJ,0
YGCHMJZUOX,0
XVSIRDSI4R,0
GPNBCQCQPO,0
LZ4AIGL3HP,0
PQE4OCG330,0
IGHAC0FGFR,0
HFJ5YUCA7X,0
W1EWAW1X5X,0
3X4OKAD73I,1
RHE8ZF5IRH,0
L9B8RZSNWY,0
IPXWMEWKB7,1
WN2OR42OEP,0
7HMU5NIYDU,0
3SLEITY1IQ,0
0K0BQGUAMY,0
7UHQDH9XWQ,0
E6JJR3Q2W4,0
F5AKVQZL0I,0
N1OD59O9S0,0
U2RDSDEH8F,0
C0Z6IUSS44,0
SQLKXQ64I3,0
XVDE30TV88,0
YAGJOTFIQK,0
K25G3LA0Y3,0
3YFAO1DSOQ,0
5Y5D0LK811,0
WZOOC5L7SF,0
RHCI4P9Y47,0
PRLKJWMI7G,0
C2PGB5I8LJ,0
KS0Y45TDF8,0
KNZBRK08AC,0
8LDU20ZVX2,0
Z2GSSGN3SY,0
JAUNKRLCGD,0
MVZ9YZKK7Y,1
JXZ73EQ5PA,0
CHVIKXH4ZP,1
2JLY39HEO3,0
8SPSGX3QH2,0
N9HGZXHS7H,0
Y3ARN7IJW9,0
7FEPOQU8AP,1
63STWLIHO1,0
WEYL6OXX0N,0
NCD5I730CO,0
M8DZDYAH42,0
B0ETRTX7ZS,0
P2WF8Y43XZ,0
9JA115K4NO,0
6G78RNO75W,0
94UEE939YF,0
T9CO3O0EBO,0
CQMAROC93K,0
8TY99H0EPH,0
R1SZU0PDLK,0
NMILFYFI7I,0
57AE7C8NWW,1
F4R2HGZGRP,1
8OME5JDP5D,0
R23MF57U5H,0
W5XKD79ZTX,0
WW80BI8TCQ,0
3UU8VC8J5J,0
74GIYR4NUT,0
JJ04FD6RFQ,0
Z3ATZULH9Y,0
VHUKMULACD,0
B2HS2W3EUC,0
0QCUD3DTOV,0
SVIADMW9IT,1
7HV2RBQHUX,0
SOSA0I0LCW,1
SJXHMPBF94,0
0J7VGGQ48R,0
8RS585FCQE,0
LOF6P020QR,0
GR70SMP0PY,0
HIS65SGA6A,1
B632AX7Z8M,0
1O8IBTXWM5,0
RDINSDJOX9,0
JK5V4IQ53M,1
33WUG0G1NQ,0
XIF5EV9DOY,0
PV1BDLQU0F,0
W8ZPINQIBD,0
73PXFMBMOM,0
O26J6ZSRZJ,0
9NE98SQIM7,0
3LVFNPOIRF,0
TZ59XWFCA3,0
M4NU54S3HS,0
5F4PVQJD6Y,0
74Q70QFKA8,0
3YQEJ0QI6I,0
91IR5OF90X,0
8IT58EY9RP,0
8KNQ9UVVVI,0
8FB97APTJB,0
A3Y4AGTJ5O,0
BE10PSX06H,0
IP5016GUJK,0
16IPV0XNNK,0
OVAR1PTBE7,0
Y02VYZBBF0,0
V8T5NJWFRU,0
1145399TWU,0
WE087SUBTS,0
Q9WO49PIIT,0
5DQ2CDGTRY,0
47GL2XJL38,0
0IPCOMIL67,0
3WG7Y8586Q,1
53MAOMFOI9,0
PKAQ56EKW3,0
V5DD91B7VP,0
KL3CJBOCI0,0
ZBLLQB5PUH,0
R6GP6QATLV,0
BV0IWAZ440,0
TXH1AX35AU,0
CHDBS3HR68,0
QQOKTUFSI3,0
DUQVOSKC4N,0
ULXY9YQFF2,0
H9MVBPYI8P,0
2CISLCAFP6,0
XX4C5INNT4,0
IBKZXZ8E1X,0
EA9PIDWA2U,0
MWCRXRZ3Y8,0
IOCTAWR7C3,0
K5GFDEWK2W,0
2WD79IKBVA,0
9O9QXC4OEY,0
382XKE5QDN,0
VW05UBMA09,0
2T2UOEWSIO,1
44VWNA4EU3,0
KBPW3YPAYB,1
3WNMOK1FHL,0
7JMRR9TUJZ,0
PENO9Y7GPG,0
9Z1JIUOL59,0
EBD7TEESDF,1
KTXH01K9H6,0
7LQ2HLXCNL,0
R35IO2FN0Z,0
2C8MULMPTD,0
PS6CUTJFRN,0
U1BSZOQMCE,0
76GNTVKN6G,0
T3PCY4M7UG,0
IVC7NOHVWV,0
YZ5IT2BTRX,0
KB614KJB3N,0
4XZYBUE18F,1
UN9OAG87AK,0
UWJ6VUJKCS,0
DNUGTY43FB,0
E4OY50BTZW,0
W64U36J1VG,0
99N6ZJITTV,0
AUYL3WMTRG,0
U2Y99G6FFA,0
HS1IQ1V1KG,0
EDJ5MH43MM,0
BVXW6L6D03,0
91UDY6GJSW,0
25M7JG8LNN,0
IBDALIILKY,0
VH8T4JYUU3,0
SNBMT2B93G,0
BNKQVDPBNY,0
HD52RYAE19,0
1U5U7ZMB9H,0
9NPU6ZVEY1,0
JO1DQZKXEI,0
JO2YPV3KZD,0
62C479I22W,0
VJSJ15JX0M,0
F7CBZDUV6D,0
3Z9WVRZIEF,0
40BUSYCU8N,0
SNQXQL4O4J,0
VS1IPIAG91,0
5X98EP3CVX,0
PXZ2X70CAK,0
8PUDJVSM5R,0
D1VQCFP6IF,0
D9JTZ7SIDK,0
BI4QDULNP7,1
1QREZ23BFF,1
VV6V1SMT7G,0
CGZRVBRFIS,0
LR505I85IC,0
1D0DAA3321,0
VFH0L1M7OC,0
XCMPCUX613,0
C3WY0KUN7A,0
WAIFHBRTNS,0
X4RZY3VPSB,1
XYICOKWFC0,0
TZWZ5ITSL8,0
NV81H6FM3Z,1
UBT8O2SZTJ,0
4748BEE2BJ,0
MOE4PFUMMP,1
FKOW2JFGJQ,0
ZUOSCWYJ35,0
8RGFCQ5E2N,0
XAF2Y45AIU,0
741EIJVOUP,0
U25RZV9A4J,0
6AQCWYVT36,0
229UY6ND3F,0
OTB5TH8KG8,0
G39DSKZQTQ,0
K3KRHCSLFT,1
WYS7P615R4,0
ISKLV7NCSS,0
YQQTPTS81Z,0
FC3OJRBNS1,0
21IT4YXPNI,0
LNJK6VQMIO,0
RFO9MVJQBO,0
4MMZLWD7BF,0
C1I5AB66SN,0
66X5N2AGYS,0
MUI6KL6YOV,0
XVKSE3KEII,0
TPOOKC41CP,0
KPCBNE5JEM,0
FKLTMZJ66F,0
26BBB27P5Y,0
31H5YEDWB1,0
R46SQ5O1P8,0
FJKD1SVRZD,0
O07MLAMUZD,0
8UGLFG75IS,0
8HMIXCMGXN,0
ZEGE9DRIUE,0
QYFU52VGVX,0
D674CIE064,0
0EA4DPZ2JD,0
NOX274S9BC,0
R1CCFSNP7V,0
FOF01HA3KG,0
S1LZ0YE60B,0
NS3CRFXXBJ,0
LBO1EX6UCC,0
37RKKX944V,0
RLXKADCC3F,0
DISDC3PZC4,0
2GC0TYUPJK,0
8D9Q8JQ0PF,0
EZCS4C8DWE,0
KY89R45BEZ,0
LJQNHTI42H,0
GIHS8GMV26,0
D1OY939X2K,0
EMQIK2DXV5,0
ARNKDHN5YR,0
W1UWANHUDX,0
P4UPB2AV9A,0
H14XFRUVDN,0
VJ8Z65T6LG,0
9N6UJZ8VYB,0
M9BW761Y1F,0
0MLPLSDS4D,0
EERXWF68WW,0
3424L7K3Q8,0
C6ZZHF6FI3,0
M1SFPGECMJ,0
TV0AFNBJZ8,0
GMKWQ5NG10,1
YIV1ER5HQO,0
VRE5V7V7RC,0
H091I6Z48H,0
DX9GA6SWBA,0
NFBHVGG6BI,1
9IEGSH8UOA,0
0OB33BA2C6,1
47O1KNDMQB,0
RW4J8PL4I5,0
254U2YN3OS,0
EROIKEMD2A,0
FOD18J7X3U,0
FSQTOVYEBX,0
S1HYQH9I3H,0
S11K1SBASM,0
VCKDWOB5J4,0
UI8JLPLD1X,0
I1AC6YLURG,0
5REE8V7JJK,0
99DHP9SFIQ,0
9ZVXT6G9UU,0
0VS5G5YRM3,0
3IJV5A4PA0,0
L6S7N9JA29,0
92HY3NGABM,0
CUUQAWH0CL,0
MG3I67JXEY,0
L9RREOMOO4,0
5C11V5VRQ1,0
Z3GBQ6BTWS,0
DT94M2SIPS,0
U1ZZXM1YJV,0
5UXFFYGVR9,0
6GLCCPF2I7,0
0S7F1HEJHW,0
QPVMCUOJTA,0
HSOUKWEUIT,0
W48UNGMNGN,0
D6EVNO0RKP,1
5U5WWKCJBC,0
J2YIQJ05AW,0
TP07M4SIHO,0
YJ0A1X1HPI,0
2IIT0XWYAM,0
UIXUDIHFU7,0
IRI2V7S7CY,0
GWJ0K01ZYR,0
EY9XCD0LZC,0
OEWSLYZTNH,0
7PL9H1UZ8A,0
X0F0F946L5,0
RJE4T5TAR2,1
RBP0TX95O6,0
BAB11F47ZJ,0
YYV26HLHKU,0
XU8OMN297W,0
9ZMQ83KF36,0
LGSQEQ2C1R,0
WJNZ3F96LM,0
D8HBUCQTME,1
VK82FJXZVV,0
F7GRD5VCJQ,0
32JVJQW3IS,0
UK6K6OBCAV,0
BZ76RSXZ2D,0
ZGI3SRLGCF,0
D5A07Y8NG0,0
1W43YDTK7I,0
MN59AN69ED,0
YEVGWYBUVU,0
V7PUOIXRT2,0
NQ2IVAOF3H,0
ZELX63XBYS,0
DWFS18LMA2,0
RN35AUPFR7,0
NNNHUK4N4J,0
GSW4H14R0O,0
0TPEZ3BTKX,0
3AZXBK7VWS,1
3KMHX6FNS6,0
OFWHRPKJS9,0
QODUO6CB88,0
JDY5P1326V,0
XNO5IWV7OA,0
TQ3CQ8OS63,0
K4I5XL0534,0
YDAROZ0P6T,0
TJ5D1HNXAA,0
4319PK1QZU,0
R08DRFV4V0,0
0RPKFF2SM0,0
7GPO0FU3UL,0
5EHJ9BP24A,0
3HRD2ZY04P,0
NRL3I112EK,0
61JWHGP65A,0
23WUJGMMQ6,0
SIKOEV7YPS,0
7OSP2ZMGI9,0
40M17WQKUQ,0
S4WELZE1SK,1
QC1RJW3JKO,0
S1J8AB7TE8,0
PR3XO5PVYK,0
Q0BFRCPZGE,0
5IWYL5WQCN,0
IL2U8P4FDS,0
065BD2JV0V,0
V06TCVCV0S,0
7R6L633XJS,0
X0HBV0CZ6I,0
TRFJNQC69W,0
3OJ1UFJM4N,0
HYYOYEAF3A,0
7XJNUUU4SC,0
8D1UL45O77,0
E9SYGLIMTJ,0
QM31A31AB3,0
GHFKL9YXSN,0
6EW5M75ZGT,0
0MKS78M8XE,0
N9V3AB4QOR,0
KXY8R24MMG,0
Y1NMTOI1KF,1
U76TR1Z2PG,0
XIIC3VOH7G,0
LX50N98EUW,0
GWNLG1ZTG1,0
B5ZPAJXYS1,0
4SPA48L9PY,1
8G2FNKJ937,0
TDD8T0NU7A,0
UNTN01HYH5,0
4JG9VKYESD,1
2X8N3EQ43D,0
UP2RT52704,0
BQ4XCHJ9JB,0
MMTJXVXBYO,0
CL43BD2QFH,0
VAWCQMRTG7,0
QD24AA9W2R,0
RCVVNR50S0,0
66PJ6X8MLZ,0
NVJ8DWRRQK,0
XCP9IUL3NO,0
KLDSJK9OFM,0
JMN6A3EPKO,0
ULGQG6UHXU,0
FS2TWRUH4T,0
QPUBU7MCM1,0
DH224M7XDO,0
OWJ7SPMBYO,0
FDH1AAUCZM,0
8KTVI75DC6,0
SUC45ZOTT1,0
UEL2YKJBOX,0
S7GWDOYIA8,0
M8JYDNG076,0
M4O9KKLP72,1
3OO4NOEQ2K,0
0MPCB9PBKK,0
43CR7UBOQZ,1
YLKF6KM0PC,1
T0P7FELI6G,0
7OZDQ6VKQ9,0
H8S4HX27U4,0
XT6S9ULM0K,0
ZR67PQJALR,0
GHHTMWBYAG,0
DK37XRW8SV,1
328RHEDR5O,0
27YWFJ3P87,0
PZ1QMBOB6R,0
IQSN4R3GYU,0
UOA13SWN2J,0
6RLOXZEAI3,0
UNBISUQULW,0
YLSBPLGLOG,0
RMHU8RS4YI,0
QINJQ4PI7R,0
6G2MHXFKYW,0
ZMKX0DLJ2P,0
A591G9RQXH,0
HE1SAJ03SK,0
8PG9ATH6NW,0
YEZLSIWP95,0
CQDSBH289A,0
3PN880UC2K,0
Q6GZW70D0B,0
N9EAJHTNTO,0
8QKMZNU6CA,0
DNRZZ0U5S1,0
OYHL09BEVA,0
CVL9GU0RB0,0
BH0UO2OT0D,0
P5OJU6OXC1,0
VQB1I7O3UY,0
UKFAR1LICM,0
WX5AN8ANQQ,0
RGBAM0UCW3,0
87L7XBJ1P9,0
45JKO2NJ3L,0
59IMIPR18P,0
GGB4PXXER6,0
I6Q2SKAO8B,0
ZCVT0E39JC,0
OAOB2XKTQ7,0
GICDC49G34,0
F76UJPP2LU,0
K1EBJJ75E1,0
57Z1XRZKEH,0
JBFMKMGZOF,0
A2MM3Y5464,0
RIKBAHSZS0,0
BQKIKN0H26,0
9Z05UUNSHD,0
DFFOH0VWNA,0
BLW3VSI23P,0
SCAAARIPIH,0
P86BDSUWKG,0
RLKKE3W85H,0
ZO9R6RDIS8,0
53HP5WZ9ED,0
CVHXOE6P7I,0
ACQ7NRGB1U,0
80WYCVT50I,0
05YQ0FT8HM,0
E3CQS8028D,0
2ZXCVDNPW6,0
OMLD2CMJJG,0
URD5F8M3UC,0
L719SLMJI0,0
GP0LBSTEVC,0
1Z91RK076D,0
5IWSGK96DK,0
8BB40DMEN2,0
PES25633W0,0
FPC85WZLXJ,0
WN7B6Z5ZNK,0
73MO4YC6JC,0
PKXDN5CNGG,0
8CCAF1NE1A,0
X7X9FV3OHL,0
ZG8U8WSJ68,0
5OCD2I8GH3,0
P5OYL8RHAI,0
ZNZOSLMPNE,0
QAO16CS90D,0
FXLBKQJ7XG,0
Q21QIRC5GD,0
49TFR74VGX,0
4OA10U9EX6,0
QX3TZ3JDJK,0
HTZFDIB3TK,0
MSZW6VFJ0E,0
T9B4S9QO0N,1
9PK26F6ZBI,0
3D5TVOLQ31,0
VNUYBVHL5O,0
JUKQM2U223,0
FPHXD95PM2,0
KJIT0F6K3F,0
GYSTTFS636,0
J1VR5HHGEM,0
9UMB3HT3Y7,0
AEOA4TYNPB,0
BW28QDS9RR,0
4JEPSWZ33S,0
7ZLYK6V2NK,1
1R7OZ9JA65,0
O71ZB642QL,0
9ZEY51LEU7,0
PETLQBRBVL,0
GDFAV5OHVX,0
5LKB2M6KJE,0
4RJ98STDHD,1
PRMYF9X7LY,0
ECMTYBVPG9,0
HAL91OLW4G,0
IT9DZ7SNQB,0
6BRFYVENAV,0
95F7QEFG8S,0
523DR1Y2Y8,0
AIULTWMRZL,0
3IZDA9EX11,0
JFRSBBHBAS,0
E1H3PLR0O5,0
33VCW13HK6,0
WJK3TE8OAE,0
2D3DU0BQPE,0
XDJBDZXMXM,0
3KK6452LWM,0
B4LHCL4UUN,0
VXT6VF64D5,0
68FU3UL6TG,0
410JBHTCR7,0
3GATXJRKU9,0
BMTEMY9CZ5,0
F5OHLTSDZX,0
B2RWEZSJSH,0
XAE589R818,0
LIKFJASPTU,0
8BXHTEZREE,0
BZAE0XVISR,0
FY3R5OJFR3,0
9Q1ZZ89695,0
7FHA5SXPGS,0
RES5QOHR3X,1
045KPSYQV4,0
BLJSXBKJG6,0
UJDUEBKT0R,0
RG0PGWJ9V6,0
QRN0BP1PE6,0
FT8BFLT9H7,0
54APNKNT3B,0
7IO8SQ4VVZ,0
ETVPSKGTXV,0
WM4JTRK7EM,0
6HSRC511SW,0
MLKSU1G6RY,0
2KU1WFED1G,0
H9M7YGTSI6,1
GJL1SQZQWD,0
BN1UYLR68Y,1
8Y614QKWTJ,0
IBEHPKSMMX,0
PNM4RFRAS3,0
FHMG0Q8OXV,0
615UBKPHZF,0
JJPTJD1LBR,0
DAHCAS57LC,0
VSXR76NJ5Z,0
4FQ63GJ2WX,0
X5B0X3K9KD,0
UDDQYTC322,0
Q786I3AQHQ,0
49TMR0EQ1G,0
9459H0MV6C,0
GCPENHZLN6,0
WSORS6YL7A,0
MHAKONCPM2,0
5JXR8O3RF4,0
THE2132BX2,0
LNYC7ISWAB,0
2NITNCP8Z1,0
IY9MMAP1E4,1
E4W56X37JM,0
FHNOPOFGME,0
PWJMOE9FFS,0
C1I3GUFEFC,0
XURQ9ZPA3G,0
N4NSAOJFL9,0
3298VPANB0,0
371LO88MLT,0
SLEAEC2WKR,0
PDMZHDZR70,0
SIV45QR0LD,0
7KNFCV0854,0
8JZR47H4I9,0
BCGDU1LOTD,0
MURH97Z6G3,0
GTRHF6ZPYO,0
X7U44WACH7,0
AYRY5DNHX6,0
APAU7UGEOX,1
TGO4OJKEJ1,0
UKX1Q3NLHK,0
5USHU1MYRY,0
AZ14WQK0CZ,0
736W9D1ZMY,0
L6EH7QQWVE,0
HN8UM4X89Z,0
T9VO86IPPJ,0
OPV3SOB92K,0
B08L5BNXGP,0
H0DM8L8K1N,0
WAO7QS5RTK,0
0JL6VLPJNJ,0
8OR670M737,0
VC4P8XDD9H,0
VMBUFCBBN5,0
G3AMWMOCQC,0
8F0LO9L385,0
LU1SF1F6SM,1
IJUHC03U7N,0
8IZY9JU6NG,1
6YFRB6STL2,0
E5J1WTDXX1,0
U7TV6PYMGF,0
Z4YBPY0RGH,0
ZJBGPVKKGT,0
WDLOP0JRUT,0
L80CPEWZRI,0
0062PVO2ZJ,0
S0RWTX3U4J,1
UWCQOXV37W,0
KGYH5ZYNID,0
TKLH0G4N9R,0
LPZ5GWQS73,0
AHOX44TB6M,0
O4JEZVDETI,0
8ZQ5JHVNH2,0
OPVCIPPA2F,0
18UZBKTY5G,0
2EFNX78X2K,0
1R94KDBHYW,0
FZ715TC9AB,0
2R1GAUUWEN,0
AGPEMAZZ7B,0
6VJFX0283S,0
QGGKPE6LFS,0
T7VORE1D3J,0
LVM2YHSC16,0
TQW18KXWZS,1
MA3RJDKE5Z,0
8L6YG9QBVB,0
V9BCIBJPOM,0
MB0BY376XN,0
PBA8HN3XQW,0
19RPUNWZYH,0
CE7EP4ORZR,0
UEX9OPDFHH,0
28BHMLJHXF,0
20Y4IV1MLX,0
VRCLN3SWDQ,0
9K7XJYEDKE,0
79U8AVXMTB,0
I48MB5KR1X,0
XH19HDJY9S,0
SG51IFTVRR,0
JTQ419PUI6,0
JF666JHYMD,0
162PN83G66,0
1UERYYNHL9,0
F7N5GBSWPP,0
FZHC01DEXS,0
2KIL3OU3RJ,0
HPNRPDK374,0
S03OJOQCC8,0
1B19UM7IYA,0
U51YDVAG3W,0
YOABZF5ODM,0
OZDAHY0RU9,0
1RVDKCR99F,0
B7LIX9S7F8,0
IMNL83O6N8,0
H2HB0IGQKT,0
WVMLD4JTGZ,0
ZG1N084SW6,0
PD1B9LIH9S,1
VT2YW7SCUW,0
6PFI47HL25,0
LTYOQEXAMC,0
7VFHZQD6M4,0
U8IRFLV8F8,0
M2J51A18Y0,0
M7R5BQDJAE,1
SDY6CIKXZA,0
SGQCX4KLIB,0
OPU9XST1AF,0
GKRWR647JH,0
S5069O8NFU,0
54O99PRU3O,0
IN037XZAWD,0
BD57P5TMVZ,0
VJ1J9WOB8S,0
4XG6VKKDVE,0
05I8SCJRWL,1
7ZGE4G4Y2Z,0
WD0AMP5Q0T,0
5PUA6ZAJV6,0
4YQ8OK8USL,0
CF9X93K9VR,0
OVZI1OHWVU,0
KT5VVD5WEL,0
5UM9FZKIDZ,0
0ZIKDPGBRM,0
5QEPW7BBI8,0
JG4G9RMK17,0
BNVRM7HJL4,0
2VKJPRIOIH,0
DYHPQB50N0,0
F2QNV6TNYX,0
RW02XI8N0J,0
X7YI8U28J3,0
OYL3XZRUV3,0
RXNDTZLR85,1
STGS0MYGDR,0
1617FANWVI,0
IP82RX2021,0
CATQP4BCJT,0
8QGG4LKK8P,0
M67RF8LEPS,0
A2EQ4PBWQM,0
XZAKJ6DF3D,0
PO05KUIB03,0
17OU74F61R,0
H7YB3SHQH0,0
V33VFK9V06,0
Q306BEK8FW,0
GWJNPIIIPH,0
8A01H7MG5J,1
PGMAB49C0S,0
60AJCDYKK5,0
241U2X1EUJ,0
V3TO0ZNF3O,0
WM2XDZDI3X,0
PFNVIR624V,0
6VSKUKAPI3,0
U7PVATGDYT,0
HEIHYEFZA0,0
0XL9FDV6HU,0
KI5LNU641T,0
ZXQEX4IEOR,1
LPWLBR4D7B,0
4CLNXTOWB5,0
KXA60JL15P,0
ZA1GZV5SCY,0
H40Q6VIHI1,0
6D2NDP9WXJ,0
7XREUS4QJK,1
VZ8ELX6U0Y,0
OT9Q8NF36T,0
BJ113K4944,0
VFSHTHXJUH,0
2IR0R99OAV,0
S0EMXWYQKM,0
ZEVVN5P127,0
FL6VHFEEPY,0
DHYPUIJODF,0
IRWSWFNC8H,0
4E6W9QCMX2,0
5ID60L0BJQ,0
IA4Z4M36Z3,0
V1XBXZV7AN,0
NB7FRCZ1VK,0
CM2ZTODO5L,0
CC2UGPF97N,0
D42M6PM1OW,0
JI0ARVIBT0,0
6TZEQO8YQP,0
D5DCFJAZKU,0
Q20CN1CUOO,0
7KYOY2JTDA,0
TLDNNYIDE4,1
076UUS4VYX,0
C8ZDYT08IK,0
W4YQVFUI7A,0
XMB4N4A9C9,0
TH03SQ1E43,0
2FE9UV8QL3,0
1UMT7NFMAD,0
5RQN9IV3LJ,0
1CFK96OOHG,0
54NY9ROR64,0
YK9RY5K9LX,0
W2FD2EEQCW,0
86GI5FITKP,0
87H650C75U,0
T8D74TE3ON,0
SYZW5XBQ6V,0
57P7KF6NCI,0
WRX1ANHH79,0
KWQ5R2RR89,0
65ON8836IT,0
VZMRLGMB3Q,0
34DMLS6KV6,0
RIG3KH9JF8,1
9Z2P6HXC7R,0
IISK3O34BN,0
O777X9DW7D,0
572W4TY6VN,0
UOTFAR7AT7,0
QF554ONQ9E,0
4W1Y6T7KID,0
207A7A5EQ6,0
2DU0XPN0P9,0
3E1QUNF8VH,0
XWVW47OM8J,0
HF0TI9DHEE,0
28ATDJ6O35,0
AD7QVEX8ZB,0
WA6J1BHE04,0
WHW5R3A6XB,1
SYEAO43MNS,0
TZUOPTB5VE,0
49HGNA6POK,0
20F10VSOML,0
S1SD990TEH,0
0OC1QZKC0Z,0
WSKL57LS7J,0
1BO2ODQ3WY,0
DCEFP11P43,0
NHQAPGBUOZ,0
T8W7YV7KFI,0
FUIOWWC2PE,0
TETQN9QLUK,0
94B4GVAH6I,0
ETU037N1X9,0
DTH8QPN6DB,0
AG0G3EY56R,0
11MIA8K88F,0
J9AGAL5FRE,0
WADJU4DRT1,0
2IP3988MQ7,0
4LR5DM04V3,0
6XL7I7T0PM,0
FBZ3QZ0BR5,0
46JYXT7RET,0
Y3LBR4EUXS,0
5RUK2HGW7Z,0
5FUUYXSRM5,0
A6MBCLEXUX,0
6IHJ5LJZWW,0
9GECKD65DM,1
SF9FWHMROU,0
DS432SJTXM,0
9528ADNBJE,0
5D7GTZWHG8,0
6I965OMTDB,0
HFP7RILFO0,0
2K9USHXL27,0
FV2WMIV0SL,0
97NIHHTVKH,0
TL2WH0XPKQ,0
33239USPPH,0
JF1XFB78C2,0
8ZHIR7OTYY,0
GVONLXFTY7,0
VABXQN56FR,0
NJF17UQXHH,0
PEM0Y1QER2,0
XLXTENBJSO,0
GFAT95R1TJ,0
DUZTIQBETC,0
IWH7HEUZNA,0
SHSA4RI7JO,1
1SLZ3U5U7U,0
IVOH4TL90H,0
W4JUV7DG7Z,0
C5V48L9E6Y,0
OX4IL972ZY,0
I71J16BEQN,0
X169B2PTV4,0
8QB1I69O6G,0
OXHRV126RT,0
NZ7O3HB9NG,0
SYRN5KB3JE,0
65BS8Y03F7,0
6NQNLCFWDW,0
PCRU33O6FZ,0
45IUMETL0H,0
3WL7WN0D28,0
FS42P4SLBK,0
D84KDHHBFK,0
4RVW0BX3WP,0
9R9KK58L8I,0
8R65PNE7CK,0
85AHHROZHC,0
6IM7XQNOVW,0
9HHH9PYBTZ,0
7YG2PDI8SQ,0
UKY7APE2GY,0
EBVFTSFA7G,0
XKG4IVLT1E,0
KUB84YVL4I,0
20V0NDEBA4,0
HEVNO6RDXX,0
OCNMWK3BFT,0
3VGW59F1E1,0
0ZUKBH0FLU,0
GW6P4YGE8E,0
QDDZB14ZUJ,0
E4RAM9U24P,0
7ROX91FKY0,0
GFS3R8GENH,0
K3H7ZF96WP,0
M5C1MHT9MD,0
NS48LUJIUV,1
DLI4JIETDV,0
MWLDAL3OV5,0
D8RMMGEF0I,0
43VVXT9S1W,0
1I2A3PKF38,1
VW5JCRFNO1,0
F48IKF8C4X,0
2P2S4MNFXV,0
1RV98STDV7,0
S2TF7VRRSB,0
8G0DKKBU57,0
P2C14P7PRF,0
TV5V47ZSGG,0
9V9FCW5MY1,0
7WKV8GESNC,0
NLS2UM735Y,0
VSXS6RVZAB,0
SBUN3W855V,0
FPK1LPEO8U,0
05QVJQ5I5G,0
92VCDGI2DD,0
X1RU75I34Q,0
EJI0K63MW2,1
N1EA4AZPR5,1
XK1PYWXFF8,0
E6NH58H6OQ,0
LCZU5PXOE9,0
2XDOYNYQZJ,1
79KNN15DQK,1
LA53EIF3LX,0
P1UDXBEOQH,0
7S3UOV1E0E,0
723T5VPOYQ,0
PBCS0JVZT9,0
GEXZKQC0L4,0
FUIQ3Y9CCR,0
5F22FN0AT0,0
C3VW2Z3HAT,0
085OD3VTQ7,0
CYCAP0TNU7,0
MNHRWWWQQF,0
DEQCO4JVKO,0
YEWZDYBAN5,0
TVME4I2U4M,0
JYGX27MV07,1
PK6GMGQLN6,0
CJ5ATPZC07,0
TSS801XIL6,0
J7PCLEK1JE,0
A5F6DKCADI,0
S8UD2YH3JP,0
YSMDRFEDJD,0
BAUIE602XQ,0
OZPOKNMYZS,0
94DAUYMCMZ,0
S339ETYY9B,0
ZJP6RCMQ07,0
J7AR0ED4U8,0
GVQVL9EWH1,0
XHYCEZ4BN5,0
L0YCTPOC9N,1
C8LBUA61TQ,0
T8H79U1TS7,0
BTESU2GJWQ,0
2QY2WRQXG2,0
79QNT9P6V6,1
2I0VSY05AQ,0
LCSCTBY7BQ,0
KJ6884H2DV,0
SUR2MS561M,0
6IUR4HPIGN,0
DYL97O4LB4,0
8ZGFQG6GDC,0
HG4ZWZKTYI,0
B16ICJ25AK,0
NKAU6MSR65,0
PQ95EGNNNF,0
TZE2895VV3,0
QVV3QOWSMW,0
G1ZRNSHILX,0
B0R5UWP8KN,0
RR837MLG1P,0
PP5BO7WSJW,0
TUBLRFJUL3,0
HLRIHF161X,0
3YIL0ZQHHS,0
WBM1BF4P8I,0
Q7ASSIP7RI,0
KBGZGSIL09,1
UFV24F7HC7,0
IHRDU9H1FI,1
T9040ZY0JB,0
0UX4YSWU53,0
B6SEIM9KCU,0
873PENE1XZ,0
95Q0QAQHE7,0
9YZ63FCVME,0
1H4CDFCTD7,0
6JIXM241QZ,0
9Z2NY3T0MA,0
QYBZ6QR0T0,0
FTZPS5JZZM,0
EBADVXNCSR,0
ID8M643CBO,0
F6JQ76PURB,0
NZNVWSEND5,0
FZJY6O0GWW,0
RD8LLVNWLP,0
B8UEVO1AM0,0
S86V44O8GG,0
IWJSF03DMD,0
ELN23S7UBW,0
PRFXLKK19M,0
IOKHAUSFCV,0
HWR74Y3I3A,0
BHDCPPG075,0
TGD0CT3SP5,0
6QX46AV2L3,0
YYWAMQBO85,0
LEY93TAY77,0
YORGUA3IKW,1
ZZMP3HAI10,0
AZ3XQQ0PAO,0
IZJ4GQRIL7,0
GPNVY4CR6V,0
URS961RTDR,0
JVILLV47NW,0
3DW8G1EUZ2,1
FF4VT5JQEF,0
IMO2PRCM08,0
IN0IPPRO2R,0
T625VN64FI,0
9HI7EIJ7BX,0
VLV40V8DUI,0
UVXPTHWO4B,0
NW3IL7ODQO,0
44PIV4R1P0,0
9M8HBASM4O,0
75WKG1RNQA,0
4IO8TV0Y4D,0
XGRS5PWJOR,0
R63REAP3WU,0
KDFA4E1ZOL,0
5HXC2OWAZ2,0
GCPCHVVYNT,0
SD41Y5RUUY,0
JB7CIACSDK,0
70Y1QQD9EU,0
K6GQDOOB4B,0
73NR3O9LW3,0
K0TD8KO12T,0
EH598TS1GP,0
3POPC6IKVK,0
RH6R5RIGUT,0
EHWN0CF0WQ,0
B3N035ESF5,0
IWXI2V3659,0
2QCH25UMRR,0
BM4B25R7EI,0
LK2CSAT1UK,0
PL4GIEUV3A,0
4W4PQ34PU2,0
RB7ZG5YJWI,0
8VVREHWRWZ,0
XCKURPHGES,0
LCCI0SC6R7,0
1PPV7HNZRQ,0
Y1K5CXQOWB,0
8MCRF49SLG,0
4A16NSZ1MH,0
1OVCT9K8LW,0
XWV68PPBBV,0
EOF47SPGSZ,0
NNM8CKAHBQ,0
NH75GJPAGR,0
IKB21X8OS5,0
QJES8MTBTK,0
T9YD61M1IT,0
UN4A6P58N2,0
G91K44UT93,0
96L07E71SX,0
KH0VYOETTX,0
2OKFD3CWZC,0
4958DAD60W,0
W9NWA0NFOW,0
O8O8T0EMUT,0
YN9E2NWYGR,0
WG4Z2BC7WB,0
Q1Q2XAUXP1,0
T2V6ARX2QN,0
GNPNUKA1X2,0
EHLNQX7370,0
K556XWL9VL,0
BU0WNENGXV,0
ZPYPZLBFI8,0
8FUAES8VIL,0
T45UFQXTPH,0
3KGBAX6SAI,0
P9M457U0EX,0
G2HGC31GN1,0
Y1U44OKDH1,0
IIDVYJ9S3D,0
J0JYXT4FAW,0
R2Y1VKWZB2,0
89FK632MTE,0
9HUEX4G9YG,0
TJJV98VG14,0
YWHG8OVDE5,0
KBH6ZGMYHI,0
2ATASJVGXY,0
UVRS7URWMK,0
SU92D3UXFQ,0
H8YLPING9R,0
NBFRHM8CU7,0
X4DXGV64EZ,0
T2EZT24O04,1
W8CF13ZKU5,0
YQOLFN5G71,0
9MJTF9T7PY,0
281WK331OA,0
36E6ZIIOC0,1
3SP77U3V5O,0
1FBKZQYOMT,0
G9M8RRP73P,0
OPM4XQ0YAR,0
51YWR8G0EY,0
82TPMVGDYV,0
BHU080XOOR,0
8G209YWMNZ,0
ZOVI7LDPUS,0
2TU1DLRPMY,0
1TINS3VDCG,1
JQCX32R0R2,0
P1F1WW1NCY,0
DDIJRRHZ98,0
869PVQPRVO,0
JIG4OHGH74,0
SCIVVQP7B9,0
QRAKSSNLIH,0
XB5MOAXGUV,0
8QY527JII6,0
990DQTOA4D,0
89591TYVT0,0
CA9N9Z235U,0
B27746HD5K,0
34N6NTCHG7,0
9HEO40HV60,0
YE9PSLGXUR,0
1A2IM0JKCB,0
TPAWF7FU18,0
1ST2670XDH,0
80XO8BBBNZ,0
JGDJZ80H80,0
BORQKR3B8R,0
4AFBJCQVTD,0
KR2GWDQ57J,0
IFF4PEUQWI,0
HRO4CZQTN7,0
UXVCCETAJS,0
Y3KNL7QK7U,0
NTHMRMAWFV,0
ZODTHACT3W,0
L12JKIU38U,0
KKEEF28PV5,0
HKHG4QKKXI,0
M0Y54YWNYV,0
6GM920YDPL,0
XANUVLQ5Q0,0
9RD37IKKR6,0
C2FOT1Y85K,0
8B7HX2J7EJ,0
4IH4ANITB0,0
J7ZMKBDX5Z,0
8ZLDU0PRKC,0
05TJ1X4Z07,0
EM4JOGXREC,0
38QJH7RUYT,0
S5LXGLTLYA,0
7F1H08WGKO,0
KBR42FIPP0,0
FJW71BHW8E,0
0JHYTMJCXF,0
MQ2WLZ44A8,0
WO07SEC4Y5,0
IQKVRY1JZ4,0
W0BOOLV7WU,0
V990CNHDLJ,0
NYNHARPGYK,0
JSMYC0TGSZ,1
JNQV0MN5DO,0
08BFH4MNCN,0
Z2D0IIR999,0
04IV9RMFUX,0
AITCH3LIME,0
J1VEKFAOX7,0
35SGUYAV84,0
8EVQ632ZCR,0
WRKP0BYDZU,0
VLXBGC2R35,0
PRKKYKTOUZ,0
SE79A6DMST,1
2QVS7Y0Y1R,0
ZTH1F9HAXQ,0
I53IHM0M9G,0
HZC4Y10AIU,0
TKH9ZV79AO,0
2R6J5UVJR7,0
7U8Q3820WD,0
NXTY5S8XIB,0
VC3HFJ51NK,0
WK833ASWYT,0
6E9BJM1G8L,0
TMHFSCLV0R,0
QDO17OI5DT,0
FOMH6E9WNI,0
41BDSHO99Y,0
1CWLCNHOMI,0
FD8QP024KC,0
36742YFHI3,0
RZ813M5RHS,0
R1A0659XXT,0
UEXY6BLB0H,0
PTAPEXMDQY,0
WG1CIZOKIC,0
EY1TL0VYNC,0
D7SSJXX2OR,0
SA58YHSIKF,0
C83C3LKK3V,0
0KXOY2PIGX,0
FVEMS9CUDL,0
GD1NLITTXM,0
D9TOVRMQ95,0
KOOFMUSEJU,0
HIQ37WBGE7,1
KCKQVIGA2C,0
MWDLR00KJ1,0
AK6AO96V2W,1
4F5PN8D018,0
5RQ8L6SJVD,0
KQFWLSY8KQ,0
0LQJ2CYU6A,0
IHNV8UNZRA,0
Z54G45TV7U,0
VNVAUOFWUS,0
C10I6DLLI0,0
1YH2OB3VUC,0
LQB28GLEV1,0
BX3KZFCJBV,0
UI5Z3J3M5N,0
SKEKWEHYJ9,0
O3MHONS1Z2,0
YEDEGUYHOV,1
XZJFM48C5I,1
5297BC8JRA,0
3FV882NXPW,0
V5XB8KVU8M,0
WUI398PFO0,0
B9C86FIEQV,0
9BOBJNLZGG,0
U6TK49D7K7,0
LF809C68ZC,0
69NFSD9NC7,0
STHZQA4RNB,0
2SBNHY1Q94,0
6N0I5KLKK0,0
45RIUR2GLL,0
EX0RDZ2DTF,0
ZP4UOF2M96,0
8Q4O4FAKLI,0
R64F95H9CN,0
M4APF0ZRR7,0
APGGCMVKNZ,0
AT2W6FTI6F,0
ITH2G4VEIQ,0
M6QA1D3WZH,0
4HDGSBOW4K,0
75KB5EXR80,0
M9CLPCV98V,0
KKJHRCX5OD,0
0KNVEKA6KU,0
FNV4FYVLWM,0
CQAIFITIAE,0
S0WKFXHPTM,0
K3030H802H,0
RRS18BTII4,0
ZVQOKOP6CR,0
CFSVYCUL71,0
I7PBCP9O5M,0
XKSNREQLQM,0
UIQSGZSFIH,1
W1LWAVR6QH,0
09PUYJY4BR,0
TSOJ463BP8,0
QYRPYUHBLZ,0
SEXO9K5XXY,0
1NDYMIJRGW,0
7GP82DJR6Q,0
SXC9O2DQDQ,0
4H4A94SOGI,0
1INX4AMBRV,0
QQN9NPFBVE,0
QZYNAPGEII,0
9O5KTROS66,0
BO23LBTEF7,1
K5VUHPECBG,0
ICX5BRQRFR,0
KJU4QPM6U6,0
ZQDN7R7U9R,0
7C30XV0VTG,0
R1KIMONQH1,0
O61JEPT2SB,0
NJBYJD8T6O,0
R6EPXGEB96,0
Z1KA9300CH,1
X3ZHMESHUE,0
JI9ZQ8ANVG,0
M7XEUTY252,0
1UTP5E3OXF,0
IJBB8DHHSN,1
Q6TQ80RSUE,0
M4AWO2ZF55,0
ATIK1PE225,0
BKV5T3D2EQ,0
BI5YCZGSE0,0
JJM51QITMI,0
T5L9JNW7U8,0
9XIZBCY7CC,0
TPDDR5A5RU,0
TJUNX8KA2F,0
49QJKVUST9,0
UZF4K5XLMI,0
JEXM75DH93,0
COPICCSTV0,0
CI5P68RTBM,0
GPO3X8Z8Z6,0
2QC9P1C4WQ,0
YQY9K453EY,0
8VQADY9C61,0
KGWTYFD5E4,0
L3JFWS3VNY,0
B2BDW4Q52Y,0
QCCQ5WQAWW,0
47LIOWWMGE,0
2DZER3VX4W,0
YDAAOX6MYK,0
W23LK67JMT,0
80QMKHBZ3J,0
IY643LNTU9,0
I3J9ZWHF1O,0
O1TMUAD4UX,0
134JMBUGY8,0
XOD8VVQ30C,0
XPXKSEYYDL,0
G9TJIYVG6S,0
YMP4KNHBNO,0
D5ZI7MMTZ4,0
LL1PD8PHSM,0
CA38MO09T6,0
G6PQOUTDQP,0
4AUPIOS07U,0
BT6IAYF5C7,0
VARD5BHAG1,0
MLGT7JN845,0
JKHQYD1RA7,1
2MAI7WST63,0
HT5PMC55A0,0
6Y0YSXGBBV,0
RNW2ADM09M,0
2F171LMQI8,0
N9TGQV4B21,0
SM9YKNHEO7,0
911FGT6H2J,0
KO28MB1W2X,0
LSG13QNLEN,0
864Q7JPMV2,0
JSFLDPWNRV,0
N5UFOL7HTO,0
HRE2G9Q9AL,0
654UCI6Y2Y,0
LPM3WBWNLT,0
FK2DFP06DN,1
21FTZ88DW9,0
C1XWDWHWR2,0
N75951VS6Q,0
7ULC6BFZRY,0
9JCJS3NG1B,0
PJIZJATWWW,0
XMEATUM55I,0
GO3MU0QJ8W,0
K3V7RZYMYF,0
I56R0YB943,0
U5T76ONMQA,0
4A5G3HHTH7,0
7SP9V8EB8J,0
INSCNI66DB,0
J5T1FNU195,0
06T7AMXSSP,1
ZHPRQRN3J1,0
T09SAE3ULJ,1
0OL7JZOIVJ,0
1BKYATBSBZ,0
7QSO3NZID4,0
YPH1A5S2US,0
22L3HZMEKX,0
HTE8BISJ13,0
WKEIVXYWIJ,0
L56RZ5AL12,0
OUJXMF1J8Q,0
QUHFJJ9VMI,1
2DPR15R2UE,0
JJ0SJIGZA9,0
LAJIZH9A9M,0
RJSA0WQZHW,0
CXCDGBNEQV,0
0S2HZSVKW0,0
TTS37TZ71Y,0
USO9UNUADF,0
4SEY6SB061,0
F5TK4CPUMZ,0
UK86A6L9VV,0
UOIFL2HHV6,0
K0LC6N8U8J,0
RFDYQKELSK,0
634ZKZ3SS7,1
OPWWC6RXYG,0
I59UCFGZM8,0
EQYDUOKFZ4,0
9UVHSY93X1,0
7LZ99L1BG8,1
HFBHMHV7SN,0
OQYKPD0XJ9,0
M8FLDNM4PF,0
6PANA8A76J,0
V1PALW0HNZ,0
YYVDFSLERJ,0
KNMP93A70X,0
R2Z6NHFLCB,0
883DO3OUI5,0
3N13BS3RRQ,0
D0TQQBETV2,0
53IZWEXD2Q,0
YIOMBK79RA,0
WV6FVD7LEG,0
ONDA1GLA3S,0
XB70B47FST,0
KTYQFRAG1Z,0
6Z4J4SFUEX,0
DTC6ODL8KE,1
BO4AIDKGKQ,0
B76QCKBD9M,0
VW8C2USJ1F,0
0FAV700DGM,0
6JJ2XUXP6Q,0
S6HJNJOK8H,0
BVM1705TIP,0
ZC00LQ1L56,0
ZNTSLFT6M7,0
P1EG05GZIC,0
R3Q0RCOOKG,0
BH8IULYTCP,0
SY4490TMOL,0
65GZFL2W0F,0
P3B64MASWE,0
BLJDDQDUD1,0
AW44O74LLO,0
7TBA3V2LZP,0
B4MBLPZX1C,0
NVTLVPVV7V,0
I0DVR8WMQH,1
LXMVDUYEAP,0
XECBJFGRLU,0
IEZK0KRLL8,0
X2FVET9BML,0
6F8XYHV9E7,0
85544KU2P5,0
322Q8H8A2U,0
34VXG061ZO,0
DDELBLRCKY,0
P3GT4MB3HB,0
W8BWB8YRCI,0
08WSQGTYAN,0
JVCABC1P3N,0
PRWWG3IPGE,0
SZ7XRU1GR9,1
MOMFO5PU0N,0
UWSS4H9SR0,0
EAR7V5IW56,0
9UZK8Z2IZ5,0
EUCZJU2PVS,0
KIP8NZBSM1,0
H1OSYAZJHK,0
U9B8CQPAAO,0
1G4IJZU73C,0
5BAP3PE092,0
RFIMTHWYYQ,0
IXLJIAMFR5,0
NKZ8X1KA1Y,0
JTUC0O9PYG,0
2OD0C1Q6NL,0
HAH210OJ1P,0
LM7ANKEK8D,0
3LB9W3IKIW,0
J0QZDWQXWI,0
UH142VEI02,0
NIK1M8UGS7,0
5BBRHN89UE,0
TT5HM6O3XR,0
B9W4V95E7V,0
SIZVOFY648,0
MA9SU8K83L,0
6E2355X8J3,0
GIKTM13CT1,0
UOL8ZL2GFN,0
PAG7U7DCW6,0
U7JDH2GKVY,1
U5VIER5B3D,0
R33MAG7QTJ,0
97DFXYH0R1,0
MUFTBJ9KO4,0
WAZ3NGX2NA,0
9NPKVLMTDV,0
QIDZLQWS3X,0
0TZFQBTECE,0
J4PJZ83PCR,0
2933HIMXFX,0
FDLT7TXMXQ,0
BAVC5U1ZA0,0
7FES5UYST3,0
AH6GPJKGT5,0
XSE2Q9FAXP,0
6RZQOS7AYC,0
9PXVJ795H7,0
AT19ABEUSH,0
8Y7TJ8SDAT,0
2SH2AMFBTP,0
0DHZH2MYJ3,0
PDLGCUDIAX,0
LBJX373YXN,0
S73EFFDK8U,0
C2JUK1MZT7,0
85TO0PPVNJ,0
002N7AD8GW,0
7XLD2FKW16,1
6YOURATMN0,0
KD7ZU5B0MQ,1
3PR7PA53HX,0
AZS5UJU4VA,0
IH86ZW4D8J,0
U1RZH97F8Z,0
IQ4TMG6ERI,0
D12DXQXSGS,0
LX2TB5NNTJ,0
G3EXSGC5CU,0
QL586DHHBX,0
YQVS57LO76,0
2PZ1ENEDTP,0
0WFQW9AX9A,0
5X618V2T60,0
ZXLF61952B,0
Z0NCRBV7K1,0
E7TUZDT7AK,0
76EFCWYI0E,0
H4ZFLTPXOP,0
L0X9X1WEII,0
3GJNP4M0UC,0
DAZE9S1H0I,0
OZKR2MSVDV,0
O4O1AXX7O5,0
WPBBH2DS82,0
034VZ3QOR6,0
4YUT0RGMHI,0
C504TR6ARH,0
AT6Q5QR8UV,0
WI2NAO3AOY,0
W6GYBGA089,0
1DADD9RGTS,0
5MHJ18G512,0
12NHLXHLS2,0
GDPFD7TU8N,0
EN8E7CWQUG,0
BPN1RQ5TFI,0
KNICEZMLKI,0
5SM9WTNMO5,0
ILK7IKHIGH,0
MEFUBEQJAM,0
NNUYPHSECI,0
0G47JNCU4K,0
9SXZ5MX5BJ,0
UYWF07AV5A,0
R0FIGZB0IN,0
0IEWDRK7F6,0
PYMTSWDN0H,0
BSVN6XG2BO,0
GE13EY7JPD,0
8NSCN8N7QI,0
QLV52QGGG6,0
5VD8KUKDV9,0
P2QTHYB9BN,0
Z3U8TDD6FU,0
DCKJ12HMQ8,1
630JSU8OJW,0
1JUMFPOHIQ,0
G03OXJDVL8,0
DMRQNL7UHY,0
CBRJZ8TVRJ,0
0T1G28PUD4,0
TYTSV6AURU,1
5SHZRP4UWQ,0
ZEUMXDQM34,0
ZFPD4F21C4,0
JE8JX0WJDH,0
RI99F56EPA,0
U7A0KH5RD7,0
ACRRCM2GIJ,0
2Y1OWECAVG,0
8QEFFJ3HVE,0
AM2XPBZTZO,0
CQ6DFIOYSQ,0
5JR1OVSR4K,0
UN4Q2SGXPZ,0
FG6VDF24D0,0
H94X7DNEXZ,0
MRUJDEJECA,0
94O0X260C6,0
0V8X56XAFI,0
BIRX6R7HTE,0
U3CRW7N8YI,0
2AG0812UD7,0
XQ8724221D,0
4WIC0SWZA6,0
YPPTS0DUKF,0
OSI5QI1ILD,0
341P18VPXS,0
ROBKNODZOM,0
PJDESIFMB8,0
FIKZXJWCWE,0
YG8CYVVKAW,1
KQW6GBEOKW,0
FJE87QVJ4N,0
N5MNBM929J,0
3WOWCPXFGP,0
8NCSIHCVZL,0
O93IL0JAA0,0
IJ5ZRBTI4N,0
Z0IM85GWKF,1
RCRWU7K0VN,0
E0C5JBR176,0
VO2B6TCU6O,0
HNQFBJ4X74,0
FKD1V8976C,0
7ZTK0RQXRG,0
N49QCFMJVN,0
RE54KK1DAN,0
CT58DHJVDD,0
QPK1VVKYSV,1
GVGJ90TAM7,0
FC8BW9RXF6,1
MIPYMWIXZ0,0
80XA1HHHNL,0
OQT4WZWLW8,0
6HOXNBHVEJ,0
JYU0I0K4JN,0
OX2TDORYB3,0
5IZGQ0XOKC,0
4ZKM5L43WI,0
5H8BE119SX,0
Z6X8PCTRQK,0
ZLH6S80IOT,0
19H8GO5MT8,0
RFXDK8MATS,0
35LTNSRRS9,0
UX5QWA39TC,0
QP61478LMY,0
7O2ISL42EU,0
YVSS44DC6E,0
NH52TGBJNA,0
MZELZ22G1A,0
OY5G2DOHKE,0
TVPKRXWUZZ,0
LPT9Z5PVP4,0
T86A42OV5B,0
PCCHP4Y39G,0
2HCFZ1N5FE,0
Y62XU5JU6Y,0
U5FTAA5V59,0
NERN2IAM99,0
C6TPG7FUQY,0
SE8OHOHW5I,0
YRJHFVWS6S,0
W85L87Q6A1,0
R9W7AFOMH0,0
PRW0F81MEA,0
HWUWVJM2EM,0
IR8THMMRAA,1
F4S7YKPPMQ,1
N0WCE83QOO,0
DPRIR2P421,0
IT36279U3V,0
IBGCV0TD62,0
1AIKSB86DK,0
O72T7OD3GQ,1
9TPXJY5AON,0
137UUHS5DB,0
UIV4B4VGGN,0
1JIDVGU4JW,0
ZRH40YGLEG,0
PKO8OQ3GIL,0
1G8QZ8FIJP,0
24OO9SGM85,0
5QCYKBLBJ2,1
J95QH3K9UT,0
7LZGVVT27A,0
85NIRAXCJ2,0
11WJQFHPOW,0
P37J7BAYNU,1
OFCS5WG6I2,0
LLTMSA3JZG,0
UU3HRPDH9X,0
ZW044KZF2M,0
XUSS8M0P30,0
ERWFYYS24I,0
K03MSY0IIV,0
UL3E5V28ZW,0
1N3P7B3F00,0
5Z6VISG1JA,0
OXOP2NMCE4,1
E0CNQK8RTK,0
IB0R41DZPK,0
KXF3UX3PRP,0
7XTYTZVV0D,0
O6RE9RQ7YW,0
G35Z6W50L7,0
H5AU0DK5Z0,0
K0QKUD5XZZ,0
BTOU70AH38,0
5DEWJV5KYJ,0
E9Y9O3M6JB,0
3HTN8E91TB,1
X1TU3RA2X4,0
9BF271O26A,0
SYXVPNC1E6,0
ZD4QCB8F08,0
EULA08X30P,0
03TV1X549I,0
6XILXSK3UU,0
HPU1W5W97N,0
SU7428D1A2,0
5U5U1FNOCW,0
C0EJK1B8E4,0
C4ZQE5M4GN,0
RHEHVCBYSC,0
GWAQQPLFVG,0
SFKEZTC9DV,0
4FLNSEWH24,0
LCDRXMKXFZ,0
T5H4497YHV,1
2E6SC2OLJP,0
YKGL0IAA24,0
JLX9LL29OK,0
0BBE5T4KG7,1
TA2782EUNQ,0
H2GDXRZN97,0
88ZQ209UUK,0
ROPK2DB6C6,1
0EGJGQLPN5,0
7I7A0URZ1Z,0
K3QATUPUYW,0
P5E2ZVJWFD,0
VDL55DXYC5,0
Y6EYGSFJME,0
FJYFSWCOTR,0
DUQX3193SW,0
BOF9NNYP1S,0
88U4QJD5PK,0
632CU3TRAZ,0
G6TBIYC75R,0
F6L1T7BXWY,0
R1RQWAIE9W,0
PL43DYVTXD,1
AGE9WS55BQ,0
IVQ3K0GO9Z,0
4ANQYJ35KZ,0
V2D1SY1OCJ,1
XOEQ2CH07F,0
G8CX6X4EVK,0
WUW5X4M6RT,0
NGH6P1Y8O6,0
N3CL7JAZU7,0
DHIPOFZL7L,0
1V6DEON5LN,0
0RQ3UMA5CF,0
THM7FW97ZR,0
W8JZDDZFJ9,0
22ZO013QTP,0
MTRGJ8X6U3,0
9EYQYDOCP4,0
CAXZSOPOGZ,0
25CEAB4YKN,0
TN70RZ3UI0,0
PJQFCOLA1R,0
2KT8E3RVEZ,0
VRVOIU4FJ8,0
6LXJ4E92OP,0
P746249BKN,0
A798WRHDP5,0
CQWVWF9Z2S,0
6CJS4A04P7,0
1SG2IR9BX6,0
7XL7Z5TZQ4,0
I6KC10QHMZ,0
IS0OF64O9D,0
JVFPJ1NNT6,0
3OENZB4EJQ,0
2V2HR30UAU,1
3739EEU23O,1
QRDRRMEX6C,0
UDNOTWCZT1,0
LHBUCDKBBE,0
1QA0RY78EB,0
0P5NLTOIOB,0
LJ2T2VAO9W,0
LQU7HVA33B,0
PE15O68KH1,0
VF0G27IGG8,0
QQ04UFM3HQ,0
C9H0OLPSRH,0
2IUW1YMUT0,0
34TE9S28H2,0
L0ULAIU98A,0
L1GRFG0FW7,0
XN8JW6SD9D,0
QGNYEQ7P9E,0
VGGHHJ8QE7,0
NTZSIKSAPU,0
8FKL40ZWX9,0
LGIQO11XMY,0
7TUYIBMSUU,0
UGABVDVHFS,0
KZJ0VUZ8GT,0
3BSY1XJSBA,0
H1JP2L6OP3,0
FBOXQZ6PIU,0
GEBKON7QAE,0
DL86MA4P9K,0
8KHNZOD8QL,0
4CJHSLDH2C,0
F4K4AC9LKR,0
G6LP1WZ9AU,0
EJGG7NC9I7,0
XHB0RJB5US,0
N6Q511YH1A,0
6UM6PF191Q,0
HDVXL0GJUC,0
RP622D98D4,0
Z1QFXFY7D7,0
30AN0HAEN3,0
KP74F3OQPQ,0
GJ4J9ARMUC,0
E3MCPJFVK1,0
1IVMQ77ALW,0
4RB40KMV97,0
ANV5BO0157,0
U10DCX4QGF,0
HE8U6O599G,0
ZJQ646BFNN,0
5AZMGY54QA,0
ZMLZX194PZ,0
ILQ9OLQ0GQ,0
EFZSQWE44L,0
OXX6Z3PC8C,0
DD6LLN5FZ5,1
7TCF7T9JQN,0
UDXQGOCHDQ,0
USW55WG01G,0
H8IRCCG3GZ,0
8TRPI2DEB6,0
XG0F8RWD8N,0
21233B8KHM,0
IS6VRPSUZ5,0
WU7VFMC6AH,0
PS3W5O3T4J,0
MM8QF4E0D6,0
7OH98UHU3T,0
M4I0LJ9I7G,0
Y7BXUWV29B,0
QO3SF8ZCNE,0
91Y9VJ24ZV,0
54SMBL7WP9,0
LX32OBD3YY,0
3H0CI1X8BD,0
PXYYG5MJUZ,0
53YWVW7YXO,0
78ACFQGBR0,0
3MJN0K257W,0
QZDETTTJSP,0
67CMJZ3XMN,0
XPPYL05TBX,0
9J5KZFVAQ5,0
ERV54TCXMB,0
Y9RVILKINJ,0
J98VOZFPRH,0
31PA4I5C80,0
AH2NHPUH58,0
Q1YUQ21TC6,0
4NQ56UAMMN,0
90GRLRA092,0
3WZQXGHLZJ,0
V2FB0XJ6DE,0
U4U2Q32A8Y,0
B5ZAVAUK2H,0
XIM8L2D6MH,0
32J2DXDNBH,0
0YPQG4TYC0,0
DVB39ZVOZ0,0
ULY4JX0A1M,0
3W0D6JDCQF,0
L188AFZNBU,0
DQXB2R02RW,0
GBH8FF4Y1L,0
6CK6BKF7EB,0
J28UNHGMDG,0
BAQ6K1DONL,0
O9DWEVOAR8,0
PHNHFEYZ0P,0
WBBCVFQUD4,0
6TT0V3EUR7,0
Q7S4C25P87,0
H1IGXM0Z2U,0
SKO57ETBU4,0
CP5AZDM80S,0
Z4YO1F1WHV,0
68DB9E5NL8,0
RETLOO0EAO,0
SXNL89927V,0
LJ0LU3TLLC,0
D0WB0EP8QV,0
J41KZZ7JPQ,0
B5MWPH6M4F,0
81T6BF2U3T,0
VVEVN8RL4O,0
UP8LNVELZT,1
IXE7LWCGP8,0
Y0KVE9PLAD,0
KII2WBAK0Z,0
4N9M66L01P,0
AGFEA20HE7,0
SISZDBQY0I,0
HVT3YFICZ4,0
BX1RIW4COT,0
VG4P5QFJAM,0
3M8H1APCG9,1
IF97P2UAEZ,0
QL24V1NLAC,0
S7ZG4P4O16,0
E7OAX59CQ5,0
K4JDADV4M4,0
7WUIE5YM2W,0
Z5KLBFK6MB,0
HZ6Y27DJIM,0
SESCEJZ1OD,0
XQK1UUUNGP,0
3E1DHP5RFV,0
HPCOFIZO80,0
CBM940R8TN,0
HX5O39LWKI,1
B2JFSEN3ET,0
PBKYQRO9L4,0
21LJV1M2FO,0
8PPE3CSN7Y,0
VG73A8KSO9,0
RWPY6U25Z2,0
SFXXSOMTH5,0
E3NUQ3EY8T,0
V21BHDYHDS,0
ZIMOE8ZOYF,0
6FWEMYGELF,0
MRBKDRTYNC,0
J6U6SQLD6T,0
YWHM5V7RZ3,0
IQRP7PS9FA,0
20Z60NXYI0,0
PMTKLK1F9Q,0
7SPZ6ENTBK,0
WRJPVIM6JZ,0
1BKM1YPQ88,0
APRF6L54WI,0
6X4KN74CUM,0
INFUDIJ98W,0
6V0MSX9J8Y,0
K74MC8ZBZZ,0
8IE7XS2XTH,0
0WK96TKTFN,0
WSTPMLNPCO,0
2ECBC7PEWI,0
JMZ0HAN5SY,0
6RHA093252,0
PITJQMTSSF,0
HXLI9M7C94,0
N208LALF6L,0
1QZ3Z9J961,0
9FVQ23JY5Q,0
1YIYIU7ODR,0
1VI03QMDGU,1
WTGKY75NHG,0
XW6F6DYSZ4,0
SZOA36RTNA,0
QRP21VKWJ7,0
MUD87RX5XD,0
SYSNHKUMQR,0
96DFH39UVJ,0
6A9G3ZDJ5O,0
MKMBMURQ1D,0
PEC6CK3MCJ,0
QPIMDMPIEU,0
CY7XCBPR39,0
8HOHJM8LRF,0
9TDY6B6RNH,0
7DUQQ1ICH8,0
BP516UDYI5,0
0ZA1EZL5AF,0
AXT1YXF8K1,0
5TED20BM87,0
SQVYMH2UPV,0
I24263I000,0
WP8TWPVA13,0
STF3B169QZ,0
CJ9S1BGAQL,0
I1JNVBNMRY,0
54U612IFYC,1
W2DDUZ80HM,0
KEJUI9GYX9,0
4OG46LAG74,0
BMH20PD32D,1
9X8PETUQ5X,0
60HN5AVX93,0
RJ18JIUI0B,0
WG9MA29JLN,0
WD0TSQ1XP0,0
QCAFIUHAP2,0
Z42F52C11M,0
RLUG9AYF4C,0
LZZ79OOGOL,0
NS5KSIJ9VV,0
GR0ODF12T8,0
88TIMWD3K9,0
F085XLYUZX,0
4HOJJLGGO4,0
W1HN443JWW,0
YE3ZNHBZ5M,1
E20L3L6130,0
W6GUFGCNKB,0
UE84V2GC5U,0
RQD8IZV5BG,0
K71PQ2J4T1,1
KDFRWFMU4H,0
UW1BP955UE,0
A4T0YXUHVW,0
1BKQI7MIPJ,0
CR4SZIJWAJ,0
7OIAIU36BZ,0
ZQ3K4DY437,0
P2B1ZMKETO,1
ZLFZ14GVP1,0
4WZ39GYAJI,0
7YIPDN9K3Y,0
VPWK2SBXTD,0
0M9W556VNO,0
MPFOSK7K8A,0
7B6KG01UN5,0
F7J7C8XIDH,0
MXH1W3Y7U7,0
MRMQOFWUCH,0
YP26W8NP9O,0
XLWAC87ZVN,0
RVAONRX9KC,0
ZVRK576U7Z,0
REZGY8KRNK,0
QDLB1A5NKH,0
963HFKM3CT,0
CR5H86OPZM,0
9PZJ1MJE5U,0
SEGM4J6OCE,0
2WL4GBBMRO,0
NRIM22XL3X,0
WU391OO3WD,0
8PLNB0T5OX,0
SJB1IHF2GI,1
KK1MLRXHUX,0
6BH5DMFG1Y,0
LCT7KEVOMW,1
AAAKYRULFA,0
J7O7J3BGEA,0
QROYFPRGTR,0
TQGV4S73T7,0
EH52UOS1CT,0
TTD0ODMB7E,0
XUQDLSK57L,1
CO8EBWF59G,0
NYBMACVX3N,0
JS502QFF6N,0
BBPBCX4BXZ,0
4IYDJWFU0G,0
0WVD6J2YIU,0
G0FDMES6EG,1
4KUVUDCDW8,0
MH4DBGCK3J,0
E6SKIXXDVH,0
R5PRK4RJ6A,0
WFYI1BDAKO,0
X25TC4KN65,0
3KYG1A95T3,0
U5BDUL1BKJ,0
VV9EZZNGF6,0
OTISUP9P6K,0
9S6UMVWRSK,0
DRPR8KZ3WV,0
G7LEYX0U3I,0
87T8H2I1PH,0
T1RRNJFQII,0
OC2ZAMNVUO,0
4D5500J6JH,0
KPT79EFHPB,0
CRSAXGNQNA,0
MN4VTSGW6X,0
LMCRA1RBDZ,0
FQ7BLJKRTN,0
4OY5LM6XB6,0
I5VYG4FKPA,0
QCDYH1VEOB,0
5QYISH6WB6,1
KSKRRC3W28,0
31SSCG34YH,0
0MI7SVW9W8,0
73GEMTUGSO,0
FO8LJUSG7T,0
5ASIE6C75T,0
WUCC1W4ZLL,1
Z834K6JJWS,0
QJRVVO6XFF,0
1CTBTKYR47,0
UHZJ10RR8G,0
2LRS6SJQFS,0
VMMYDPPPDL,0
4YMM6IM7Y5,0
BUPKFGZXZI,0
LPHUDZLS67,0
4ZUH64MTSA,1
2XBA2ISQWN,0
66PL24QFQ1,0
24A9A2H8UH,1
6FLM395YFQ,1
XDQN7BJNZF,0
45HU4GZA6J,0
UHADGRDVYY,0
V4ENSRBH9A,0
XEE3OBI9EQ,0
WQB804Y3CT,0
TNFRZUSPXO,0
2CO4YWUUCV,0
63YCN4VJB6,0
RKAKRXCJM1,0
M9B0Y5NY4A,0
UXYV9JHRPN,1
7KRU408O41,0
HIC8DPCEWE,0
J7Y60VYQ0S,0
F8ZFAXQ377,1
JHBL6QVLHT,0
BV5D5ZM0YG,0
FF1UDYTHNU,0
BAZ2V1GLL2,0
QPMOTGJJPZ,0
G57MP0IMSX,0
29KNWGJ1NS,0
KA2MAJH1F0,0
1ILDEX7ZGQ,0
LLPYDATZ81,0
Z4Z0RPKIHU,0
YJT3DOAEDW,0
EEVT47G96P,0
AKUEGSREC6,0
TWJBANZBO6,0
9S2MHS9STY,0
SFZS0LDC5C,0
6ZHJOLVXZF,0
QH6UXJNMBO,0
Q55S4EZCM4,0
8I95SGRK56,0
GU4UX0QKCC,0
11GKD4XSQX,0
2YDX47BSJA,0
53QWQ440HJ,1
Y21AWO9B3F,0
DZ32WKTFIQ,0
VOU9SY2FFV,0
I38XPCM7GR,0
8BGES0UCFS,0
XXDLDA7AE0,0
CPP8GABS3N,0
GGF4CN9VCF,0
FVA6D23IUH,0
JD1NTKPCY6,0
5IVAGAXZWI,0
1YAOYOSL24,0
LHP7XTLC5A,0
7LJU64XG61,0
TMBAFGF7FT,0
6KDEY20TDU,0
H7XJFWHZN7,0
V5DUUUP8H9,0
EIX46RA5KL,0
PSOG37W4PB,0
4050234E6E,0
CXW6L8K97C,0
RQEA969BN4,0
4774P39MZZ,0
VY8MIMZQ6I,0
TUDOSP4EOA,0
B1Z2E3K8K1,0
9GOEH42Z0A,0
U1MBF41WRW,0
C6ZXIAPYUU,0
EMEOJGN7J5,0
0MX3COUGQ8,0
V2FE5DU34O,0
MR9LWF88D5,0
LQOWC6945G,0
LTXKA7IT7H,0
8QMWD2OEA6,0
SDU99W3YD4,0
BTDN2TT3BP,0
48G4888V12,0
9M48Q5P8RF,0
SXR0L9Y1PN,0
210850ZRKZ,0
IXQEI3J5SJ,0
VJ26UNNLHB,0
X8W0JUIH9P,0
2TKB6LM7FC,0
RA33J95Z96,0
12IHH791ET,0
BPLZIIJ4S1,1
J2JZ9TYBB4,0
NU4NLY3RHY,0
5IIQC0FQ8D,0
BVEIJIX1IR,0
H2WH2XL11B,0
86TON17120,0
FE08MBKL8N,1
SPYS2UNDWG,0
5YIHGX2ETH,0
JA9IIEN9PX,0
K0WEZS08AH,1
XBHXL393N2,0
K5NS1B4DXU,0
8F1X6ERM8B,0
G0IV9NNP4I,0
CRHVXHGUL5,0
8F7DSAE5PA,0
M3SNV9COL5,0
N109XWVHPA,0
5S6AKLB7DX,0
SKRIVE9V3O,0
659MO2X2J3,0
F55KI6VGK3,0
OH3P5QKHMS,1
02YNF82NV2,0
BI5UE2BHHD,0
SEB2OWO6S9,0
IZMTLAUR2B,0
9YF71CMZ83,0
41J2OR6X53,0
F1VAK9AVW4,0
VX9AJSQZ4B,0
4OGRP0VNHW,0
0E4KIYNP5J,0
F1LR9EEAHN,0
Q0A86TMJXL,0
R6A0F73I8H,0
W2QVV1MPPV,0
VXDQ4AURH6,0
N2Q72YSBT4,0
Z4J2RV8A8R,0
DO43J4LITD,0
ZIX10CD9C9,0
A7H317FIMZ,0
FQTNK809NQ,0
NCVMB8M6E8,0
9AMCQ67CSO,0
KKL1VJIMFI,0
939S8F5OK7,0
1WKQF5N08Z,0
7TLX40EE2O,0
IWTCZUM8H2,0
VOHW1DF2PR,0
PQOP9TS857,0
TFOTO0SEUF,0
P8GGPE5W74,0
LETCQ8ZUMW,0
398UBAC74R,0
9E9X0CK9HI,0
9GM7S3KMW1,1
L1LHJ4XIGW,1
5S9UFS5F0U,0
RWRNS91UR5,0
UWA54FTPTB,0
TP0FMMR16X,0
OR892QYQT7,0
77WJW3VV68,0
APM62S29XG,0
TVY931O05U,0
NFH05CT107,0
PZVI8KR550,0
19IV80NL1G,0
6WUO5UEGCM,0
CP8QIA2ASN,0
RN5MQZJ5D5,0
PA0YCZQVMG,0
4S3SAAUF1B,0
IR9CHJ6JFF,0
R61Y9ABYNO,0
KHBJ4YVD0N,0
XMBTGPWKRT,0
TUNADYH8PB,1
MGXMDB2BLX,0
O0OGNVKLF6,0
PZ0IALELPB,0
GH0T49SWSY,0
48R9Q3WH5X,0
QGC1PPEJ8E,0
QNCUACHK6D,0
ZBS1YBOXAS,0
OUD0IAPBR5,0
93VY61JF6C,0
E80VODBOX7,0
X1U2BMQ6TB,0
R2EYT9KP1Q,0
7EFDU2QZDK,0
4PB7I0OTX5,0
FJ72P6TFR6,0
TI1WDFHX2Q,0
2GR3GW6UWI,0
6D9BQ0G6R3,0
G9YPE3S3X4,1
A1TKML6TEJ,0
KJ6QAYWQN0,0
5IYVHQA94K,0
XUTE75VKDA,0
TGP8BOHAU5,0
DJDGK1PBP6,0
G7I7LZK1J5,0
ST5L6OIB0D,0
S7CK81C8LO,0
8G65SCBA7U,0
BFTTJDC0H4,0
5WCY3MFR7G,0
5O6FU9WF0I,0
3SS2PNKLXQ,0
K8DSNE35Q3,0
VLUHCUPZAJ,0
0I6QC2S41V,0
NFUHAKTFHX,0
8FO9ETGLN7,0
LJ5RYWTSIQ,0
1468U70PSJ,0
IR2Q3ORF0M,0
FXWW7XZE0A,0
RQT5FDKGHZ,0
L87SL1FNTE,0
HO3VKAPM18,0
1BNSVYQZ05,0
SVHY9Y8D45,0
YYQ9ULPSYH,0
BPHXCFDV2W,0
OPB7NXHJHV,0
9ONSG5PTPJ,0
04PHHI7R80,0
KRZ1UA6QRX,0
8QJSONHQ35,0
YRA8ZNFBDW,0
UEQ0GC1Q3V,0
PEX35XNM72,0
D8QEDMGQVC,1
0DH42LAGDF,0
ZVPPO5GHCX,0
ZBLU22P0FM,1
0RM9BOF8AB,0
YVO06I8607,0
2OCOJR5MJF,0
E0XXL7X7JZ,0
77YOWBZ5Z7,0
UGWPZ3QMY1,0
L8G5TXWCRL,0
9S1BCLM6ZD,0
OODGZC0UE5,0
RB0T3JQQ78,0
B6KJIDXOI2,0
0S6F3EXJTD,0
9BV33NSZBW,0
KHIJLY4MYO,0
K83XL5KTVV,0
R5U8V3FTCF,0
3YJ689KP75,0
8020D0JA4Y,0
7SGLFPAH9W,0
QMFNKG8OT4,0
XP1XFMOS4H,0
FR6ZF47XSL,0
6Z9SDOZHSJ,0
ILQQD2SQG5,0
XHS0RW9ULR,0
591FUZCIE1,0
7GPP1Y46BY,0
HZ6863PH2V,0
RZTUDSB2IX,0
6ZRADWAU9E,0
JXS6OFX2IL,0
UWAU4VEAAA,0
F0E8P2ZHN8,0
IWVLRGRLKY,0
JX4W7QCC6H,0
M0I6644BNA,0
INKULD1R1R,0
6N5Z5ZR4I5,0
XXC4C3IMDL,0
1UF8ENWWYA,0
PJ3IXNLU67,0
692MQNNOTV,0
JLNDU9M7PG,0
CSLWO8Z1DM,0
XQ99JBM7OG,0
7E2Q0N06ND,0
W08J1KE769,0
WDJM988J94,0
T9KMV8I0UU,0
RWZEVT54KI,0
QH0W6XEBB1,0
A6E4LN07RR,0
ROHI22KW2V,0
A5ZS480Q4R,0
H06T5K22S4,0
8WC0OUN5OH,0
TPJI79FF3G,1
R9PZ715LML,1
K1H5E1N4ZM,0
O86018JNBL,0
2PELC9H08F,0
0OSSHWTF09,0
C0HODSJZY0,0
6IUJNTEAKY,0
TCI5IDA0GR,1
QH4KTSZP66,0
BJW7R6N6DC,0
H3JJ64C0E2,0
KFV9AA03FY,0
HVEWRMC1EK,0
L9BSG9MPWK,0
YCJD8OWDF6,0
0A4Z9TTSQT,0
IIXG2SE3IJ,0
GPGHM4L293,0
5BM6DUW6QL,0
VQODXUSWSZ,0
ENMLN2TFNX,0
WFGLSU76FM,0
SUP66K0OR4,0
NDYSMH8SO3,0
G6K8XTI6OX,0
METH1OOP0Z,0
ZTXTUF7R9D,0
RABZXNJCWM,0
7S065H5HXY,1
13TAV9R8V8,0
KPTCFTKIRJ,0
FNVFJV6PIO,0
6E8VLDDD4H,1
FYWXIVOOG4,0
S9BNCFL248,0
O3IFJTCL2T,0
HG2Q86C3KD,0
WLCDVYD9CO,0
8OJEV7LSCG,0
V7C9C0EINK,0
DELLEX1O4N,0
KBHAPX2P1E,0
O2BT8S94ZV,0
IT7OU4G17Q,0
Q9EG4RI4Z3,0
E6IFUITP85,0
DRX2MVD8BL,0
QDREPNI5N1,0
GV70LM4T4G,0
XC56DO1VT3,0
2MO79G2X7E,0
A3MVHVJ7XZ,0
JVNDKXJXSU,0
S9P5UWFILF,0
MK9TLXEG6C,0
OKNUSAT2VR,0
N9TY82P52K,0
6PLNB5752G,0
A0698ODZ3R,0
86W46YPS5Q,0
Q6ZDYT79YM,0
DXHY35LUML,1
PY5F3YIZB4,0
2WS9OHEISB,0
BH3GXJM78E,0
1821NWEY94,0
EYA38EC3CX,0
9OIL04CSUS,0
9F3DQW34KM,0
6ERXIBA5VH,0
XMJIA291FB,0
HAID429ZH1,0
Z5NJ6LERSY,0
1GNV5SD698,0
LY8LXQW0M5,0
2DP9FNGFCX,1
GKKVQ7JYX6,0
1CD7SG7UGW,0
S1U09HDVM5,0
NH18PQHEWF,0
U1JO3G0LUF,0
48IBOB07AK,0
T7C5T1K7ME,0
2E63QEBIWV,0
R9C0XV4ZIQ,0
AH2KJ28ZY1,0
E20UIRAGHJ,0
HR6DPAD79Q,0
R7P8Y7W2SX,0
07A5GQ9VRI,0
UDTOQIHHKL,0
H68O1KDZ9U,0
VQO0XJVNU0,0
JZJ61WKXYI,0
BQIXMZI5D9,0
23O0L6DZVZ,0
6CPEAXEZY0,0
VH1K9IXKTN,0
YFDQ4A76RK,0
1KMJYO9ZOH,0
0SRZHCJ1GB,0
M9HZG1P5TL,1
NVGP7YA86Q,0
04JGE59VQT,0
SM6E65S061,0
3AVKQFQ38Z,0
XQ0K46EO1E,1
9HZOH12DBA,0
2O2GRX9YCZ,0
W8F559BMC3,0
FJU8K4EINZ,0
AS32VXJ7G3,0
X4D573AGFD,0
0B4S84IB9L,0
9IY8YOGL53,0
ALOOFF6OB7,0
NQCELDGNEX,0
ILKECKWAPD,0
4WLW6FZ4DL,0
HI5M9QSCSW,0
ATGGY3913V,0
6XO64R7S1E,0
2MGLP0SMCI,0
ULB1MK8R23,0
DUXCQ16O8X,1
S0Z9H9M1PS,0
L8LJB4ZOBR,0
MBMYF458NA,1
AW64AXG6MA,0
JLRVJT9CP8,0
DGPBHECPYI,0
8HDHB9KTSK,0
YGC4MG064U,1
LBXEQFXHWF,0
BX395Y4A4N,0
ZCC2NSTSHO,0
TY2FD90873,0
R05KPV8AEQ,0
SLSNW0F0VY,0
YZNJ0ELAV2,0
IP65I7Q0NR,0
D62KXIYAC8,1
XVZ376Y2P0,0
PGFOU5EKMA,0
3D83R602NC,0
WTCYFUBQ5Z,0
2ZTUGICOG8,0
2BK3JASZ2A,0
UMNMEA3NMJ,0
F4OR9XVM26,0
CFIN9G5FQD,0
AQSPI8MQUL,0
ROSO4BNU4E,0
PVW2YI20AG,0
ZCRO8BMXCY,0
TCE6MOI46M,0
AKMK4LOFU5,0
FNMYIZBPUP,0
2DMUHR5LG1,0
XAXZ5T82ZI,0
03ZECN7CHI,0
8T5MSX12SI,0
ZE5AP9M9O1,0
YKAQXYSJ68,0
3HZ75R4WY8,0
8KRPI4JESO,0
E3YK98ZQNV,0
HFLZQQJAX1,0
NMY4QDN2TP,0
3KOQZM7W6E,1
R43UDC8O1I,0
IP9I58SAKF,0
4ZBD5RJDQ6,0
3W96CIVM70,0
1F0ZBKDVO0,0
LBOSQUWGQ3,0
GUMCD0HPDO,0
QLD9MOXOGR,0
0ZCWXOLD1A,1
S74CXM47TI,0
QN87J80JKC,0
EJQETHX6HE,0
ZQNVX41CHJ,0
8EMO4T1NX2,0
GQ6C822H45,0
6TFG6TRNFB,0
X4XCL0YT01,0
150KI6AXW6,0
5AQPJMS8OP,0
SC08IOT9KT,0
5B43VI86XW,0
VCGQ2BGXEN,0
29UCUGZQ1O,0
N4XTPEGHNV,0
2AQYKILRH1,0
GBUY5SCFJN,0
VSA06QGRM1,0
UMWHW1J9AU,0
KQEE0AFSLR,0
R76JZQSKGH,0
98X2PQNG87,0
617F0FTHIX,0
OMPYPOSEAG,0
NL0HRWT1SN,0
35H14NQNZ5,0
RECJPBJ6N2,0
DYQ30FZPAM,0
14ON197WRK,0
VF4T34JFZD,1
G6S03LL6VK,0
BO5NDEEC7A,0
KMU1DVEAT3,0
KEY8HTWHOW,0
FSNRTSW4IV,0
5LWMJJ7LNV,0
JF9X4B77YL,0
32BCAQYB3B,0
J6NKEP1UT9,0
N2TMJCV7ZM,0
9JNMCP8GYD,0
N3FQ72NN9R,0
GNHCI02C2B,0
EU556Z7VH3,0
0RUNL7EJJJ,0
SDBWH6L7CP,0
XN6PTUHKS9,1
0WZLS6L43R,0
NH2B7T3FL8,0
5YFTN6S6EP,1
ZPXXJXPT54,0
7XLTAZGORE,0
EZSLLFSJ8M,0
BI3X7N9SCN,0
Q1BYVAW4NJ,0
BWDMT87GT8,0
T82SPHYDBV,0
36W61NO9YU,0
CLVMAV73IV,0
V8LAJ2QNMX,0
2GAQ878Z8Q,0
A3L8J1EZPN,0
KASNQ1JLG0,0
1PFTWMG3C8,0
UL715RPKKH,0
K6M9J3T9RI,0
QEXVJSQ5H9,1
37G5110GXN,0
531R7K4ZCL,0
USD6PPEW8B,0
8RK4V8QQ6J,0
U9ZZ11APY9,0
7IY2ICHBFW,0
7Z29RSYFJE,0
W9RLM530Y9,0
BWUH1M47LK,1
1IKKPC4PAY,0
U9J9QCTZM5,0
WXGA84S6EZ,0
DYN5PPZZW2,0
6YSFTKAYIW,0
EPQWYA81C1,0
ZH7ZZTI3ME,0
TDF1664J9L,0
FF5T5OZM13,0
L2N3DGD51J,0
2KQP234EQY,0
7FJAQ4JL3Z,0
49V8LFKS7M,0
L5064VTGMZ,1
H78CB1R33Q,0
G27RIL7U67,0
X17RV8IFOM,0
U9ZWCUNIHJ,0
BNS3LYMRSN,0
5Y3CXK0KB9,1
HS30VTQPF7,0
EBCSCI4QGK,0
IFVKRF3KCM,0
ITRC12LB8U,0
CWPCBZ9S3Y,0
0DHU0YJJU9,0
XRZ3AT2YJL,0
V0F2HGQPRH,0
OWJ4I0Y0DJ,0
YRY6GJ3H1F,0
GQZ4CN9RYR,0
MN7EBXXDYH,0
F6FSJ44YFJ,0
1IJJ1P8TSY,0
QMXH3WJNWY,0
3KH7C6UMBW,0
6LSGUUPEA1,0
K7YXFV8ALT,0
92Y6EDTPHR,0
P9G2NT12XC,0
9TTE7I1822,0
DZ480M4V1C,0
ZCTKMRJW7I,0
TY9HBQYBZS,0
81N493IKUM,0
QMTU5JFIW3,0
PE3QXQ3OJ8,0
FQZZNQ9XKW,0
4QIWK1DV0Z,0
8XBL00CEGR,0
IJF19A0J6A,0
E2H88LGYCB,0
2TXX96D016,0
NSB1JFW5ZB,0
6SYXEEG4A5,0
3F4UX0HIAB,1
67AHCOJE0M,0
2MVDQA7DP2,0
UXXBCLV8TA,0
LOEF126P7G,0
O8F5TDQEMB,0
V5IIW0CW30,0
V4OBHMQ9S8,0
KZF0D9VM11,0
ET5YRBB79T,0
EMUSUK5847,0
M87Z950T7V,0
YEAB99RT4V,0
NRHFRQKIA8,0
Q4L04I7VH4,0
13MU2F2ET0,0
9ZEW010D5T,0
WGS2A79HGU,0
CTDR4H00WZ,0
6Q6JUMPQPR,1
1V5A9XZ6U1,0
T05HGMCX1T,0
ZMOZHO2UH1,0
RA3D4R3KYY,0
77PD00Z5RX,0
1X92THUPCI,0
WBG9Y9O4TR,0
U9FA80NRJI,0
FYKZAM6GCX,0
VZ1LYFDS8A,0
YYQEDPU3OW,0
49ART161RS,0
ZNTP4O7QKD,0
IWKOR9B7KY,0
XT9ZYEXB1D,0
GNIGMBBMWF,0
C98XPFWZNI,0
HT5BLLXGEP,1
VQDGKJ1J2E,0
WHBLY8YKL9,0
10000M6N4V,0
18FBQYHMHK,0
CDBV99LYEQ,0
4LRFT6MY5F,0
PQ9NSVC4J6,0
Y3XJV6IWVI,0
93M256BR11,0
3MRDRC60EG,0
65656BUKB2,0
77B17J0DTL,0
XF8A0FR1YS,0
NVLXRO9B8X,0
ISBZJ1IZEY,0
O28UQPTD5M,0
VKUGMHO7Y4,0
MK4FOWXKLZ,0
IZEVSKEI9P,0
4BEXHQIGKW,0
JF31ZADQU5,0
ZWGCP8I0L6,0
UFKKGM2MO3,0
SMLH67CNRQ,0
FTD7LVS15X,0
4OWSBX6IMU,0
8APJ71SN0J,0
DG7402QF63,0
63ZXNZ1QPY,0
M5K9IUG4SL,0
PA26ZHYMUJ,0
3X0JBQYA0Z,0
MSRU7GE9EZ,0
HEIRYFXYP3,0
4AG4WZFT8B,0
UOM49KSIJI,0
ZIO5ZNP48N,0
D4BIZYMTFS,0
1L6OIN675S,0
W83AHM8HG4,0
YNPGTJGSK2,0
KY92YC87FX,0
7U0Q4423M2,0
98NPOKL8UC,0
KG5NA9J7E5,0
N2882K7SDR,0
D4HNWC89A8,0
R969FL5QQQ,0
RZ1764E70R,0
84WUBI3QJT,0
P996KV7ZBP,0
GX6N1L8I0N,0
BHH84PA50B,0
YCAZCY8SJS,0
FFTLYJ957K,0
8UJGNJDCMM,0
IH9GCXQHC5,0
FKDCNJDBGC,0
XB24Y9GKTL,0
QIDZGAX2X9,0
0JDV82C941,0
DJY00W6ZZX,0
5KWS0R21W2,0
QO57BFCPP7,0
HTDBZFG9HW,0
XQNPBT8WV7,0
UH3ME0MJRK,0
0MJ7Y8Q5VN,0
07ONXUJMK7,0
SHSNU1HMVC,1
H0WDZTUCLC,0
OOC45DZW0P,0
FZTU40EMDO,0
YO1D9Y82FG,0
SKLUIFWLFB,0
ZJ860PH3Q9,0
U6WY8X36RL,0
SX0V3MEYIN,0
ZFDH8KU7BU,0
MDO6LKOPH3,0
RKXMSAEV2U,0
SM05IVJS89,0
JI3AFBPTBV,0
EEJM3CTQVA,0
G3NEZHHVMD,0
BQ4363S969,0
IOVON8B68T,0
GJZDW3DK33,0
IVT66CPHKY,0
IZPWARZQF1,0
BMMORE35FA,0
ZM46SUJN65,0
4D1IQ71MQ1,1
8DPSWI4VEY,1
KCWQUNVFMI,0
5C93A39YMZ,0
1QINKJEC8E,0
YNLFK29LIP,0
95IQUS7QBT,1
GLNJG3CUA6,0
PUQMWQRV4V,0
A4XLJ4UU11,0
TRFA2MAK84,0
FP8OFVCCD0,0
FC9XIKZ534,0
FKXFQ7X4VW,0
3K4Y9PI8J6,0
H7VSQ4MTE1,0
A53C5MQBTO,0
414U4FW7A6,0
IPF2VHYOCQ,0
JOQ8I6N5DM,0
RJAKP7LO3V,0
4B0WIIJ0QT,0
U71JS7Q688,0
3RI3MGADS6,0
HP0723WQ7E,0
06QECIV1KO,0
ANGEJL3AV7,0
785HVMJ67W,0
G4G6NZEKJE,0
XZ85UA83V5,1
JF7PR4HX5K,0
4WF1VCCRJP,0
8YTT6FGWTW,0
ITAXHT7ZCG,0
TFEUFYWMED,0
STQM878Y17,0
UIX77XGQRB,0
GI0655H3YE,0
9G50SHWLH5,0
9PMPTFBW67,0
KGC1PEID8S,0
T9YKKXILO3,0
A66TVORGTH,0
U31NDFBI82,0
AC07V6B9JA,0
5FDDSOVWDJ,0
0YQGWCCEWT,1
06JX74PO1C,0
2TBPRDWYUD,0
WNPQK97WDE,0
YD0UXDO3DP,0
F9XOUA00HT,0
K3IISW1PUF,1
P4WMENPIUQ,0
11P34FPF63,0
NFWUPRT1E8,0
2L5RNQHSKN,0
RKH6ASK9A8,0
EOTRW8VM62,0
5CHB30GLAY,0
XCDEYK4MZR,0
E3SI20BUCX,0
SZ5G5RPVIR,0
5IB8DKMHOX,0
690GUJX7UH,0
6E2LE81KDO,1
C9UL8UZ3TS,0
7XPWHYE1TF,0
9039RAIC7M,0
SDJ4YUJJH8,0
VR0N3ZPUWI,0
UQ3N5WCEA6,0
VX0KNIG0Z4,0
SVQZCRIC7C,0
T3HEBPYJHX,0
AE8IWFRJD0,0
0GB3T4WY4F,0
YFAZGBPJ4Q,0
E4FZCK7SVQ,0
DVN7SJ3BIM,0
MN8HFSQZPI,0
G1BJ6KRW2X,1
SXOQWLZN5E,0
XCG0TXVOTF,0
ZUMO8ULG7W,0
RRNL41WISJ,0
FQX9FJZGPH,0
8I1CKSVUEU,0
6S7DN516MY,0
EGOMB805UC,0
WB7GFOTEA6,0
0INBRA4U8U,0
ULAVO1GRP4,0
NR8QB5S815,0
CK1C0AJJQA,0
TBE6YIA22V,0
0WKOI5H14G,0
8B0GBE4PR3,0
8BSA4E9N7C,0
IAA8AQWBNG,0
V6MNVXWKND,0
8VEQ4MUNA5,1
X7PX4KY8KZ,0
8KNR3WGRAU,0
QV7O9AS2OO,0
U5QNIWW25K,0
XHMNBBSJRC,0
WBF9HZ9BMW,0
PQP6B3AWRJ,0
CQIQHAYC3Y,0
4YEWQVQ83K,0
MKLSEUS11P,0
20GKG3HQOH,0
X2N5FIMC8Q,1
LKGREN1TEC,0
MDU7OLJS9I,1
FUP52VQ92F,0
ZSM6BPWKQG,0
E8FYM7XNAC,0
411AEBR7HP,0
I2BVUQS8TL,0
C3D2SHWPPV,0
4UQSW13XDW,0
2JU87QAIGJ,0
WUYQIW2SGQ,0
IOE7NF0ZJC,0
D03V41XNGF,0
645CBSP4NW,1
5QN28WO8P2,0
EFHFAK38DG,0
BZNRDQPVHM,0
BQ4NFSDLWJ,1
LT9X85FCOV,0
HCQQW6DOW3,0
2R2OCDEGWY,0
GC7AK5Y0OK,0
71ONCQJGB8,0
58KS6M5BA2,0
7OQFXCV56L,0
3UAK0OGDT1,0
AJH8VY9FCJ,0
F53VYEQWTU,0
1ND3RXQP8L,1
VEPVWIM838,0
1I2SCI9MZ2,0
3P5HJB9VAW,0
UXEN5X0DQV,0
VUX45GGXLN,0
8MJJX9W8SF,0
OC3KSOZI1U,0
ZNZVR58V53,0
N3UER2KSB3,0
RZ58GWFBDX,0
ZHGH9LPS2B,0
YD3N9SIKOJ,0
Q0Z67HY0XA,0
EMM9O3RMD3,0
4ZTYAFAG68,0
WH21RXHUUO,0
DQSWWJHZKO,0
WJU6MWYSH8,0
7YU8OWIFCA,0
ENL0A2N1KW,0
ECA8BRR76E,0
7V5XNQRTMP,0
GJDYEU0WI2,0
7BOTQBGUGE,0
HIRX86J598,0
SMLOFZFZYG,1
8F2U3J7TWG,0
6IEATIR6PW,0
XLT1O8O86A,0
IDRRW8Q2S1,0
4KXBHY1YJK,0
GRER52VAXG,0
IRLQMG5YF1,0
LI0AF4T53F,0
JKTS3MNN7G,1
L3Y17L385F,0
4TTPLLVGXE,0
4E0D5DZ7YT,0
1LRJFKPXRT,0
986LS1G9QO,0
MIBIWY3RWR,0
RJ0EI5F8RY,0
WOEKT75PKM,0
2BTWW74DLV,0
JKYW0XACYE,0
WP995IGX6F,1
QPH9UF1APA,1
GM0KTFZNL7,0
8RBP9BBWPZ,0
MVZLHSQI7R,0
OM8W6I7G6F,0
1AITDV0LUO,0
DH11RA3RKM,0
4YAVNO0PI4,0
W7GY1T3V92,0
NZW3DWU2OQ,0
G1SIXID1LO,0
8XMQLA4XPV,1
0XEZ2RK5RN,0
KYXAFR0R6J,0
5QHHNSC09B,0
4LTF4VNDAL,0
XCZ0TONU3Q,0
4SEDEJPGT1,0
RCW4SGXXMD,0
DDITNHWU5I,0
A06KUG9KM5,0
Q7Y5YJNDZK,0
SUYUXKI1NO,0
TQ9X40ZTRA,0
GVPHY08N4U,0
CFLL7QFT6H,0
GE82K5JR3I,0
QW57AP7B1P,0
9OER7JSVLH,0
373IC2ZSMB,1
TUFSBXY6S2,0
GIVLF1TC8C,0
E81J22KKGW,0
BA5NGXKM2F,0
H7HS0PDIKO,0
0D8DSB6MC0,0
PUN3FUJ9LS,0
PFFQDBGRQC,0
G5SIJCPMGV,0
ZTH91CGL0B,0
B5WCHCRYII,0
NZCGF2Z6O6,0
867UOQCCNN,1
RHLKXIVGZS,0
P2TB9MMBDR,0
LOC9OYN3D5,0
3FR2XIGWJ6,0
LL8OMEQ43Q,0
QP5RK437R5,0
TW2ON5I965,0
MR7NNN1F0X,0
DWHBFMGFAS,0
D53O9YXAOX,0
S5X11QBEFE,0
BZF4HP1QM1,0
WFHR40AEZH,0
PDRV2I0UK5,0
3V58305OJO,0
OHQD53MKFU,0
F5LWIGQAW1,0
7T8Z797LY1,0
QW53K0NFM0,1
TYG5UELFR5,0
2NFQ0A2951,0
RCKZGVCN3A,0
ENOE5NU00T,0
A4LL8L2I1E,0
CS04UIJSFE,0
DODQMZ0GPF,0
EMHHPG2ESO,0
OROPQCCODO,0
WUSKDF1R0D,0
XSSGC2H52N,0
ROLFQ1PA8R,0
N5SUDEJZ69,0
Z0MNVCUXSD,0
MZQK19SN5F,0
448LKIFJJR,0
IR26FWC0ZN,0
8Y8MOU5SK5,1
9VMH21ILLO,0
3HH0KRDNBN,1
WY5I2UA50J,1
PTWY3T5RZC,0
1D029G3JQ3,0
TF5VVHTG0C,0
BCWVN9XTXV,0
7Z7I14NGET,1
56ZJEJJMTN,0
4FFNBBBQVI,1
HDM1NCTRIV,0
W2J7DW4NCA,0
9NVBLQJ42S,0
4ALOP5UMB0,0
ATLH3912BY,0
JHTMBHTVSF,0
B4NLVZ86XZ,0
R1TU5EORFI,1
SFL5ZSZ0VT,0
R1AW2TAZ6C,0
5509OZD36A,0
S4EKAJJCX3,0
V99CHHJA9U,0
ACXATUR7GB,0
CF0LLNU2CW,0
M77TQPCLMV,0
TG0URAV3JC,0
EO1VAKSDGX,0
AQWSDZFRFB,0
Y73NL5VU4Q,0
OQH90QYW33,0
2GCPA5JY2B,0
UADCKUIRNP,0
O6QA8R7W1S,0
T8NFR9AW3H,0
X213RCHN6N,0
3G8R1117DV,0
34X22BTYRZ,0
Z2PLCRB5QL,0
3NRX4I0PA7,0
MWM69G51DO,0
59VWWMK501,0
AB3M7IWQZG,0
VP229C76E3,0
MWR5WCXQDP,0
NWJQR2W2B4,0
KT8ZFOUOIL,0
9ERO7D265C,0
E3Y7ZN6F3Z,0
MZJ9IEN7TO,0
IS4384KTZ2,0
XY5UZHHH65,0
LKZOZVVI3H,0
GTS7IM2C4Y,0
P6U7JYV3YD,0
85EEUPFVX8,0
NIJYZQTNLC,0
2IL92ZI0BH,0
ZGFTVA7R5C,0
8VQU1E7PCN,0
YN7EUUHW0K,0
LOWEMKWPYQ,0
0ZHY72PNJE,0
1VPD2Y0ORO,0
OPO18C09TH,0
1S1RJWF1DY,0
K88QCSNDQO,0
SMX1OCEHPP,0
VPGLRZC51F,0
ABAYHUAK1W,0
1H4JI3T12V,1
KI4F6TDQWG,0
BC2O3RQHB7,0
SMG8PWS2PJ,0
6XRY3B5GLJ,0
L05BAF32C3,0
Q7CA2FNFIW,0
937D7E5O1N,0
O9QPHF7BCV,0
AOWGO6HZOO,0
6UU6Q444W2,0
0X2NGIS09R,0
FX0O2GLVP4,0
7734PD1NO4,0
UGB7HNPYQG,0
7CB7NNQ2R8,0
9YFIZP6BDQ,1
601HH0RJOC,0
E6PH2J18JH,1
RC308PV6TZ,0
N6GCUKE9YG,0
2BC3FZOJ75,0
A7B72UE7VZ,0
8WD01ZGIWY,0
6OP744NUPN,0
15HFDULOFL,0
VUCSKF6AHH,0
VXJS7J4937,0
UGAVPHR8YE,0
BDWCG6AOMF,0
G6QMJ2NE7O,0
AP2I96PKO6,0
ZTRJPVNG11,0
1C5WYQAUE2,0
279JZUN83G,1
PUM910QM41,0
ACFDC883G2,0
4JIU6M7E75,0
01OSCGMQBD,0
9ZGHOY3MSQ,0
CZYO5VRDGR,0
OSRJXYITK0,0
ANGC8LFNA1,0
J8UTHHI34W,0
FAHPB87V1X,0
JUZJU3IPM1,0
KLO1TYX0HW,0
NWX60FOL0X,1
YJA6QSR4PQ,0
533PZQXM2I,0
A96DG1W3WD,1
2V4L0MEUOY,0
9AI33TFTPD,0
QYRFV9E2T4,0
NZR3VRUMMA,0
EVYLRDIITP,0
5R4T1BD77M,0
4NVDT760IQ,0
TIU17TRT1F,0
BHZ2XNRQC0,0
03JOIGAEFM,0
ECX5VWZOI1,0
8G9OHDT7UU,0
85OYQ2CKSK,0
MEIW4YX73K,0
EJKI1TBE6A,0
MFX885QVI2,0
EPBNTNVVFM,0
0FCTWSOO9Z,0
OG0GZ40JU8,0
IL4AW61VEA,0
JB46EUDXTZ,1
KYQHQYNOJ9,0
AOI340PC64,0
5YWYAMGRK9,0
MOACFX88DX,0
5XTXGHNXLE,0
EQCLKU2D1F,0
9ZLFCKIVTL,0
7U9SLO0KE6,0
HTYW36P9WU,0
97VWHNE6KW,0
BP9NUTRZGU,0
GDMVSSGDLA,0
D6U24YP80A,1
6QVRS79CL2,0
CO2XMP36ZK,0
XTFV3MN2H4,0
VQLE0PL0ZZ,0
MXV319E6ID,0
XMVY0YX8F9,0
TJZE9DRM0A,0
4CAU1QXQES,0
NC1RKQ1YA0,0
JLLOBN74Z7,0
UTIYEREKSI,0
OZBMV3TQHB,0
RIPSEECUIW,0
JWQQ137Q1B,0
SUMI4XA2FA,0
E2YI199BQF,0
RWAIUZQ0SG,0
LXMQIROKEE,0
DIIK8SJVPA,0
63ADH62FLD,0
8NPJ9GFDEI,0
G0LJR9S4C3,0
V1M4ZYS2DG,0
HPES70B0IC,0
EMYKEOEWUI,0
X2SREV3JWD,0
F0ANKJRZB4,0
LRT5PGLDPT,0
0OUU2Q70JX,0
R5DXJWN6PK,0
CJDSATEEX8,0
37OGRH2ESB,0
BFQMP8Q9JY,0
GINIEP0U8V,0
RNSZPBWH5B,0
14FHX27XRP,0
5K013KX3Z5,0
PWZ09GD7LB,0
A458VVXVMZ,0
ECF4XZNPN3,0
F39AQ37TGV,0
D1B6LXZEFI,0
C97AR2OX43,1
9E4XO5Z2EB,0
M4PI7JMITE,0
PG3KF8VI6E,0
J4DZ0GUYG7,0
O6UN79PY78,0
H9YSRTB40J,0
HJKYB56DED,0
44C3N394V0,0
0B8C6ZBYVI,0
VFST0YSLKH,1
TINBMK3FII,0
M98D5QHJPE,0
L5APO1L9A3,0
D5FI28ZNHZ,0
AAVLSE90IO,0
EJ1H4SJHGQ,0
9EMN5O5SXS,0
KUYJX0GDSI,0
CXELMT6I8W,0
NT7EP4850J,0
GTP5OSTZUD,0
5WCZ5CQQHI,0
QTOIIJUSK4,0
1E2GW3CDRG,0
R9VIRSYE0R,1
G6R0R0ETPW,0
B13XUAC0M0,0
0X137R5E5Q,0
MLK7J28UBI,0
HSKRASWBH4,0
HRL7SF2VKX,0
4JTTRPB5WQ,0
4BMO6Y6GUI,0
D723ZHZ1DX,0
H05C6MU24T,0
B5EM4HZWF2,0
JAXH3U6AC8,0
Y7CBLSTBZX,0
05V6LGJBRI,0
TPJ44XP2LQ,0
PLHRT1Y4SL,0
QQGW3GBB8X,1
CIE5SPNVNJ,1
48CKC22WQE,0
EMO3APY26Z,0
3ULKMDFUXN,0
D7L86P6D1E,0
4EA1XRBLBF,0
2SHAJUXB85,0
GZQKCVW749,0
11MP252EKL,0
FFBKYO8PXT,0
YFWYOR8V0H,0
AA9ZAIKGTD,0
KKBF9XLDAW,0
N59RWJRXQ5,0
AH34P5NYYK,0
X7TQEI3B7J,0
GJQHFGQM6M,0
L8VGKQDS42,0
XBXZGBX7YU,0
P047WCE302,0
45NAVHZ55V,0
BHOHZMEQQE,0
EYXB6TW6MO,0
B6E9RBV49Y,0
E29TLYOBR4,0
122LXBSRHD,0
70YP9LQZFV,0
UQ5VRDXXYY,0
GU6VUDYT2F,0
FYP409ATOL,1
DZRQZOYUMN,0
N708SQROKV,0
PYP7HG449A,0
QH0JDML30D,0
M5TA2HFFMU,0
HWZTWKC4S8,0
SW097UP9VO,0
I7S43SAJ03,0
2JIHJ522N4,0
8TRV3SN4XZ,0
JCY8B4WAEG,0
PBY86H70RX,0
SSR09WXD3O,0
L1PSU8N8LQ,0
YN2LV5MH7N,0
XKXYQMT7SJ,0
CLFZVKMODX,0
FJF9FWLT6N,0
5DXBKO5S9E,0
DLSGXCVGK9,0
SVDAK6GB6M,0
2IMDUZ7ZA0,0
UJTONZWXYQ,0
VZG9R0FWT0,0
WAR6I7IHV1,0
4KOFC577PZ,0
A3AG83BM42,0
N08K3GGTS6,0
3LQY8WLY4E,0
6W2DYDU1AV,0
GLFQOVT1Q2,0
DLQZF2QMIR,0
94VRUY2ULM,0
WT3PHTZ61C,0
QHS5XG4NLM,0
9KTPN7OYA5,0
KJSPXA32EX,0
5VLF1T75B9,0
BL76ID8H1E,0
VL4ZIH7DR3,0
YR0N53A6M9,0
OBKSUATB54,0
U7WB0L26KP,1
7XD4C2VSX7,1
EZAA289MHP,0
4QDQPIGKU9,0
WH86OI5RAW,0
97NQ3VJXIJ,0
DH1NEA7ZY7,0
OH3ZZX3JQO,0
DA0CMVDD44,0
WB8D3XEYU1,0
D9DT4NW2ZT,0
MUCNNK4O3M,0
SD7USWGAKH,0
B95EKD4SXN,0
MHFONZ2JAE,0
J85143ABK7,0
MFLVOJBC67,0
EN2TMOU0Q2,1
6B16PYOIJ4,0
NACYUP1PUC,0
NG3TKK6ZM9,0
SNJBYPZHO2,0
FJ7RTCVBCI,0
JUXM3724L5,0
FNY3PJZVY5,0
1QG7FPF1ER,1
AQJAILL1RQ,0
CCKSJ45YZV,0
U2AHV5M2A9,0
0F5VDRAYR6,0
603PVXEP5T,0
MV15KO38I2,0
22Q605SZVR,0
GAMLRSX4XF,0
BDPBNSDXYE,0
WX7A7NYL7F,0
WFBJJCVZ43,0
MBBLBLM08V,0
GGEL6CH5BI,0
U8D8IC4QMJ,0
WKQV7J62NF,0
FAKU4C1TU6,0
JDWO5YEOCM,0
HT6VMIN8Q4,0
3O0W5T7LNA,0
8HFBWK2SI5,0
92JBJ0OAF7,0
US77OO6Q6K,0
BUCXKY5T7V,0
L0H5AK4U1A,0
RWTROBP14I,0
RK0OVE67YS,0
P7R72CJ6K6,0
T7WMAMQXGJ,0
C4806ZP4VX,0
O1HMLTFYGX,0
0B1LXU3SXW,0
AYYS5P4TCR,0
Q68A2M0YHQ,1
I9XA9IEQSC,0
6DJIYM26VG,0
I1AAVN2FIY,0
J5AJ48FKFO,0
ORD5RTW03Y,0
XVHOTPD8WB,0
HFKXMK9DFP,0
F9PU1YGO87,0
N03DI8BQAO,0
PX6N3W05TX,0
HBKSN0NEPH,0
CH3457ZI8D,0
TFUWAEPI7J,0
VVH2SRSBMM,0
FBFOZOXRHM,0
4D0GVB0TWN,0
71JMFQI64M,0
N50U2G0HU1,0
FAMT5C7VG9,0
Y1X7W8IT2L,0
5S4B0TWHI8,0
WI54HY1YRL,0
RWA3NWV427,0
8ARUZZM0WD,0
2QEU2DRGJX,0
ZK3VB36PJ3,0
QNWQWY4A8L,0
A1AZIOCTKM,0
O3QPK2HUZ7,0
0LVO9U9LD3,0
JM54KO09TA,0
J3N9AX7Z3H,0
GO9ZKCC0VY,0
F8R392P9CS,0
4Z76CDCCPL,0
FOJZMO0FCJ,0
7I4Q42DC9D,0
L1LHDJ4HEU,0
DWPFY4RZJW,0
1JKA2YXR3Y,0
DOY1WH2RZM,0
5VBRVO10HX,0
OVZZ7OMD6O,0
LGZ9WTKEC8,0
S2STIY380Z,0
AAPETNYDZ2,0
ROHM68VVP5,0
CM8RO6YTBH,0
1L6USD88DV,0
5NPWGSHDRT,0
7X2LLNLDOI,0
Z5F8ILNW40,0
KB2YAWV9GE,0
43BCLA035H,0
F5T1M0H6BB,0
LV3M3KKPMI,0
O5HPBAJH39,0
A60WOZP10Y,0
SCR5TTHZ4F,0
7GRWEBHDIO,0
G2EX6X2M0H,0
0YEIA85S8M,0
8FVN7QYRM5,0
EG13S8P8UB,0
KXX5REM9L6,1
AJ07GH6ZLZ,0
H3BMO549J7,0
0H10BTDGXU,0
YL9UTGUWND,0
RPH6F3TJF9,0
SDEWPR7904,0
ZEI7L59LY1,0
GSVMP3KJ4K,0
VCJSZC6NIB,0
K372DRO5OP,0
ST0ZWLGXCM,0
0N3YIK54UJ,0
NWDTV6M4WJ,0
VC27RZLB2D,0
JJLHCU89HF,0
GOEN239AHH,0
GKH4KGO7PY,1
QVG109LM60,0
RMNZG9JHSJ,0
VB6UADXRIV,0
9DCI7XPCQG,0
SD3CFPKPX6,0
5DI6P4ATF2,0
J9A0ZRG8YH,0
024DJH5K6H,0
QYKDEL5NN6,0
YSZXC6XHKA,0
KLFG1N2YMH,0
A2EAWIPFCS,0
2HD6QDYNF6,0
RE5AQCG7CL,0
1NCB0A5NAT,1
1VI7NT26D8,0
SZ8F8N9G60,0
8YAY3802HA,0
H959GAAF7N,0
L3Q0BXG3MU,0
VT0YYXOBWW,0
0RYC1ZHFNC,0
0DC206CQ39,0
F8XEOSJB4T,1
O81I1I8B85,0
LQHYRBZLJQ,0
3LCD93SC7U,0
8ARXT72RFK,0
U8RTBUD95R,0
D9MQ0C2LFR,0
SHI50MHA7J,1
RIZCL5OS87,0
NUG31RTOU0,1
0B92EBOLEC,0
IPLT2761SW,0
3A5CMFOTZ5,0
EZ798I04BU,0
9PJ2EOG53B,1
12WAEO0FZP,0
BEU2EU66MU,0
PZFEUXINCR,0
3RFO3P4QY3,0
2XFFKNJDT6,0
LAFLGN2NN7,0
57J262H2WM,0
X4Z8GSZAXD,0
F7OXSCKK3H,0
D6VQSM6X87,0
AQ6D0BBYKK,0
2OR2N0ZDI5,0
64NZ9YKPA4,0
AASHQAB6P2,0
ZVKUNNZT2U,0
PYN1VFYJSF,0
XLIXU44V99,0
2XYOTYO9RV,1
BHBQW3C1WL,0
R7TP2BU1Z1,0
O7WSE25RKB,0
LKWRWDTBPV,0
V4THBW0P39,0
ZSUYLD2ZNN,0
VV41YLHUXU,0
VT0ARYT13X,0
432A5D3J8A,0
00EZI2VQ1B,0
K7O5BDXR0B,0
LOZUYA3FGY,0
DYEZKONIRN,0
SY4JMOFAX6,0
1O7KVLH8T5,0
HR4IWHA05G,0
X7PVQLT97H,0
C59WYMC8V7,0
CTCZBMCV9K,0
Q4ML8GYKI6,0
W2REIV5N21,0
NDIJGPE4U8,0
JMTQBG51QD,1
LNQ1JFO8SR,0
FE0G6640S5,0
LV7S08LZUT,0
8L4GPWDDX4,0
QBF55JRJ04,0
D2RUM3OJXC,0
DH6EPXG1ET,0
27WYF99X8C,1
7P7UT8607I,0
ELYEHC2GIT,0
WT57FSZI5X,0
AWRF48WMTN,0
H56VA0IF2T,0
3OHLLHLFSY,0
1BQUCTHIFE,0
7IW0U1KLSU,0
3LZVSTDB4Q,0
VUO44KHOS8,0
6YHDM9VUUJ,0
8QVRMEB6TL,0
TZAD321B5G,0
38CD3DP2XZ,0
ULI4X6X9UF,0
3L62H0IIKT,0
ET0O7POYX6,0
DSTH7MIIDM,0
N9A7K6VQMJ,0
F748RHKT3P,0
ACRBPSLOGG,0
YRVJA4PV10,0
VXDYHO0M8S,0
96XXMRVI9F,0
HPVYCKV2SR,0
JG8SY0OGRP,0
K1M4B1VXNO,0
F4Q51SHJMO,0
GP2JIJ8BC0,0
GHOU5NVAS8,0
YQVNPIB68T,0
L1EFGV94GY,0
0JFXZP3WX6,0
FY9AZJQQQA,0
9MHMGHOZET,0
TL3FSWK5E3,0
GCRW3DSZH6,0
E84SE5MPTM,0
UO9PFS2KL8,0
YTTJ6HFO9C,0
ZGULG34ASB,0
ZJ2040TL7O,0
Q5C7ZG4YVC,0
P755M4RHA5,0
7D8K9AQULS,0
10NWD4N5T1,0
13X4P3HGQW,1
4YLJU709UE,0
IIAMHQ08IR,0
0MTROZF6O7,0
PMHWBDATVL,0
T6CSRENP2L,0
MJP3DPTBGK,0
EFQ9OM9AWX,0
GFGZLFYEUU,0
09F9K8VEFV,0
Y9NGV6G56T,0
KJGIFAZ5RC,0
6V922YL34W,0
T8FJSA8185,0
W47MRRZSEW,0
4AIS6M6B8A,0
NFGZIEL8UU,0
HW1RBKLZA4,0
O663QHVPVT,0
0ABTALT9WD,0
G9VLGKRT16,0
HTY8Z7M3HP,0
6EE6R14PBS,0
9H6ANOQS3S,0
1DKMIDH50R,0
UCLD7ZAZOH,0
3AM5RFMMU7,0
9FZEMZZCTZ,1
3WB8ZCQKSV,0
JYISGGR9TO,1
FDZ6BFFTVR,0
M1JTVELPUP,0
56OFY0XQLM,0
R1LF4VHYNH,0
6D4YR0Y6GN,0
SIV919T80B,0
AKR8UUTA2V,0
QZ104VFD8X,0
WP0WJ3S7RT,0
0VQN2SYOGO,0
74KUKGAOD8,0
W4QKS3FXF4,0
CSTN043Y78,1
ARINY5VRZW,0
4Q8JB0X1ZW,0
Z83IRHMQF9,0
12POKLVKQL,0
BMCJG3RS85,0
TBHAEHMCVJ,0
I10PJBKPT1,0
2ILZV1BA7Z,0
YJ5DXQUCN8,0
5MO1K3VEBO,0
POJXUVCTUM,0
Z0BWXY3YVE,0
DCFFNNDBNG,0
ST70VVF78S,0
4IUO1PQ960,0
ABCNA3DEAM,0
5T0VFZ8PFB,0
KR8K4OPKSS,0
NU408CQ3CK,0
WLOMJZMA5P,0
CSSJ1KWHC8,1
SG1L5XIYE3,0
OEQ89301LY,0
ZDTB91X2UA,0
YN96DG3DDG,0
IM5MBHWLHT,0
VVPGYO0OLH,0
V9YBMO6Y7T,0
GMPX4THIPL,0
CQR21PT6CP,0
PYK1UE0X9B,0
KLZET93VU5,0
IBPDSSFAJM,0
4U09VEFABU,0
ENINPGXPUT,0
IWIXNG0R7M,0
1WRWJ48NL8,0
ZVJRQF647R,0
ROT158OTYO,0
TY3S3W0DMB,0
26XYW14YHT,0
EDKHPQAP4C,0
PVT2GG3LB1,1
WJ3UP7FZGH,0
XLH6GUAYX6,0
XO7B562O14,0
MYXD2LQ936,0
7GAR37NXV9,0
71SXW968KY,0
P9HFOB9CU6,0
520MNHB44U,0
0AY1A0LJMX,0
ZC6QWDJ73A,0
22EEJ8ZE6M,0
ZMX9YDASJ8,0
BYPC43695Z,0
FD31VW0F8P,0
TFUAN248VO,0
WWX9TGFT8X,0
GAAZSC7S7Z,0
QA3ZO6QGHQ,0
YMDNDMI6PC,0
QNZ07AULET,0
NWYQSWAEDA,0
SNQUCRF09N,0
0VY5KB6BTO,0
A61QLVCJRZ,0
9X16Q2GXJE,0
6H5XFO4HT0,0
4V48S7NJPM,0
Z8E7NENMYO,0
8U2LVVHQKF,0
884FCR14ZR,0
T236X7089G,0
R4Q1U9N01K,1
NMQC4CZQ7M,0
ZQU3300MXH,1
RSDXOXP17H,0
87CJ02PU75,0
ZJWQ7SRG30,0
3YMWO7O5Y5,0
1MJLADV69W,0
2DD0K60S2A,0
V0JPTCT216,0
4QTKHSMJ5H,0
2KHBKR4443,0
M0JE6WZ2Z2,0
2BZLSF3ZPZ,0
357L02DSMG,0
PDTT9OCTSA,0
GGBBAAS8YV,0
2YS3A7JNWA,0
ESFK8HEE6Y,0
D69LGI6MIK,0
Z7D86LLSPI,0
781S1KUQMD,0
IAULRXGV7K,0
QT5H6O9SS8,0
7EN1NDFQAJ,0
HCI1MTP872,0
D0LXABR081,0
0OZ0R0Q5SS,0
47C6VRUV1W,0
DWWFV4ZWWL,0
Y9SG3A35DX,0
KGQ9NZFN62,0
A2CX5MRMY7,0
QQFQP6OAAS,0
4I3LOHASCK,1
YJLCHTKZH8,0
6DGDQFUUVX,0
CHYYXYVGZA,0
VE8G8R34LW,0
HLLGO1QTUM,0
H9CM8JMIGG,0
OLE975CH70,0
V097NRFZ0D,0
TZQYOYETJR,0
YHHAN5Q8PH,0
WTWMR13JJ9,0
BNI83IBZVR,0
V6XK0PEMP4,0
QZOPAE5BX4,0
VLWBS2TTYH,0
KT7RLPJJDY,0
NRBC6XTXBG,0
CGA308MU7N,0
1I4POM9IM5,0
7SL7G28ZQM,0
ECBWZH8D3W,0
SS7OVYM7KW,0
ZX4DEHNWSB,1
YT876Y0KOZ,0
XHC13C57ZC,0
8KN8ARHNDX,0
AE54LAVDVC,0
0MZCEIODN9,0
5A1TODTLZS,0
UPR0W1RLO1,0
VMVSBGWBP5,0
NHWM7VBPPP,0
FB5BBJ94JF,0
NI9NSL0INZ,0
DNRDC4EH2X,0
NCXWQ52Y2A,0
949LURXRI1,0
15RRTYT2VR,0
4JUQSIIJR5,0
6KGZ4HGOMB,0
RU5W1QUN48,0
UYO9ZELR5W,0
1MJT0LD8JC,0
OPJ6Y1STQK,0
CQWNLLUAMA,0
9CTJCZMV7N,0
N4XUOYI8EW,1
MA1NWLRWVZ,0
U4HEKQ0KVB,0
URK1X9QN29,1
5C5FV45XKE,0
GNS3F8YBFZ,0
M9BAZK3WID,0
ERF6FILGOD,0
1SMOPE511M,0
TB1JMIFVMV,0
WVO4CU7IDX,0
XLDSDCKMJM,0
T1EVAHH25N,0
VBLXCPET75,0
H5FEYKA3FR,0
PG85VR0MP7,0
MC32PWZE0F,0
USD54KQRQ7,0
O27RMSRWW7,0
EZV0SFZLVN,0
F9EE9LD2MQ,0
D9LRJNT5ED,0
GNQ1OEVP0M,0
4ZDN983XQW,0
98F8EONI9M,0
MA0IAC1GU4,0
HOUESQDDYE,0
NYDEXDPUL4,0
SIGLPQC90F,0
23VRJMXC2T,0
80Y062IK0S,0
7TMD3DH7AW,0
QCANTHFTW4,0
7UX8N0V4DQ,0
CYN8P3UXSD,0
9YCV2ZWBNB,0
AL9AUPTVXK,0
NREORTAGS3,0
EJ5B45Z1WP,0
ZRD2WKSMJ7,0
F5J6SVYLNF,0
G5RETT0688,0
WT6JO2CV13,0
6JCJCC2T5B,0
9QITC5BRB0,0
QCRTGBF14U,0
1WT140W6SV,1
VG8DLM18BC,0
VDW9KGPLQ0,0
1PR5T13HZ0,0
XX9KEDXAZ6,0
IR6O3O6U8Z,0
K7YPDOV4PI,0
YOO3W9XRT5,0
DTEOCYNVE2,0
A583GL04YJ,0
1ELTSZTU20,0
SMJEOARU2F,0
9J2AOMQYRO,0
8FTZ4IN4GZ,0
JILPSZPFAK,0
XXJLA8ZXZY,0
UYKVFYJCHA,0
8T6M6BKHZ0,0
KNWJA7WWG7,0
TLRR0Q8WZ0,0
XEFM8691A7,0
I06U4PLJTL,0
PS0024OVVX,0
AMS4WYAY87,0
230WVSGUTF,0
LDBMDXCQU6,0
ROW06OFH99,0
F68T3HXDMD,0
3VQLVOB9GJ,0
ZZ934FZFF9,0
GILER0FHBG,0
Y7U0JZBG0Z,0
E75WJXRPGK,0
TJ2RZGYC2U,0
SWZ1PGMXWD,0
GLX6DAB4D4,0
7DE7DZR1UB,0
DZYCFMSAK1,0
31TJC5Q13B,0
AAOUAQBSE7,0
B9GU2LNIKW,0
BAHM6OYVED,0
SH8N4FCRMG,0
PIXSJTJYJL,0
A1XMLGWAWU,0
TQ0P9066QD,0
13QLPST5D8,0
WBR578XOKN,0
BOHBRES02I,0
PQ2E7G8O08,0
LNZNNSLT2A,0
NOVYO3QN0U,0
8308ZDAYVP,0
HAZCBG3JD9,0
XKPGUQZ60T,0
W5QNX45F7I,0
7QD6P600QZ,0
GMUQQ5X0MY,0
3P0FYW8XWK,0
N76D9YHSGF,0
VSAXH7MQ4F,1
ADL9PD7FLK,0
OS0OWR9XLC,0
I1N55ZDP2I,0
DJDMRCJ8IS,0
WLX5511ZRC,0
OSFM3W3HDR,0
F9TZDL3WZG,0
TFAJOC5817,0
50YB50XEKL,0
8TTJJ3SVNC,0
0QIAL7ED16,0
BP3E3UZNO5,0
HWEZ7BYY2E,0
DU05X9B71S,0
3VOLYZGLUW,0
TNJ06SRK6S,0
YW0QUIC4GN,0
NUQDBE8EGR,0
J8VDQVW9H7,0
Q2F5D92EB7,0
0ES3R5AM0D,0
9JJKD88ZK4,0
Y7VSDWGMRD,0
FD8DEHJXBG,1
66N5874CFA,0
Z3K8POFU1P,0
VETVE95MP1,0
VB83G82HVZ,0
S1V2TSLAO0,0
FL3P5BSEKB,0
N8T7NU8BSR,0
L18L04UJPM,0
0SMP32GLL4,0
O01F7Q71L0,0
IDAQ58MFAB,0
CGJVWMEFNC,0
CB4H7WATK7,0
3I3OWQM78X,0
NANTEGC9KD,0
VIEL95W1HJ,0
ECO6KE9I5D,0
U2VLQ0SX5Z,0
LPWOWZT12J,0
TU59UXFRQT,0
42HL4CW1Y0,0
DV7VF33ZEX,0
LCFEYNVDLT,0
GQLS8PEPWN,0
L2W0XNZBYK,0
PXY4QM5HPW,0
CT1IKEAGJX,0
N0LJS45VIP,0
9L593QMOMR,0
3BP6KK9B69,0
9SF4R8C4ZZ,0
Q12MPB5CTH,0
51LMI8JVSP,0
LRVVUBOQP9,0
0AZ756YKXD,0
RFLWATZ19F,0
4G2LCDP730,0
VIDCJHQEOS,0
PVVVXV20Q3,0
FYSM77JYO7,0
YSJKC3IX94,0
5S2DHL1RO9,0
YMCI0YAOIP,0
4H8KG7CBOT,0
OGYLA395K4,0
0L85OZ4GP4,0
761M7HM4PS,0
IOORLLIPB2,0
UWF76UY8YU,1
64SVYMGVCU,0
YZWIPKQ26Y,0
649W0KW9L7,0
K308M50KYB,0
BZX2TB6GB0,0
CJ7CBNXL73,0
FV10XAO6OJ,0
C6YC8MIYAV,0
8SXU39JT3K,0
1HGK4G5VZG,0
A3XNXAH3QR,0
SD2XJJZLWU,0
JSIPWIJ40R,0
Z9XKJCOBEB,0
00EOD7Z2L3,0
2QLOQQ3Q0G,0
91A5IP0V9M,0
7FG1HIBNU8,0
9ULQ18V7V0,0
GXSVM3U5IE,0
PQ1WYKD2ZW,0
319R6PMOPG,0
48CFVEZ3AD,1
URFKBU8Z9H,0
HG53H4CP1X,0
GNDOYQQVN4,0
PYGDSMHOKN,0
UEL7GN3YHB,0
NSU364W5ZA,0
GVFJFMQAHU,0
TS7UB8BT0P,0
1GYFZS8HWW,1
0MUINK9RCN,0
29SOIZTXKJ,0
V93XS1NMWM,0
F2MOX3KYIB,1
SXFNYA7VPL,0
CD0YL2MUAD,0
P5LFSVQD1N,0
0LUAJR5WE0,0
VNKEB8X62Y,0
HK2SOP3M82,0
JGWS0IZ2KC,0
KHG9Y4X21E,0
84KV0YZ18D,0
WVFIZR3UJD,0
YMS4FS0TNM,1
XNKE2UUS3F,0
NR6TKCUWNB,0
ETB1BR5X9F,0
WUEBXZD5YK,0
UZ80NI4NZ1,0
UXSGMB80GT,0
76YOL49U4X,0
PBGTICBKRW,0
6UWHH8RH03,0
BJ5LB9A2U6,0
9H92536HHJ,1
DMDFZNUZCN,0
D4SS30SROT,0
UH2G189G2H,0
B1VZT6K3FP,0
M1MTWH5EKI,0
FM2VMF1Q5A,0
HT7JZ3QNSC,0
E51HBADU41,0
3TESMDE9MS,0
RUNHVYMZ0O,0
HSV9YTMIIK,0
BAID0HZWKU,0
KV5SFCBEIU,0
D2TNWPMVYF,0
P2O46P2YIW,0
DDNM8SKI28,0
DKCPHBXP5X,0
MDJEZ368JL,0
BV29SHMSJJ,0
KSTG685VLR,0
W48HLBPEGE,0
P7LLS2R6P0,0
UWE4AOOCRR,0
JC2JIJRE3K,0
KMTMOF775K,0
AUABQ2Q5GI,0
LL1DESZUXJ,1
4CAG4DX0MQ,0
D6TPSQLIUU,0
WO34U4YQNA,0
UCV6UFTSF6,0
L51A8V6ZWK,0
QYRL2RA20T,0
MX1QB5QYKQ,0
LZ56B335VC,0
NZGZDH8ORA,0
N6NWZ5T1GM,0
XDUTXTW3MV,0
53Q0OFNR97,0
130U8TZ0HW,0
87L74MVOHQ,0
W9HK0UCZ40,0
FTH83HEUYG,0
IXLT4NHHD6,0
3XTOT2IIN0,0
NSD2OXDWUQ,0
QOV8IZ1YGU,0
T7S69JVMJP,0
MBJZ8BVCCO,0
UG4FY6C0U9,0
S70L83GUV3,0
5XICX90V0N,0
UQS6L7UZSG,0
TYZ10XOQVL,1
SI10MQPEGD,0
NGEHRJCHH1,0
5KPDBH54O2,0
XCB1QV1ILN,0
GZRJ19QABA,0
BHOPYYV6NT,0
NTF75XU1YH,0
B43659FA1Q,0
H1QP3SOIV8,0
LIAUL8YDMQ,0
ZXGHABN6CN,0
4ZQJLU1666,0
75G2PETH7B,0
3690DXQKYM,1
7GQSVDDLV9,0
T4Q20MJNGL,0
UVOML260EM,0
R0D1SASAHP,0
J3KG3NZXFP,0
Q8ZM87IUVJ,0
MQGOZG29G6,0
8BO5IAHV5U,0
WKUQYXSGHF,1
KQ2FZ7GHFZ,0
DFA1J0TXEV,0
9HE3722LAW,0
RUIPDLHUNO,0
B5BRTYV3F0,0
CVYY44F2GD,0
0NMOQTFS0Y,0
DNZZ93ZQV2,0
P04B47HITY,0
6C0MDQHZAA,0
F7SIRXYNK8,0
1SMM2UM83N,0
MMQ329RAMR,0
XJNX6CRUQP,0
1258XTTPJK,0
FTSFB7POEE,0
7VBDNKEQQH,0
NX2UF4NI5Q,0
NGBR5YPJD4,0
H1UA32I018,0
XM3JK6W1KR,0
XC71D2IZG6,0
JCOAZS10PR,0
OD3HIYJNRY,0
R29X1CUAZ2,0
1HC3EPIEUV,0
WP1M1NQCHO,0
55BKA372YF,0
1U1KGE65OJ,0
R3B0RFQJ3V,0
2GEC3583GY,0
RKU7AOOVUC,0
A4HOJLZHNJ,0
OSGU8K4P6W,0
FDW5TTL5KR,0
HL7MOQLQ2L,0
L7AI60IVQE,0
037V1WM3P6,0
OJUKMPEKYN,0
L7BLQRSATZ,0
WM43L8UEEV,0
ORQWEU0BUC,0
ALCR2W50BO,0
VYYP7X0Q0B,0
XM3ZA0BCYN,0
EJAO4VKXGE,0
2CMAX8XA9E,0
IU9OA8Z6HF,0
4IR4PXH0G7,0
3UABXALNTF,0
S3UHXXPZ4E,0
C0OFYOE9LT,0
IAI25H0X1P,0
UU7484JB43,0
500T6GLWMM,0
LPNG1FUC74,0
YRQ2K7A0C7,0
CFMR6P7WJT,0
TRC81PSIC1,0
TQAXO9YDBG,0
RG7KNV4ZGV,0
QM5E2KBYVM,0
WL5322FYTS,0
PIPS1IEXDH,0
5NVGXVMJ3S,0
KZLOG37ZNI,0
FSAH6N2EH9,0
R4EMO6TDPY,0
PI1Q9KCAPC,0
76WEC617DU,0
5IWNEMMDYC,0
1CIO9VY1LP,0
1OFTYZ2YBD,0
5ZHK5UXPR5,0
XMSN17HDMV,0
HM7HMQWACJ,0
R96ZBFU538,0
IWJAIOZP34,0
RMDUJYVHX9,0
F15NZFV05Y,0
Z191S2AOT4,0
TB89BKHUIG,0
4XXR9MFATT,0
25S0G0DNXB,0
DMX1IZZ6DI,0
GYQ546LMPL,0
JYO0R7KQF5,1
E3GZDDLCE5,0
7V7M886P80,0
4NPHFOQL7H,0
N01RLV58HR,0
8OG50QUNMW,0
GVYIGGVC1S,0
T1W9AJLZMP,0
EBPZCLJE2F,0
0E5BKNBWXT,0
38IAA45ZZX,0
DTJJTTUBT8,0
R40YSCJ7GS,0
ZRPLEPASB5,0
N06R53H6M0,0
VDII0FQYJN,0
25ZCVY8AQ9,0
NLP7DR5PIC,0
M2LY9EGTEE,0
CVUAVCNHXO,0
B77VPFYMM2,0
T4LC0XCA5K,0
7KPD1RQEEH,0
L6E1R7C5OZ,0
F9C558A46W,0
KDQUCLWRU7,0
PMFSXNH9ST,0
TN41404RVN,0
FU8693ZJC8,0
O78MU66GU5,0
WYGW90DXFJ,0
N4PVGJEYDS,0
N1CZRV9LES,0
25TXI2R1M7,0
34R4BO54JU,0
1E5WH00SGQ,0
S1ICJJ7MUS,0
4S36NUQKF8,0
MKW323T6MN,0
O7MG724059,0
UCY99UEMSL,0
EQ8RJ7CINC,0
8HBW7EZR4F,0
S9BOA0TYTR,0
RIFAFYZO10,0
WY4YMH2UGV,0
UK9BA95MBN,0
O5Z24L4DID,0
813ADZCUNC,0
B2MUI51PJS,0
TNJ0JOFW8D,0
NROH9MV1VA,0
PUQ09YDO2J,1
S5ANPUISCF,0
3WV006KL5B,0
OOGZ5IYSBX,0
E90M5A8KR1,0
9RF7IZ55NL,0
57627S5LVP,0
GTB73WY8O1,1
W9R10M9CUK,0
QKXO4ZZKI2,0
0UFNK6BWMV,0
SOZ4AKRLEX,0
BZ3VOLYXXL,0
8FHIEYIH77,0
4FKKBZ5W4A,0
OP818EAMDB,0
3TQBBMALDJ,0
FI4WTH74T8,0
DVPF6T39UK,0
K95NSB9PB0,0
8N0D80JBL2,0
M4EDDAEDV4,0
TZ3V3HE84N,0
V7KQROUEAE,0
U8LYRWV3SN,0
GMN1U7N1LE,0
BAPQS03LPW,0
MXWI4IEDBK,0
93G0EU3E76,0
G47GS0OM8J,0
VPADCYW0HC,0
PSDTHJM9OH,0
5PPAB558BN,0
RZ4J3P86S1,0
QTSP5E449L,0
LDCP3UAE8B,0
K7FROJHYB4,0
IBF52IWLVP,0
BMOGKQUJUR,0
FU4BF27JQJ,0
1LMV712MC8,0
Z8O1JHBOHK,0
T1E9OFWKDZ,0
Q2MG7NP60S,0
ACXTXFCUBL,0
2X1AA4F3B3,0
FM4G0UQQFB,0
07H1989U3A,0
HA1L6W7FXF,0
Y8L45OYGUQ,0
LT80AWY6XZ,0
9005W0E01C,0
8ASHXW9AC0,0
9JHDPYEFOK,0
FYWQSXKQGB,0
25J0GRNG5D,0
OH7G7JMM49,1
VEGEL1ALHL,0
N4V4HMZSK6,0
JBHGU2MXWM,0
WZBHBENNMW,0
ND2W262IR6,0
GFHL02NJ0V,0
39OJEH2KA4,0
VQXWU293GT,0
8S9XEU64NQ,0
RK4KPQL0OM,0
4N2KSF6ODT,0
SDQMGCMERT,0
J2TJDPZMMQ,0
X0TDDOCIPB,0
KUMLG4Q381,0
0RT78SQWYO,0
JM16HVBLI5,0
U9V9V0Y76W,0
KUG9WK0WYG,0
0YCJ198CB1,0
2Z0YD62E89,0
8JI53L585W,0
5TF78MP1E9,0
K8EY17OU3W,0
724JGFUHI6,0
4HZF61U3SS,0
L9ZPI2O1J4,0
BWGEO0I8NB,0
735PH3I55N,0
G3DY4P1G6X,0
JK3QBMVC51,0
LI7OG88VG9,0
FQ3I3OTADF,0
PSNKFDMPYR,0
YNOFR9HOUA,0
1Q98KARHW9,0
L5YU5D9G0Q,1
ZF70ALP8W2,0
9X2M01O5J0,0
44MFD90TCV,0
WN67815L4P,0
94S4AL626N,0
P0RIROTIM3,0
ATYSYHMY99,1
E8MZR3RG7N,0
JM9H7F2U89,0
ZCS0GDPE54,0
RXRA66QW9O,0
HNS7LMWL8U,0
L4DLEFC8R7,0
I0PR1KZ8I8,0
XSKBEDGL9O,0
BLWZOX85V1,0
1YO9ZXMVJC,0
QF7BB3WWAY,1
SEWN4M3VV1,1
584IAI1VFP,0
XNFSI45NLX,0
IK1T01TKDY,1
H6XBKY0WOV,0
7BZVMG3NKO,0
12JM9UFM3M,0
RAZJIDF0HP,0
SIECU0GV2L,0
W00FV2S02R,0
2G14ZTMEBD,0
BJLCH589EB,0
DJPG3JAEXP,0
EHXRTS68W0,0
VD7DJ2M7CT,0
37NASO29U6,0
BXG75ZEJ5H,0
JQ9I8PF2S3,0
N9BC3L10EH,0
XBPGNDUFAN,0
YHZRY333QB,0
B8AY5IJKXL,0
1JFM53O3FJ,0
4K7RIFZTQJ,0
D6FBZA0MPS,0
7TGW2UDXBV,0
5351R0DTPO,0
QSGXMZ9GPS,0
RNQ9J6GVQF,0
H0WW2G6OR2,0
1PQMX1SJRI,0
UFC5MA9G2W,0
BEE5918BC9,0
QW7BK9KV87,0
UVS62PI2I6,0
O063G7ZCO8,0
A51NYI0MW7,0
JJM2OH5MS1,0
NLFXOQ19PP,0
3MR8I3V6TC,0
Z9YBVLDJAX,0
3G29GZAT9K,0
1VJ3NA4PEZ,0
ULQZZOZFY3,0
24T7B4XYZK,0
KHTPWQGUTJ,0
NA9P93VSG7,0
17SKQSVJVH,0
S6O0E2LYII,0
HWH3OZ2VSW,0
UBQTGX5J2T,0
OVCDQOPUUK,1
YNPRRNTJJ8,0
V0B2BDUFO8,0
7ZBDHX6W35,0
EIACL0NE19,0
QOINR6HUZX,1
Y3GS2KA3S0,0
PVEPM6B5VH,0
6ACO8YMAUI,0
N3AZIIB25B,0
FKIGVGZZ94,0
I7M7MZNC81,1
OI8CU1E5DR,0
SGBNXPCZPW,0
0TMMXML2S4,0
EJT2EISQ05,0
UYJ43BKTMK,0
3ZFVM3CZZK,0
7T93N6B7E6,0
35A3PHK4V0,0
2QZFUONU8Z,0
ZMEMH227XF,0
7T9QX1EPEX,0
OEGCOR2NND,0
Y66WKI4G9Y,0
Y07XAFIRZ3,0
AJ2O28I3NF,0
DNEA2PPY1R,0
Y9V57VRGE9,0
R1T7YOVTJT,0
YF7TV40VZW,0
23RZGCNWWW,0
BSNSNNF2N3,0
ZZZA9AN4OC,0
EYQIEX21RI,0
QOL31G5IR0,1
TJBP15BT00,0
V8CKHZBTU4,0
BLSH1RQO16,0
J4R2XPX5S3,0
LXNIMWYKXV,0
ZEV3HVLHP7,0
5Z7D2YR86S,1
TTPWTDYJ4I,0
W3UUPYPVVY,0
3V1DO06FNJ,0
BXW1A3S9K8,0
O721CQ5EWA,0
I0F6VQ2TWJ,0
HNQ9C37J4I,0
INSP4472VJ,0
1151KOEA3R,0
GZ435P355K,0
6Q14ZTTLV7,0
GOAID6JQ29,0
FO967K22E0,0
Z2UE9FKXLH,0
83QPKR2SNN,1
UKT6JDO02Y,1
CNKRN8CFFU,0
FZBWPIDGW3,0
SJKILUGKP4,0
6GJYJFLFP6,0
MUWF62LGU5,0
DHNHRHS8NM,0
54OVXHEUJY,0
OD6WFM6FQ5,0
JMCP3HEOZ2,0
17HJD1Y95O,0
7JTM1KAQMS,0
4B5L5ZJF0U,0
JYSYFCCOGB,1
GQUEEYR3RO,0
SJCV79W1PM,0
62HLGFTKCB,0
AOKC3D5G4P,0
7DU8RRGEUM,0
36XC91TZC5,0
SVCBGISB8R,0
RUA5JHLU8F,0
5QJDJBM1K0,0
U0YN85R9PI,0
9AYUR8UK0P,0
3PLO31NY2Y,1
PXSO2PIIV2,0
XW1QFYDBMO,0
5V6G80PN0M,0
DS15CCWMWG,0
9J4A3U60N5,0
0BMGFPY5WT,0
7YC2MEIE2D,0
4GUF4FVG5H,0
1XJTNECNXC,0
9EJ89N8KQW,0
6CQANMVMGC,0
YRLNW2Z59F,1
KFRHIIAKK9,0
85A38F50WP,0
2MS2GSM5E9,0
6KLG0MD12K,0
QW9Y7LQJZF,0
VUDFLQAB87,0
ODMOKOJRGR,0
O32JGW2FPT,0
8BNZRD6961,0
3M0UKQUA7A,0
AJXKL5V044,0
FIUAQ1S60G,0
N4AYK7RMZR,0
0VA7U37D0A,0
JV6UOA1QN9,0
I1RJY39KWN,0
PT2NRORV4Y,0
IJIXGQ85L0,0
9WVTNFA0O0,0
QBO7U1X7XZ,0
KDROZELE2H,1
RPZPOFVME3,0
ZVX1X51PDS,0
JMHBS0EF15,0
JTF3DLSMYM,0
KVVD9D2YJD,0
WW97LQRWPS,0
VEPNBRN8L0,0
GWTGMQ6LV6,0
V7GF249ZPL,0
YQNP4JGDM7,0
6R6FV1LCHC,0
9VWZSX89G1,0
6XGOJECXZJ,0
442RQF9F8G,0
NGIDDMC2F1,0
6BKVCLKHTJ,0
R71WMZ0QEW,0
RCDJ5KSYMC,0
UYSGZH9AL9,0
YPMVV8UJC4,0
1OAKMXLWJK,0
FLMCUQWGEC,0
ISRGVN1IAT,0
BBPD4W6YGZ,0
5B07NYCXZ3,0
513YHGZ3KA,0
KZYEGGUCTM,1
WXACJW07B4,0
SBSX5KS40H,0
LAX59DHWTL,0
BGQI00S8RG,0
RSHB0NRFUB,0
75N4KTUN45,0
JLZG12B1SL,0
TP3D3127YL,0
I8G2OOOVCO,0
EI71D592W0,0
OBMRHYT6HA,0
KC85UV7PXX,0
9M9A6DRFES,0
FXEP3OJSOS,0
UHB0Z6X9Y2,0
2FEN9Y9G6N,0
EAGH8XJV7M,0
RTB0FEIXE4,0
Z9E5VBCJHI,0
7NJL3WZS01,0
WA0QA1HYLB,0
YJAN8KFA6J,0
WA6LKP1PTR,0
6UBALGAS9B,0
NAX37H7CW0,0
XLSDV4NYGU,0
SBJKVX8EPX,0
39RM0JUGTZ,0
6UNOCZ8CH1,0
9A0CQVDM2Y,0
Q1493GE244,0
0J9A5P2RZ9,0
LYLEOOIKHJ,0
455Q94JOA3,0
JF55F2Q8EF,0
KQHX9T001X,0
IQPN8AUN67,1
Z1DL0Z4QZD,0
90ZZXEWRKR,0
MKHFDOVDQM,0
76HQMFQF8I,0
3FNEJPSN6E,0
VGDRJG3B7G,0
TLTVELGRWJ,0
PCVQ7HTPV2,0
HDRJUDI9O4,0
GF0EE01JDD,1
1E6JP2ZF6R,0
B6PRZ2SZ9P,1
JZUKOYHXEM,0
BA6XI46LR1,0
EZUQ0E1HCH,1
ZE0N0TQCW3,1
AAH8JFU0MI,0
Y24CMU0R2Q,0
TVBA7FYHX6,0
AHSZR31AZA,0
39EO3E5J7I,0
XLBESP3B35,0
GNFB0TFR4P,0
NC2620UR9D,0
XHI13SUMDC,0
W9DOVMTC69,0
R99L2JNHVB,0
XWLO6AJFF8,0
ZLHPYEUPH2,0
Z8R9516K6R,0
67JQJ83P7R,0
HOWAY4VW8R,0
L6PW9DLK0I,0
F9BCV0PVNS,0
79FP242K32,0
JCK9I5EFNN,0
A41YADI8YU,0
LZ2ZLNY1FX,0
EFO9KH6BMA,0
CZE18GWLTR,0
KKELY4VYV7,0
8407TQV7MH,0
R5PZEPRLEU,0
IXRKHONJ3Y,0
8X12LVVF67,0
40OKJX3T1D,0
FNE1IZTNNM,0
R7STVGWPR5,0
F50XLA1OBC,0
J5AKN24U0Q,0
NX5Z8G66ZG,1
VE64HP50GC,0
MDHGJM3MSH,0
YF7A6EPBDW,0
7DBV1CF35B,0
Z2PU5HMVIN,0
K9ZNXCKGNP,0
PQ0TCS84HL,1
EEWJT1SON6,0
YPETAPKOK2,0
TRKAEEGZXU,0
RWFXFKD4J1,0
UTY7UXMWR2,0
Q6U246IJ3K,0
17IOC5N0AV,0
EA6R8RZ6SB,0
LEOLDM3X4D,0
06MKZU2Z2J,0
6IVY85AJRX,0
NKALP5PZ9J,0
J2S9LPHUDO,0
81EV3Z6IH0,0
EM2YLIW9FO,0
N0LP8YG77C,0
RP9ZCA5JZF,0
QQREX9CCY6,0
SWYNP8HEQ8,0
Z1RVY86TMT,0
3QRO6BME5M,0
Z6HCYYRAOY,0
MEH3H4M4EI,0
N8SUHXSUL9,0
9KZKM7BDZV,0
HZHJGLCOKM,1
OYZOYZUTN6,0
VSQHYEP1JN,0
88NBWOM55E,0
YUZWOGIU4M,0
EV5L33FIC9,0
ZA05LCXJEV,0
YP5NHGIG7L,0
VF3HXCLZ5W,0
44HF5VJU3V,0
8CHW61EUFS,0
17UO632F01,0
90D0JNRQ8T,0
OIQR4I1N9T,0
NN03ZO48OG,1
N8NYALO3PL,0
I8IOCWMFJT,0
FKVD6KORQA,0
CNXMZLX62P,0
FZAL0OKQRY,0
0IWXA78IWI,0
EHUKHO84NO,0
A2UUAXGEJL,0
D2BN6169VE,0
D2KNX3NSHN,0
6NYXYOSNHL,0
2M5QP7UCWN,0
6B88PLOYQ6,0
Y7O0BEUU8Y,0
ISXO4NF0TP,0
UEJSPD9HEJ,0
C2NI05SOZP,0
KNYJKEHP2V,0
UEG3EXFLB7,0
XAZS27SPYO,1
BFVTL2A916,1
4TIR0YUOU7,0
10WVL51RFP,0
HC9HL3O53E,0
TVJE2PI8V1,1
EY72RT9GDB,0
BBR0Y6650S,0
A9CMLB4QI5,0
D493ED4OJG,0
MKG1EKQ1TV,0
S26CPTDWD2,0
0RWE9MOW9G,0
OHWXTGNJBR,0
NJJHLD6KLV,1
07PSAE4QUQ,0
RRZ9MWP1T0,0
KM8STKI0BH,0
STG3JLNYAR,0
TGVPD05GHF,0
JHTO2XUY8Y,0
X1PUGUR95L,0
QSCL3LT2S0,0
2Q15XWX9KI,0
IR8WGFDKAQ,0
B1XLWTGZ4H,0
ODH8MYAXHJ,0
U9SRJBS9T4,0
JJ9RGRNPWL,0
VHS41PRBGS,0
LSHYH72C0C,0
5C7NRAR50Y,0
7BC8SYD9B4,0
1EYTRRY842,0
LPTRKF4C51,0
W9U2YQ84PN,0
OU4NZTVFFZ,0
LI1HPJHDBR,0
DWGKCIVET2,0
YH7ACUS5S8,0
Q88U0A43JU,0
1FPS6MBFCY,0
D6LNTD54T5,0
1PY7SN6N9A,0
VWRWYCWMP0,0
FNG2L3CLA6,0
X9VHH4E12M,0
3IO438A0EX,0
XQAAEXTFTG,0
YZCF9MZVWC,0
MI970F2J0V,0
HFA1OQDTJN,0
8XUCCBRJ3E,0
FXP50D38B6,0
VWJL8NEELO,0
XNNKEJJI5F,1
1J4IRL3AMK,0
TZ5SI1X59Y,0
UKP02G3U2I,0
EM01FN3KPI,0
IX0MGMN74P,0
D5GLZI7YML,0
9HY6VNXU0W,1
NPBZANFOLO,0
EQSWBQGFWA,0
0KCTJFNKHK,0
SP97GL8KMV,0
HNU1TJPV72,1
YDL0SID4G1,0
WGV0MLSWVL,0
P4FX9WLUYV,0
OI5Z0O7OXU,0
5RKEO5D53U,0
4JP0RI29W5,0
KD2PCQNK6I,0
F9ZX39P0QI,0
OQ1XC5HMM8,0
654GS2U7PS,0
47CF3L9E7J,0
C403KH18E9,0
J8R0CUZMHA,0
XIX0UA898I,0
V0V8A6PQ50,0
8P8EHUN2NA,0
SIXJJU6NLU,0
ZR9YVG9LW4,0
9XFVWIYSR2,0
9GNKFDLILX,1
PH6Q3I4LJS,0
OIEY0VFM6Y,0
5M69ZWJMII,0
SE6RORVAPF,0
MDECV6XU7Z,0
H9KVTZF61P,0
2AQH4VGT93,1
CBOLJN4V99,0
G2BIZZUHE7,0
6X3RLGF9ZX,0
L6ZF756GOQ,0
F223O4BBZS,0
FOET5CIQM7,0
ZB77ACT1RB,0
KD3VTR7CXV,1
1DS3727LSG,0
1E6UTTJLEQ,0
J516E96GVA,0
959FZVE8DW,0
IUDWARHG0B,0
VD86SH724Z,0
UJ6GPUU22H,0
6B2JJ8YPCD,0
SY1KGIVRNL,0
P13I883DRY,0
MLC1P5GKJB,0
A5GP453185,0
6JL9LQO8XQ,0
7ENEJWA478,0
HD815JXPC0,0
DBF2P79VCJ,0
5PDOCOE8DI,0
ZWY56NJ660,0
IOD78QVS5R,0
4E0IWHO8CX,0
E4TKDPLD6F,0
S8IRTEZT7Y,0
1060R2LTKA,0
UZQB4FHAQB,1
UQIWV877KS,0
XGSA39C0UD,0
Z1MFC0UNY1,0
O1HAWPE9X4,0
CSP7M6V3NR,0
7U5AWF6DPU,0
PVREY5MPAU,0
QXCQ8JEB6G,0
SO8U53FYIB,0
67FW4S3U18,0
9K5QSG8W84,0
U2MWTQDHZQ,1
X3H0UPMILO,0
WDEFW26OAZ,0
0K1JZF6W6C,0
8PAGKL7K2C,0
7G2WOOADII,0
FI9U2HYKYE,0
E8F98VKXW6,0
STJVFQTEJY,0
ZSTRU9MZ1N,0
QQ5W9RT3DD,0
4S730I2FB7,0
NC3N9C51FB,0
MSUYVFXWB0,0
X5YI56CV20,0
GB37V8UM7Q,0
A5E9MHET4J,0
PMCE3PLJQP,0
CLR3BHF0EK,0
WBXRHG7FCD,0
178ET275EM,0
0EFPXHAKEJ,0
LLWZ8AVXL3,0
A8AGYE8IN5,0
LI9Z1OHLOS,0
QWFUKNA2AE,0
FFWCRRYYH2,0
G8FBEP2GWA,0
CNNZ0XZTUA,0
4DW9DE91GC,0
FSS7535H3Y,0
K67MZ24FSH,0
PVJEONSUIH,0
6YAJ5CES52,0
8LFJ4LNI8Q,0
OPF2J4QCOS,1
YIQEXE00M7,0
HKY9X95QM9,0
EJ9EPXR0T5,0
YG55JPNURQ,0
5HJ2R4G0DJ,0
OUAA0PUNIQ,0
IV4ZCIZYU1,0
P44SMOOEB9,0
GU29CEMEAA,0
R9WDJPJ40F,1
WU78SPO15T,0
Z6VO9142T4,0
IJCS15ST0F,0
8GD05MPFB8,0
E2P50YJ7CS,1
PSNRV6R3UX,0
0277SB3QQY,0
LXK0PU4W2H,0
37OE7HDI94,0
TV6N5URTUI,0
0BQMK2DU1J,0
W7BNYKEWS3,0
5M1H8YJLBH,0
1PJFUXBSG4,0
XCVXMB0SSM,0
0JWYOA7956,0
MGBITYZD4Z,1
5GA4XMCPUO,0
IW7V1DF7DF,0
PMVEPCSZYN,0
E9UGRVW8IF,0
79EWL5K3JD,0
COEG7QQXJ0,0
36EQ8I1ZFU,0
CTT63ALCFT,0
XL4XDNHMFF,0
NP5Q236XRN,0
LL13W7X5LC,0
NEVL38H1MJ,0
D2D9JZORE8,0
02530P92JZ,0
9WL5OYKGL6,0
G5JZ4LT9Y1,0
LFE99Q9E0D,0
T1E0VG35IS,0
B2BCV8SMHS,0
TZR8Z9EMG2,0
0SOUIJ3DZP,0
9FB8OHUSIJ,0
SPDNMSM1AK,0
0JVI2M7CC8,0
CS6K742FVQ,0
W852E8TLEU,0
LMLB3TEIOL,0
BR5N2BDKI2,1
9QM576KB6E,0
0330LC9CQE,0
T21EXWIKTY,0
IDTPKRUX8G,0
AWHRU0OODG,0
PJYG6N3MNQ,0
2JWPCFYIFN,0
U7KXBTA712,0
I2YFHDPZQP,0
WOKPHVE281,0
XVA3QEQZRX,0
1NS25GAR3I,0
R2UI0ZPIR4,0
JKMWG4VQU0,0
R6LNQRA85G,0
LPO7ZRD2UU,0
IZPYYJ4PLP,0
SV4MNO7ZH3,0
XQGZK09YL5,0
VYJ8YK7891,0
7BKO3L85CC,0
ADWR5T49C4,0
9O46O25ND1,0
ZAF1SVVF5T,0
YGTMP3EMKW,0
BG0H0G8JVH,0
DGJ14ZKPVJ,0
MEWM4KRYFH,0
V2KT574RDW,0
5JN0W561T8,0
WDWZJ2IW92,0
NOS740EXLJ,0
464TU9BJ2E,0
WTNR62U60X,0
E17RJ5ZV7F,0
KXR0GJPK4R,0
RMGS0N171Z,0
6WEEVT0ON8,0
ZQ3ETYSGJD,0
HUR6X4XXC4,0
MMPW76KD2B,0
L17EVLF5U5,0
ZQXN5KWWFM,0
4MIPTFWVY8,0
0AFQKHS5DA,0
BJ92ZC8QRH,0
GGRVE0WU9U,0
GI9G4UEZ7G,0
B1YE4M4W0U,0
IQB0WF695J,0
WY3ZQ1197D,0
468K6UH7ED,0
EMRO7W1FMD,0
O8B47FZVOC,0
XNZDO8N25S,0
2UC758M9K2,0
4G7ZKH4V4Y,0
H38D8NVOUI,0
DUUYIXVR9W,1
T08MD4L56Y,0
FUYLUZYE7S,0
XNYAKQPJHW,0
WLQ0UMUUUD,0
OPJKNXLTP8,0
WCY8VR6ET1,0
S976MOFX2O,0
AEQHLNR6LI,0
E0JWYVB4HJ,0
JT0V0CF2EB,0
1TXYM0T4XM,0
3ADAY6TA93,0
PCY90HFUQB,0
J03XUDF2J3,0
B0FXIKT11C,0
DYLB49BNIS,0
11DWBPKY7F,0
FOVTKAV8CO,0
563YB35DQQ,0
8WP5STRCNM,0
BQQ2N9QGEV,0
LVI3G9IW8I,0
14I3GRD83M,0
TL50MPRR93,0
N5709EP3CI,0
TWNB8UAS11,0
YDNBIH6BWY,0
YWH6I6XPY5,0
JXYW250CFB,0
DVKK876WX4,1
DAFK0XJQUU,0
VWL12UGISU,0
54HLRXNJH3,0
41BIYS2EMO,0
9JDY5O8OFK,0
CW4ES1F5VH,0
J3I023P87E,0
WCW595H2T9,1
PEJM4VV45A,0
22R64RMK5Q,0
HWZ1F0CUSH,0
KX7J54D582,0
240CGT6BRZ,0
F0JQ55SYB2,0
OF2BF5XWUV,1
2LXIIM7BDB,0
JXUQN0OJV5,0
B2ZU7QISDN,0
KV69KJX5F0,0
OZYWZ3E2BA,0
90W2PQPYN8,0
TOGD9IXP8W,0
2A470HE2NK,0
WN721RHCR8,0
GRXLRLHI1Z,0
PTEOAJRWN2,0
VVWSS19OP6,0
CIVFNBHG22,0
LBRL1HYQGM,0
IK4L74B0SI,0
AL86C7F4Q0,0
LTASHYEJ1P,0
N1R93ABT49,0
WSLI501Q9Q,0
9131A47TZ6,0
RF19LL6QOV,0
SQLFQX1MQY,0
LG1D1XXE71,0
XPYGS70J8C,0
8R0YDBW8XR,0
L5KGFM6KRD,0
YT6MOJNXAD,0
83G8KF9482,0
0TNTYX0GSA,0
NOQCXO0GTZ,0
3BGJDC9UWI,0
955JCKVJ6M,0
95EVF3M838,1
BYZ267HIC6,0
4YK9J51Y5Q,0
QMHNHLSVNU,0
QYPRFUMA67,0
XU06D7HUTU,0
UZHCHJIJVY,0
L6OX5SVGWG,0
QRZP66N3AM,0
W8LKCK5DKZ,0
OHZAKSMZBW,0
PJTD2IUNJH,0
H8CGXCOWIA,0
QPVUM3POAP,0
P6R0D40OTX,0
VWBFYCWPQX,0
W4YSOY5PVU,0
NSOVVSQ311,0
HTER94VEV4,0
24938NSK51,0
0IHV44N4VE,0
1LACCO01EW,0
NBN3SF53HG,0
2FWE4N16RL,0
ISZ1BDZ5T7,0
X41MYW18MG,0
GOWBTQ7AUH,0
NE184YBTBY,0
PJ7UB0QI8V,0
WKOLK1YGZM,1
XODTWF6Y2V,0
O3ON1OHRPE,0
S458D8W1E7,0
SKTRQUF471,0
WRUU6BT2PT,0
VSN2M62PS4,0
8C07V2MDIR,0
I84O0GNXYD,1
6CHSMK1R5I,0
8ESJJDIOZN,0
ZLGW8TKLNF,0
69VZW9ASKJ,0
BQ85FJ3AV7,0
ZYC7Y7N4KG,0
HFI89AZFDI,0
VF8SON9RNU,0
F0QCUIM30S,1
I1S50ERQAS,0
OLSIRC6QED,0
63E22VVFE5,0
XNY7MG1X98,0
CIKJ3E2TKB,0
NA1YGAT8MU,0
JLXPV7NASZ,0
5TW21KE16C,0
KR63691Z0Q,0
OZ5QLL168A,0
62VN9YA95M,0
M30L3YS5TR,0
7BQJWJ81R3,0
GLFUAOK1XL,0
QFIEC9MLT6,0
GSGD64N7ML,0
LPCHNV6A8Y,0
6ILMCGP17O,0
C4NJHWK7CQ,0
H7VIG5A58H,0
IDN1R2GO43,0
ZTM3PBN58Z,0
O69H0D0UDU,0
VI44LRFRC1,0
WDFIGXKMGN,0
6BK25XNYD4,0
48XNMY29FC,0
SBQE880O4X,0
CE35IYQ1UA,0
7KZWOP9BP4,1
TNZP19ODZN,0
MZZ1ALWI5L,0
2A4XY19E2H,0
X2RH6DP1AL,0
2669QL7KAM,0
GFW5LXZZS9,0
822Y2VHP6V,0
STMJS0AIPR,0
024IH53V5W,0
WOGDG0NW9D,0
DDV6S7GHJG,0
5W1XO6PTJZ,0
FEMSNE1Y1Y,0
WXQW3ZFHAA,0
UE61NJVI0O,0
NQR3O3ANKD,0
VC14KPCGRR,0
TTPREPGR4V,1
YUSXIXWLC1,1
UQ3SDNOOBW,0
GHQP8VGAXZ,0
QFCUW3RF88,0
FNC7FUNFUD,0
UE93PT5W0B,0
HACUYQSQ4T,0
9CPIAM0CP8,0
HZ0NU61XGL,0
0BHMARIAMW,0
ZYJTJBJSBJ,1
ARCG7KXXTL,0
RTZFCQ75UR,1
LL27KWOI69,0
B9U784JN15,0
Q8S11RLWTI,0
W1IMX3YMY1,0
Z9IK585P0Q,0
R81PWBWB8L,0
97TJI518UH,1
5WDKFTBVUR,0
XC8V104ZMZ,0
MMOFWC4ORN,0
TRJGQKU9KQ,0
FUM3BT4968,0
ZJ7OMP1NT1,0
O40C6IQPB2,0
FUM3D1N1PR,0
V43QG79KG0,0
8DRKA4O5C5,0
VVRO4XWBET,0
LCHZLA6HXY,0
B9N2WI8JIT,0
TMDAXQYQAR,0
D8TJIF208A,0
ZQB2XGW4XM,0
WMAI2149V9,0
QKDQHBQ9LT,0
XCDXUBYNHI,0
JTGHVYGIJ5,0
5PZUAWVIST,0
JSD37FGRTY,0
HC0COQ07LX,0
W32RIN2A3R,0
N6R65H039C,0
SPKIX03KGD,0
Q95O0YDKJ8,0
OMFQ59MEXG,0
QC61G5Z6K2,0
1QKQLKGO4R,0
AZRCXAPTPV,1
5DF47PAK00,0
EYBYUKAKU1,0
WSYIU0YSSF,0
EILAC3089C,0
JM8RSPJXSM,1
Y5K5YKKPNC,0
Q7KGWZ5IV1,0
OILZ425IMG,0
IAWG1FE21M,0
QBDIX7A2K5,0
PA4MWS00MX,0
FPVV2XGSI2,0
0T92FRDKFE,0
ILB65K1F92,0
1D4JUOYGJV,0
VH4ILD12SW,0
8PFH3K33HX,0
W85GZZB1H4,0
KSQQ4JX1U0,0
F8F05SXDHK,0
07FWIBYDRA,0
EIE3ZH9XL8,0
EF5BXX16WX,0
TW0F2C5S0U,0
NY0FV1VGMM,0
3SSI8QY3M7,0
JIY0V15XEV,0
EH3O7PF9TV,0
24Y0VOWW3I,0
RK0K3PGZWI,0
CAAK0D9Z7Y,0
BG6T6FXVE3,0
JB182CMTU8,0
7OU00LTDTM,1
1LV4N3MTFJ,0
03K6O2OQEB,0
4BUTS5EYKT,0
EM3YFH16WN,0
68QJ1WISXS,0
W2VM2SIL8Z,0
2XSHKNP9WS,0
0JRR3UNYBR,0
0LZGCSZGJE,0
M3B98JCLOW,1
XZ183BK447,0
D8GXNVEK89,0
JW1ZGVQI6W,0
24GFH3VTIJ,0
0OEFJP20RG,0
9M3GRNXKF6,0
NS4U08NGCM,0
11XFKJD88G,0
OP2I7Z0CHN,0
A112PBPYQH,0
OBLYIXBT4K,0
LQVB1PL04V,0
QT3BA5C2H9,0
WWVID3Q5VT,0
A7TI64J696,1
3IKYYVNN27,0
QW7HCIXZ2M,0
6GNYXHTN8L,0
VTIXVO7NEW,0
07GMPCVFU1,1
0CV56TX5HL,0
OT83JC8TIC,0
IVMLE7K07P,0
PRNEWPVTTK,0
C08NV6F9GG,0
9GUMNTXX0M,0
6Z4DHETU4C,0
Z54MOSTMPX,0
1MS7X5G7JY,0
SC3FLVRMMD,0
97L9NOWBG9,0
BS1P5I0TPF,0
0O4ANE5S2P,0
KNDDZE7X72,0
MG0VIRSBEL,0
4UOJ2O1XXP,0
29KDILASZV,0
ZD9JGA5NWW,0
9CBZGHV75X,0
LV4SX7DG4Z,0
LDYWTOLCNT,0
7558SIROHZ,0
SQVJ87DNCE,0
KERFYTP08E,0
9K2EZW6XJ2,0
IY22GN0WL1,0
OD9E43ZGGA,1
E9GSPGWAO4,0
DNR3SF5EAN,0
UMMAV0TBUD,0
K47HCHBY6W,0
EFBG6D3MYL,0
2CH9NJ946Y,0
YFAQR6LGQR,0
HRMF7JPJ0Y,0
A1QN7YDCK7,0
KFIA9N659K,0
9JTADFVEOZ,0
YZTY7VGTVA,0
AYTC5AZJE8,0
VD49E7LRUI,0
B9712NWN8I,0
6EMINPVZ2G,0
8A1PPPZJV5,0
56TK6HY7VD,0
IPIWZIDKX3,1
Z4I4FE6YJT,0
PN3E6JGYMB,0
NHW0IAUGYC,0
7LQV5BF61K,0
JOT7L906BX,0
WVL50179MY,0
V8L6CLZB43,0
QTI38EJJ9Y,0
ZOPP0GBHHI,0
Y6K8ZGYBA8,0
UXJQ38YFSJ,0
9FEG11YKRM,0
TV8COCJ76K,0
7ORKQ1A6QR,0
BWK0QD7G21,0
AUM75RC8YN,0
78C65EAXOY,0
6LRNI03I4H,1
1ON2MRZIEL,0
ED4G5161PE,0
XQ0HITWXH0,0
WNHCJ3XM5J,0
PXUJDPOS08,0
JGN72PPM8M,0
AIIE4E9RNX,0
YD5P3TB8YD,0
KYYJBMHAQW,0
FI1BT21A1V,0
RDBAZMYI56,0
7RUNNIVLZW,0
7IOUCEXAF6,0
01MODV2X7D,0
Y2RFUJSXZU,0
LWZDT8QW5P,0
KWT4IG2SW4,0
LHBNQ9UWGE,0
P9VCQU9EY4,0
57IITGO8MG,0
07TQDADLKG,0
JLGZVRQES9,0
R9BUALHNSH,0
8CGFR2QJNC,0
COZIAAFGCX,0
PB3HMCUFR6,0
7AROW7OEQ8,0
NWDJIJ7QE0,0
DXVNUCP0MX,0
GH6AFWO7RI,0
IQLZZWGNDL,0
CQRDAK60BC,0
8KQ9YGX1KU,0
NIS61HECWP,0
LZBL4NSC8F,0
4HNEFA5JT0,0
9SZVQT8TCC,0
1O22PEJDP0,0
PV6UFV5387,0
4KRBN5ZOXD,0
PQGTBCCVBW,0
SIR3MUB2SH,0
YPM89Y7OW8,1
84R2YGXWQS,1
PZ2KX87EKL,0
CV64MZE9GJ,0
KO5P5SZAVB,0
AH10IRCCO8,0
DCTCKEBR52,0
3V4HXU25DK,0
VQ9JHZ4M61,0
M743137R19,0
T7DAXVU91I,0
6IBY2VCCOM,0
K9XZMQ1F2V,0
INKYUVFNKE,0
JFIHPVU89M,0
HFNFHXDE9C,0
AHTV1FNN6F,0
TXGJB0DU2H,0
F554VRIMT1,0
8Y2XTFB6PQ,1
QE0APTUBNK,0
DN54XQZTWS,0
DISR3MYR8T,0
JKXH1F63DH,0
HVXZ1UTYS2,0
FK5MXP294Z,0
S3YGPK0FWG,0
99J85U9C4H,0
5KPXY158TN,0
EA8WQCTR2Y,0
RCDHCHM88O,0
AJ9TUXWPXU,0
SDX9NVKSQ5,0
FJWWJYU3LD,1
RXKWFM8FSC,1
69MDSXQR09,0
XXLO3IYM9U,0
D5P0BNKTBY,0
Y9MVWI5MDW,0
CS4A62O54B,1
IXCGJ3H7JC,0
X532XLEQ8I,0
OGP36TQT8H,0
QZY30QTN6I,0
6256R7SFP0,0
BB72U6AIF6,0
PIAMC7R3A5,0
NQ36TL7Y8F,0
DDMJUVVY82,0
3XML8B0QNX,0
7R6SBJ7JZ2,0
UBKVJ3L5WR,0
E4TM4PSL9Z,0
OF3SFKV5OR,0
0J8CQMN3JK,0
Y3PHJCW5OL,0
3WH8CG9JPW,0
6LIYANTHTN,0
76CCY76BG4,0
UJUJTYDGLI,0
W6PHLDZRGD,0
UD76DD8OCI,0
ZHW0JTRYYD,0
87MJ7WKZLY,0
0DOEESWAGC,0
FXE45RE6GC,0
TVM8XP8JX8,0
82B5IDJR2N,0
FYYBVO19SK,0
6MMPXW6BUS,0
CO1836KYR8,0
8RQSB9J71H,0
5U40VRRNAR,0
S1BPKI39LI,0
6C3MVR8E3G,0
CHT1TBR4YQ,0
ZXH4Y8HJ71,0
AC0KX6V8UK,1
J6HFP18CNK,0
TNN0C1A9X1,0
CY7YZY0ZPC,0
HDW5VEOLXT,0
MO3GLNL7M8,0
GAXRJ5RXCM,0
75IGA41U5G,0
H2EDIIT9HO,0
9BRFSU34F2,0
3O7JLBY0GT,0
8W94B28V59,0
Q7LQEULAAI,0
6UJX6L02R3,1
XAZL6DTE90,0
S8U40RL2U1,0
UJ9POGRK95,0
2YAPAM7XYF,0
K65JCELJ9Q,0
TERZGP2AEU,0
MKWI7V8GW8,0
1MIOJ7EYYE,0
UZ2MUCII31,0
GGOE89Q52F,0
8JCSTMMDEV,0
6NE3CDHPU7,0
ML6UFVO0Y7,0
88ASJRPKSK,0
ZXKGQ8SYG6,0
9MVJ2B9QQK,0
T5LFPXJM8Q,0
KN6ZDJ7BXU,0
8P6W432V85,0
1A0U126VXY,0
YOLVOTIO7E,0
D17F1M1P19,0
1BA1QBHB6Q,0
S60PS1PRNI,0
9OT0WD7WWP,0
XEZHN9K4WD,0
84TN2X3XHP,0
YJIVW5FNP3,0
YBAJ5P0RN4,0
D4RNYQEKG0,0
AEH9E78Q90,0
RCOE3CQ37F,0
Z9VZ69QTEK,0
KME721GLXP,0
KUTAD7ND4B,0
509LHIDM8M,0
RW937SCTQP,0
HVYJF062OK,0
E9JK51YRKJ,0
L8RWCOK6YD,0
5OWKEI2K2S,0
36J1RRSPRW,0
ZDO3XZ6DPM,0
8K9LE1PSDL,0
O9B2YVXNH7,1
YTCQIS645T,0
BOUOVNV4NU,1
JSWGVKGM03,0
RYN90V4OLC,0
HLFGARLTDH,0
K0APS57EM6,0
5S75ZQZJYL,0
YAAZ4AEBMZ,0
A4OH7OLYV4,0
NE3IALCNN0,0
58AW0764J7,0
RP1PWC14DT,0
P1MVA0SG8J,0
5APZG5W1DF,0
7CTA5NMSUV,0
7VDORF9MIG,0
IKJKBTMVHB,0
1JJ9U73FWL,0
T5FNUWBQH7,0
UKMUSXU4KW,0
7YBFDYSUSM,1
P74K5O8B88,0
75UUX2Q5MH,0
SON8YTFD16,1
KNOL63Z4N0,0
1016MNXMS0,0
I3P42W1HXT,0
H8WYTK1X42,0
JVZ8AY39D3,0
LFT4DSU9ZR,0
4P84VTW0JM,0
1F2EJ4NE7U,0
PKZ2S7MPDG,0
I9X9Q5416F,1
CI0MFI5T7S,0
5BY1W2ECT0,0
BRMX3UHKRD,0
E4R5LTG74K,0
HYTXHSKIU6,0
1IEBXFW6FX,0
AQ2PISYZ7Q,0
O3FRTTUBDE,0
FWVP6KFB9B,0
22IGDI7J5V,0
1Q4OVYAK20,0
ZA10C43KXN,1
M5MSP17HYY,0
XSIO8XVP4H,0
2V6S0LA6OF,0
B1QUFDOV06,0
6F6WZ3Z6Q8,0
X71Q5N5TS4,0
KGQZASDS93,0
L01VQ1Y6WC,0
1NZEK7NKJW,0
DRD7NMTR33,0
5VQDVRG4DC,0
J7CBWFLXFN,0
372756DS8D,0
11N15F3M9U,0
72ER602RX1,0
D8KWNYB3PQ,0
R9HXGCU1NO,0
V9CCF71D1T,0
BWY3KQ30R8,0
GQOSV4VK9V,0
G8TO5P7BPF,0
2HO3S88OEU,0
M8MHTGAMA6,0
XUGR759FGC,0
ITDQSVDJLM,1
PA9OEKSKWL,0
UTU8QDMA42,0
B7ZVJIOOPA,0
7QFGQVY0C6,0
9CBCCO9DIR,0
LGR4ZBQBW9,0
RN044SDWWK,0
XQWUGLVC8Q,0
Z7U6O5JC4X,0
NTHR125OMV,0
7MGQPDASF8,0
WN5HCRIJYG,0
PYMCHIERXQ,0
PTGZDSVLY5,0
DLVNG77AN8,0
636LTOEDSE,0
F3POOXFO3M,0
PGVWWAD1VU,0
TX0JBVHXW0,0
LX4KXMFM3R,1
78277PFBI8,0
U8FAVF9T10,0
5YL92BXDMM,0
6U3OQPBBZ2,0
219OYISEKL,0
YRBFJG66Q6,0
OV8NRJJNQS,0
JPIOMS6SJC,0
JJATNATR17,0
S3LHM9QIKC,0
2E10I62PP3,0
EN68QBK63J,0
WQQA1XRQFX,0
LUZ8X53LE3,0
J3AMVH4G2I,0
TBESMEUSCD,0
YBZ32XZNO5,1
2OT2CYZUFY,0
ILVD5ZBMRR,0
N6UV56FSX3,0
BJP7LOYZZM,0
Y8RDYSWGQ7,0
WNPTU2UXHB,0
S4P3LFN03N,0
H2Y90CUGSY,0
IHWVZ65CVZ,0
7J3I0QDT0G,0
4F2XL1Y9EE,0
UELTH6PZMM,0
CE9SZL74BP,0
21O745RX2K,0
TNLZYVXPCV,0
93XX288GW7,0
CRWOCOISVN,0
UXEVCVQSBB,0
BPJ2A0NEVA,0
FHX5JVMHW4,1
UHBYBUCU34,0
OK6MMILY5J,0
LLWGHP3JYK,0
2WG3MZFLXC,0
SVYVVYNATA,0
XSOC38N228,0
95NOC091NH,0
7O38ZL4CQG,0
ZMHSTDEXK6,0
0UYSCEQKKT,0
IIZ2MK6XZK,0
6DPAK1ZCV9,0
PKFE3DF64H,0
1LIFM9EBMY,0
HTB1LWK0LX,0
AIU3JIDZX4,0
NLLRJW81YN,0
OZ6FMRBN7X,0
1HX5X1U9KM,0
1HXWZVKQOM,0
NT7G64FX8P,0
1Y3Y30R310,0
99BGWOVW1Q,0
4PX62WQUV2,0
KY7UZDWD66,0
GJL8AQI9RF,0
ZE8SXMCVPH,1
105837WR4U,0
YWWYI6DVB7,0
GCSDI2TTDM,0
6WHOFYT1Y9,0
YGE3GEKEQ7,0
EMORSF73DL,0
Q74ECGEVOK,1
5N2KMC9W4K,1
218UWXFBPB,0
NGSIB4BFYN,0
9PSRNR7DE7,0
0AX9S4FGWQ,0
XQY6QJXF18,0
5F1IZAX2PP,0
6KRBJIOC6J,0
YGG8OPZK96,0
7V1V53239A,1
W3ARXY1JZ0,0
AAZ6N78ECG,0
W1TQ18KCIY,0
TNR2YO8Y9D,0
PEYLM10SZI,0
RUPV56B2RV,1
GKTC18GFBP,0
LIGPX6L0DT,0
5QD5NOH9CJ,0
6K64JC7OWX,0
5D8F573JNP,0
BUKQI0N3TP,0
TT14R1P1M7,0
IYJKUE2MFL,0
5MEUFEB926,0
OBNWWV5DP1,1
M4CVXT0D8M,0
K3PCU8XCNS,0
ED5NKZ18M5,0
BUPD7NK3RG,0
R59V9NI1GW,0
2XFFIL4EJU,0
M8DDFZAWPP,0
8X0RSGZQNN,0
R5QFZ7ULSE,0
QV2IZRIIRJ,0
H2LC0KJYFT,0
TR4HLJTLIO,0
DTRNJ5AHLB,0
UOC6C80NVS,0
3SV5ZR1BDO,0
RTQ148KAOJ,0
IH5IKPWWBK,0
T7WRWPFW6R,0
6M6P02C3JR,1
7TQZJNWZGO,0
LBY7AT792Z,0
6O0U7WT5JN,0
TKRFI6IMSW,0
PT43JIJYOW,1
E6997XWRDZ,0
V85AHHJTZA,0
J0K98OWQHO,0
SS4ACX50Q8,0
Z60GWMR4WW,0
6Z7TUATRA6,0
FI9OXR5A3M,0
11OJXEOTKE,0
H7SV4FB4PX,0
5T1RMKZ00V,0
6BEKC0R79X,0
F0NIB82WJL,0
0K3VOGOOB4,0
4GSK1UA8LN,1
4S2RCISI74,0
AEEI8YY5UA,0
7DLDP29O9E,0
65EMH4RT62,1
326A4LZAMO,0
YS338T6LQ6,0
CXGUDWVGKO,1
WC4DXDVZDK,1
L3LYDCYR1X,0
6TDEDI960M,1
DHRQRRHP0Z,0
4KO4LE1OWF,0
QO9J98YPH5,0
PH8HW2WIP5,0
EMI8E9ZF0B,0
D71OH4MN0V,0
I7QZFCDUGL,0
Q60RERPPGU,0
HC04FCO54P,0
MZQWA7DOIL,0
417WXOQWHT,0
EPHPWD710F,0
NYH6M8XKQF,0
RDXYBVKABM,0
ORRTBFY8I1,0
E9IZ7UPT4W,0
12IT24XQX5,0
504JWYJRDV,0
VPS2G8MS72,0
16K5HCM60W,0
7UFXNWUGCX,0
15MG95FE0H,0
5U5DDFQOEB,0
2BVRIHQ3D0,0
7HN5EOY3TZ,0
WPHD4R4F7J,0
6XV076FH63,0
VMQOKL2GXB,0
0ZYOV6QRT8,0
VJ7YALTZZN,1
TJSDDLZO4Y,0
UOHV1OCZQY,0
9FOPWP7ARM,0
A8XNPYBTS1,0
EYO6P23BLM,0
4TDVM6SYTC,0
6JH695B0RK,0
GQ9VTRXI8R,1
CPSCTZ5QGZ,0
O7GPHVLIFT,0
NVR7SNNIHQ,0
XA5FIZCW4R,0
FQGDSBVVJ9,0
EHQ6L6G1LJ,0
4BJZ1T9G9N,0
BEBMVOJ5C6,0
5VF724OGPM,1
XUERA23AB2,1
4VPUOQDT79,0
C7LL7TA4VZ,0
SFU0VSRSIU,0
8BK1MMM4YV,0
6HVL5DTB9E,0
I0VY71VBOW,0
ZZN7XU4U7K,0
15E4IFASRA,0
Q5QSJCH8PO,0
KGO9BE6TU1,0
TJ03FQJXMV,0
83UQ0MX0RT,1
FNLK1H5HHZ,0
PYMLVXQF8P,0
V5EOY06XO4,0
KBUIQT0RM7,0
WXVBCDVUO1,0
21Q7Q1LBT1,0
M996308EKV,0
LSC8ONSDQ4,0
L3SQB1YQ8I,0
4GISO83NWU,0
XROJ2G8YB0,0
W5JSTSEA7R,0
JPRFY839FE,0
HZFWRWX4DC,0
I3DXL9W442,0
2F2MUFZ35S,0
C7AEO700VW,0
R2PS2IYK2Z,0
1O43PT355G,1
819DN7H7LV,0
7J6D2MVO5D,0
2BFSOUJTB9,0
L8BNKA4H2Q,0
3JJ5DWA10B,0
7FAVQUN8GL,0
PEB4D14VSD,0
JXWV3UCOUT,1
JZ2IQC1EM9,0
VM9OJVDX3O,0
HBDQQJVWZX,0
C4D5QUBHN6,0
F1NE67TVZJ,0
LQT2S0YRTT,0
6EOGWPVCP4,0
WCUSATFF3Q,0
LYDAGDBJQX,0
5ORY5VKOAS,0
3K51TSBABT,0
BH188U56BC,0
KZNCX0HXJD,0
7IE6VLE0XD,0
WM7NKSJD6O,0
8M3F4V0JOR,0
MK1ZHR0I38,0
ICMG6B33BF,0
NYBLUZIRQZ,0
JN2B6HAEU1,0
XIJ4CJ1DEK,0
281WQWDGNP,0
8Q90HYXG99,0
CRDXTPI8KY,0
D7JJW7ZXB3,0
RCKFLTVTWM,0
ADYFZ1WUCZ,0
DI07L76JIF,1
3IHVSPSDU6,0
M6HRRE9046,0
61CVJMWGMY,0
3EC36HUSQT,0
2ZHEI0S9SE,0
HLGOQCJ950,0
TLEYTRQ844,0
LM7Y1H6TFC,0
PL9XX7FTEG,0
4ZDLEP5PBD,0
AF4OTCO235,0
FTESY4QYAI,0
RETUHCIDFR,0
A6NTZ1MMNY,1
IAUQK085GG,0
DLKM3XOG2H,0
H4G3PNYLTH,0
Z0Q61PN6T7,0
PFOBI8PV2F,0
HI2LLEX0S4,0
NV52KIAVTN,0
X8W1CFI5N4,0
TBIWRJIF3I,0
FCOB21MW9J,0
WURJGQWLO5,0
Z5YTWDJGQ3,0
N8CF8CUORL,0
5KRP383W3J,0
Q6Y3OJ0UYF,0
PZNTOQ4FZ2,1
QFASSL2S5Y,1
2YH6OLLH1G,1
FPQFWSGU56,0
FSBC3NNGTG,0
4DS3NV0CST,0
G5ANNJ40MW,0
YCFOBY1Z4O,0
ER4UQ6VDTD,0
BSG1TIGV9V,0
YILXT62UE8,0
H2S2AUBJUW,0
0YEEK4ZYCY,0
J88G3IPK5T,0
5J7CG3BLV2,0
MLQNLQMEV4,0
YCAOT31GM9,0
BT0CK1NLVO,0
HAL8IK16F9,0
MCDTURZ02C,1
MDULA18SOT,0
4270XB8F5N,0
53FPXJ3BTN,0
VMPKH8KW2F,0
K7EDMFXQLC,0
FFBLBVHXSO,0
8W3J88U0Z2,0
23THI1UWOJ,0
S0CX6XWP6R,0
097FH23WEQ,0
ZG3AFE5PP4,0
GBCBLQ10G1,0
MYJJXXLBQN,0
Q7W3IPPNOB,1
367DZY7BBM,0
F7RXABBSPG,0
YHF2P34ZOO,0
380Q0F5SP9,0
0S55DNL4L3,0
O1CUN5B2OY,0
ALLON51KBK,0
9QGJU0LTXT,1
6FKVPW5OK2,0
XPSGV1PH4C,0
GCCJBB34JL,0
UKCUONZTOH,0
BTM7XL6S4B,0
AKZYN1E2AQ,0
79OYYPK6GQ,0
PQ3S3EEM3K,0
MNWXVQIV7P,0
0T5ZBOCTHL,0
317GMTN3DF,0
J6234H8TWM,0
L0W7T47R9F,0
1QJC4J8RCM,0
T7TLI269XT,0
3Q1MRM6AWF,0
4EJ1UYRYE0,0
H9AZG0K322,0
ME2BNM1OKJ,0
1T5RRA0NFV,0
WDWOO9XX73,0
K1S1C2MHHS,0
167P73WTB0,0
BLCFH1IIBZ,0
HLNHF1OZP1,0
0KB6HJ5KXB,0
83G07WGI2S,0
18UW2C9F6C,0
PN45OOPJK8,0
02SNGK79G3,0
864KNYZB5E,0
TXQE3KVYZ3,0
BV6I61ZH8K,0
J6DDX98QBN,1
AFW0HBEDYP,0
W8O479Z7B7,0
ELHYQ3MJD1,0
KP18I8TN9G,0
WMNAE048DD,0
3FOUMIM0MS,0
PVAWZ8LW1H,0
KYW8MVF5VX,0
QZB0ZCNX94,0
1D7B6NDIQY,0
B1NX7CZC9I,0
PRCTWZQRWL,0
LA17IPHL2V,0
OEJJCEWJQ6,0
HO8J849YSC,0
TQHOVSQKQ3,0
ERJ87VU6VS,0
DUDDU4KU01,1
02FRMEWPJN,0
88EMWTYD5N,0
0E1VAVC6GC,0
BEYOZ2R96G,0
82ZK9DM6EM,0
85XPBMQARD,0
V5AI8Q4AJP,0
VPE7XL9CR1,0
93C5AS23QS,0
SRICROM1HD,0
UVHQAX946S,0
ZHXM5101DJ,0
B4IGS6O2P2,0
O7GHWHFWOT,0
8YJ9JIA8EJ,0
BU8TL6EPUV,0
J2V3UDKQKE,0
0AC4FTOMUN,0
FB9HM4BL77,0
QPQKD7BGWQ,0
6ZE4ZNQ5KV,1
L5WIQZ7VW9,0
47GIP2RBFR,0
G3M7B6U03H,0
JXTWT4V03N,1
HLGQ3H3ASU,0
KN5L0OSI8R,0
DVBYPIC2MU,0
BIPENSUYMZ,0
ZJQHI7BNBQ,1
I3WN1L9GX1,0
14265GO0WR,0
I6Q6933L2A,0
PF1NG2TIR9,0
HFK07R68DM,0
DWIJHT0710,0
QPQBCXHCGF,0
QQXH1L10T4,0
HIKLZQIXLC,0
8Q1DFCZWEV,0
S508AIG0ZG,0
DJ5OZEA893,0
RH64P28NJX,1
KFMRJZ58P3,0
MIBP3P2NIH,0
GE6F9XCL5T,0
0MLS3Z8ETK,0
7HVB7O1K78,0
NLJMR8P66M,0
DVWODBHVDB,0
PJ2Y9P9O9Y,0
KAPB9O7191,0
HUNXZ68EHO,0
BP6S98TRCJ,1
3QQH9EVLK4,0
Z3GQ112DX5,0
HNKWPA1X4T,0
DLMKMMH69D,0
5AVMPFRW6B,0
NHJ9O4UUCS,0
28VXLUJME4,0
13EQYWHE04,0
GJ9NP01O91,0
IDFPPR17PR,0
L5MWPJ6SOO,0
CYHXE3XHM6,0
54T40L961K,0
EELIOOIA1X,0
A3KAPS4N09,0
FOZ4BYVZ9J,0
NG9B7J5131,0
9EXY2NJ9TZ,0
X2BIXTII5Q,1
QW00U3MAUM,0
TIWK7EQ7S5,0
XWJVGQGVH7,0
O07QZ2J5RQ,0
M1CSYWZ21P,0
Z8713SB1XD,1
MQDENI4JTA,0
AZT3TRMLSQ,0
U29CSIMY1N,0
KJFTH4Z1TC,0
6DUO4F4L0F,0
L08TPLGV84,0
54JY616FTL,0
2DSXABVD3U,0
42KZJGX410,0
80PU7RM63J,0
0HQFH13XAQ,0
1IJIZEBBOE,0
LH7FKKPLV3,0
NYSS9CKYQ1,0
OQ9CDTVWQL,0
MEYDFND7IZ,0
53SAKZL2LE,0
C77HMXU9AV,1
HLIRIA0GR5,1
381CKV8PLS,0
S5X9R5S71H,0
CSGRSONZUD,0
B18YSDA4V8,0
YV3OD829EY,0
0J19VCF07S,0
SCKHNM58VA,0
KCZAB23C35,0
ACWJ2XJUSS,0
SRT72FSQWK,0
WLRIAGG1OP,0
P52B299X5A,0
RMN9QB8187,0
040Q9AL2O0,1
SXWUAC9MQP,0
7Z5RS9D49K,0
BF47NLD317,0
2T31NKAGQJ,0
ANWNLE7MV3,0
0YTDX98O9B,0
OJVPE0MKTM,0
8H4BAD0O5M,1
WPZS1PQ0QT,0
BC95TP8PA2,0
247FS5VOKO,0
CCCXG9PUQE,0
MT202OCC68,0
DJ611KANZ0,0
J8ZQVYAI0B,0
DZUVNG3JTE,0
N72PD8ZQEX,0
NARKKQKLMI,0
RKRNND67QJ,0
X0M9LOJO5G,0
QMPC5M16F8,0
I0GCUKPTXN,0
5F6CGFD7LP,0
OJXLD3AIUZ,0
AEPD5RQOHA,0
08V47DJYOD,0
MCCQCLDHKW,0
6IRDZ39I28,0
Z4J1UDQK51,0
85LVH660DB,0
4KEAPIF4LZ,0
TOQ0Q7K0R6,0
KNUFJWS4QE,0
7VXQUDLS3W,0
6AM90TH6LK,0
MQA90AGSM8,0
2SUU8RQZZW,0
L0SWQSARAI,0
BLADGKIAX5,0
F2FPKY99UM,0
FXXCATGL4O,0
11ACS2BOLF,0
U3DN3RARJX,0
YIVQZ7ZCHC,0
MSERF8JFK4,0
PA0BHXA9MW,0
S9HQ6J8BSB,0
1GGZ0AOFP7,0
X3460PFRRR,0
WX40N7OUA4,0
A9RALNFA9R,0
3L3VN4GVZW,0
RSYDQ06QMK,0
V23UC8JWAY,0
ZKX0DTAU31,0
I0OCKXJH0C,0
5ZZ35LJ14L,0
0B6NI5LHDS,0
VWFVQ1S9BU,0
1A9N8KRH5O,0
JJLUE79Q37,0
IRUHQXXECT,0
6SFIRPUTVV,0
85DMTKKTYX,0
FG5RIYCL6J,0
RHWBA19H79,0
F6R6SONEZB,0
1HM8GQDBY1,0
43FVW4SXV4,0
4CAA48JPBL,0
MGID4342CR,0
KHSOLCDFNB,0
M4CMPY47YV,0
0706FA9KLM,0
K0NBM5LQHY,0
VVW70Z7VJJ,0
NRM19FXL1Q,0
OH8TC2AO1E,0
9AAFISMFB7,0
56Z7DT4XGD,0
J5M8UT1DMF,0
BZIUX6YWUX,0
2HLA57B1KP,0
FOS3X9VHVU,0
R24TEM2NQ4,1
R2C2U0R7CO,0
QD6V6G8OCF,1
ZECNPNH1MK,0
5801D68X6O,0
L8C2C3P49Y,0
CH22U5BUZ6,0
0MSGYO57BJ,0
LRYRSZNRBF,0
5273W3ZBF8,0
PR5GLVLOFM,0
DMPJJSO5IM,0
QMRR3NH6Y3,0
LCQB69JIOF,0
0DVUFLE199,0
EHPEDYVTNJ,0
W59343HOF1,0
K9H95F0C66,0
T597Q2NWU2,0
V0A8XPKRRE,0
3JCVY7QA5R,0
BE5CZN9KL8,0
EABDRCU7FV,0
01Z0I6ISHH,0
MCDBK7PCDN,0
K79WVC78RE,0
WPC9NW0712,0
B0TNWAQYX4,0
EWJKCN284B,0
B0O4EC427G,0
834WM8GRAS,0
XQXD4RB210,0
EL9EK4JZXL,0
EM0I2D0VHH,0
QF6VHIRLR0,0
CIDQXVNEM0,0
AXP76USRZS,0
T37WT17E3X,0
DG3MJSGT7C,0
64WEX365BU,0
X1J902BFTJ,0
YIATJK51DX,0
L5B3QIGW1P,0
XNNZ6UQ5JK,0
JR6FGLX96O,0
4CPXXG2S05,0
7YJGVI5OD4,0
62UD2YWHY8,0
4SRRSYIY0C,0
NXUSM5BYAJ,0
TIQQIKDZMG,0
479RU0T0EV,0
OGBE4AQSHV,0
D5HP3CC06H,0
JBQ3KS91DX,0
ZR6P8UN9HJ,0
VYH8LXF632,0
ABCZZSWRPS,0
RMMTMKCFGQ,1
RY32C43FWK,0
6708QSZDQ1,0
ZNNJICEEQ5,0
4VGU42Y7QF,0
F8RAS31EKR,0
CLEJ9UN3CM,0
45KAOYUNBB,0
K91FEZUSYL,0
91N0JBD0B1,0
EIQCJYW5RQ,0
VVUFXZTH4A,0
Z0GW9X6THZ,0
P86SNVBOF7,0
PQJJKSD2W5,0
LGT5DJMRZW,0
053JV2CXPI,0
E3KIGZ4BJ0,0
NA9MM4B92E,0
VRRBETYHG0,0
7GUFYITRTN,1
TYXE3VOAKT,0
RAWEG3TEVC,0
CQSZJ87H3I,0
UP2QDEMZFX,0
SQS5H8J4HS,0
RTNMQJHN6X,0
8P4TQ9XJLI,0
NKCLVREN9B,0
8V4LWJNITQ,0
EDB4L3N9CD,0
B2D6P782Y0,0
KAKM0ADXA5,0
W7QWJ4R4V2,0
KWUQN9ITZ5,0
6R5W446D64,0
UK6HR97CNU,0
4O9IV4NW4X,0
GZ8J1MLMKA,0
H992N5PH8S,0
XAROMUAQHK,0
R6ZG8G8FU9,0
7IGNOQFOLS,0
3OGGBF6864,0
24K194ATG6,1
V4J2CT06JR,0
CHBXRBAPOP,0
KOMZBMG5GT,0
AHR4OP3AXC,1
V4O1BM5N50,0
L9D9O6061L,0
LB2DCSRT2R,0
N2U9YAZ6L7,0
HAOUY6VP6N,0
TE2AGERLPG,0
9798OS7Y4W,0
FPER3D737X,0
U34KMQTR1F,0
ZJXBKY8IZG,0
3TJIIJJH9M,1
5Y5LH64PYV,0
LJ7035TVUR,0
CXRV6YSWCQ,0
OI0K1F6FL3,0
DTIVU6IR6A,0
55ZQCTXEUT,0
WTQ6ZGUC9X,0
NNZMUBLYNJ,1
BCMIJ3CJZ6,0
TVEQX5JZKQ,0
P2C61CLFJI,0
78G6F38KB9,1
B6Q0HZIV35,0
ZX4WO17WA9,0
2FXBSLRZUV,0
Y9JAXJDTM4,0
EWGIG1P17Z,0
19HVY11SFZ,0
YGUEJTVLLZ,0
GX05CCQ5VH,0
7XTALLOF3Q,0
91HD2MK9WI,0
FES2G3IPAL,1
37E4P6I72Z,0
ELVC4YJJD1,0
BNJSXL0LZT,0
OLVE3EF537,0
2GZLKVJM3O,0
BSKEKS2NIM,0
XS1JFS629J,0
NXU5EKO0VE,0
H0O1CBR46H,0
D41DS0PNL0,0
42GZ6WEBOI,0
XIX0UMWBR2,0
HP3LA684BW,0
GJ8BAGKK9Y,0
S90S1QODD8,0
GE7O8O5J02,0
9BX473W45S,1
J1N82HJSII,0
FFL841C8IH,0
S8G966I9TY,0
4IV8OYXYMF,0
4RKP9A4H3V,0
RGITFD8OET,0
MQWR87E7EF,0
L80QTEWSA1,0
QGSTTPHVQO,0
QI2X9AXB1X,0
1R0OMWHC20,0
EWH159KP5G,0
SI0NLQ4RXA,0
TO848DZLF2,0
WMR2WKF36M,0
IGI9NOX8PZ,0
Q0FNALF5MI,0
S1X9IZPB07,0
TFU16YKN96,0
91R9NBLTT3,0
ZXXW1B4HJN,1
7EGNKLC86Q,1
0FRAUUD9JP,0
2Q132JVUTA,0
KAD6PB41VA,0
7X6LOGH7V7,0
1K1XOK4C64,0
ZUWLAYUPRP,0
TGFAXLPM3G,0
R0YOIIH68D,0
786T4QTAPK,0
URF7YZOQ5G,0
ACCRC2ILST,0
RSHJEBSWIR,0
CKUWLKULHF,0
T3DOTWLPZE,0
BRIWY0MSCG,0
ND3AWC7OV0,1
T7M9HDQB9E,0
IQ7RSX48RT,0
D4I5SQ9L1W,0
H0XMGVH5J9,0
0HAC381TE5,0
80YV9QVGVY,0
JT06KQB0TN,0
WKC7M4O2GF,0
LCU62P3RZ6,1
49K014LZ9O,1
192ZONPXSH,0
201MMGH7CI,0
UNF85YLIFC,0
FVIYT91QMO,0
DHJ33YNVUT,0
IPLV4W2Y05,0
ADVHCYE4AC,0
JN841JW59X,0
IP00L7SFXP,0
2IW66XZKMJ,0
QLHT9Z1IVK,0
IZYAS4L8L6,0
SA1UBI42AA,0
QR7UCVAFOQ,0
8FPIOAZAFS,0
WX8ZRSFYQC,0
QFBT3EMVU8,0
E69RTWK78A,0
P57S1MDI3I,1
8KCD1M4SUU,0
RFXZUWY1NA,0
4FG8Z2MJJS,0
U036E5N1A1,0
UXMGSBW0DR,0
ZXK9GPOV6X,0
0VC08AP0O9,1
2LPM6I41UB,0
8BZ6UYDF23,0
FJ9W4C5XWU,0
1UOIYCF7R5,0
1GUQ0IRHG1,0
2M9452146H,0
K0P2V0O3GA,1
M9LUNZFWUS,0
GHQKPSRU98,0
I741VEWKZ9,0
UABJ7OT77P,0
KJ3UAECEGP,0
AORLX1X3W5,0
IZJI8QQELF,0
N260SLE3KI,0
A9S1E1NUIZ,0
0DAR6AT58L,0
6S971YY2TG,1
VIWF5B2KH5,0
UWNFHAD7AJ,0
IOQ8KYD16O,0
DBDM16V550,0
XYNAJ17VC7,0
46ZCSDZWTR,0
N19CH5CTM5,0
ZBPAJCUNY4,0
7I1YEQIY5I,0
QMG5W8RBKC,0
7KQIX7QA27,0
8XJ8GDSOCV,0
CUP4AAPSB3,0
WT585THVLV,0
O7OIRXSKQL,0
E196YUNQ8X,0
XGH5UFEG0F,0
DK0JRMAJ4H,0
WI9CF636N3,0
JIWU9O70RC,0
SPB01QO9OI,0
OO730PVX8L,0
T9TIZANM7T,0
DUMM8V7979,0
IUC2R2VR2W,0
P4WMFSYG9J,0
4TJM82EIL7,0
FFCYSUVXC2,1
C3JCZXR9L4,0
MQSSHBIIEQ,0
W7EVFSRYXT,0
70NEWH0DFU,0
FXLIDLZ9KK,0
2AXHPVDDKI,0
MDP5LEIK3D,0
9S83RR9WXD,0
S14NER3410,0
T3NBPEDSZP,0
73OAUMM6T8,0
DDBWK3SBST,0
BTUR8HEUHY,0
9OQZ52V96Z,0
DG7NN2Y0FU,0
EMYODXMSQM,0
D7HX4JU67Y,0
956IV5M9Q3,0
9YW1E1P7A5,0
FPXY2KBX9J,0
9OY208RY64,0
EE5I90YM7Y,0
5XBVK4I6Y1,0
UV2VL2O89B,0
GHO9ABZIA7,0
3TUGAP4WRB,0
4ZH3WK0X9O,0
LBZX9CK3YW,0
CC565SRA2A,0
H6MII2KIDT,0
FQAXAII8VT,1
RK4ZXUTFFS,0
51U9IRAZYQ,0
CQ8FTACE6F,0
FP45DMVBFU,0
AMYBBVU7EJ,0
SR4YMOV65C,0
OR1YYGSWB4,0
GGNOM3NIIS,1
GX5431JNQB,0
02U1WSZA1Z,0
PSCNYVZ19Z,0
BXM0T13QGC,0
X9X0I1Y6I3,0
GKSUP801SY,0
J3MYA9HD1C,0
TBI7U3Y6NS,0
DPLES9XBSV,0
S7U4VJ7162,0
KP1LW2ZHPI,0
0L83SK5PV5,1
G2E4Z3L9LT,0
D7H5LQ8WJV,0
S9DLW4JJ9R,0
C6JYPIYEW0,0
HIHBGS2AYX,0
CBG825W8IC,0
KEPDXOCT0D,0
A7HBLEHWG7,0
VSYEVYXANY,0
YJ610EEV1P,0
S3Y52JCCF9,0
8EDDXEXKTC,0
TZUES8B0QY,0
0S54ZFR0GH,0
V9WTIU5TN5,0
EQ3KJRROF9,0
L9R1B4L2ZU,0
248OZ6AA4Z,0
AG82115KTZ,0
KCWVUYKAHA,0
B92343Q5DF,0
YSS02TOEZ6,0
YT3J3KBXP3,0
W7XBDHVC2E,0
2OA3VDCY9S,0
GGN87OF553,0
F2SD9TV0K7,0
AUZSAEQU3O,0
X7OTWCXZ7L,0
FI5EF10HJQ,0
1A4U4C2GN8,0
SE4QP24XZI,0
2ORM88XV5J,0
J2X3GKGOVR,0
HH4IF7R6OH,0
G6K6G2SQ1J,0
5I3AXD2H5P,0
TIUZPJZZ5G,0
8LZDKPVREY,0
FPX6E0TRBH,0
7KW61812PK,0
AP0F8NVQP3,0
OSSI4EPTV9,0
US2ZKYPJ8Y,0
2OZV0D00VB,0
ZHAS2LVKHY,0
BFOSNNQJZP,0
MAGU9NN299,1
IKZUH1TGG8,0
HC70G15QK6,0
5PDLKOIWZ5,0
OSRVLNF5V9,0
LNIM39ZI4P,0
70GDU8STNH,0
IS7F1ZBI9U,0
1S37AGUYD6,0
9CFEO1PJ4R,0
15H6BOULKU,0
SA0T8WUC7F,0
7CZFIG4R89,0
VO4XR1U0DC,0
E8UI1D1TML,1
GKAX33LNT2,0
BTKBEWI03T,0
HCOPIZS53R,0
53ETZ1I4J4,0
7HDH3A1IKA,0
ZYEL7HINOO,0
ZHTAFW2H8W,0
EW9R3GL451,0
9PMO8GC8A1,0
0IVSCQI8F8,0
30PG0NID1M,1
EJZE7GCK9X,0
Z38AT4IMG0,0
4LR1QVHU9U,0
AE5M30WF1N,0
3V375VNVPC,1
LSXEVDW6ET,0
8MKBMMSRUL,0
YNISJZRUFQ,0
1Z2U4JBRHV,0
NHKUKT33RH,1
63DTMJJNKH,0
MWYYJ65M56,0
GOY7XEVJPS,0
1AWWO3VT07,0
XO8QDTADRN,0
ZI92FASP5M,0
5MAACQBYDC,0
RVIO0SJTR3,0
3WNLU4SIBJ,1
OP9NKHXF2Z,0
N5UHGKXZQJ,0
YFVTOBR6CW,0
HM6PIBMJJA,0
JN9GYNMSOJ,0
NVKROKK4TP,0
2TJXR1IT0K,0
POCO895E68,0
W362EXCU1B,0
4L1G4OB79N,0
ZD025WR7G7,0
9SP6ETE9N6,0
FI37C23HIQ,0
F8T9W1GL5Z,0
8RWWUJJCVB,0
8G5FB51DUQ,0
ZJ8OFEDLVM,0
OICI0JGMIH,0
6YUW0YD62A,0
VXTXWWGOSM,0
MNJPVSVON5,0
3NYOMSCJ77,0
LRKOOJNCP8,1
WE7AKDO5FE,0
42WSX9Z89P,0
HXFK2F5UPS,0
LS8W8063K3,0
Z94MVVSK0F,0
Q8SF33Q6X5,0
OJNO5ZHU0N,0
K1EG19XW7L,0
OPIKDZAV2B,0
RO52O56A0Q,0
70A2BOME2T,0
1ISIP7J7MZ,0
RBFTDPIRW2,0
92GX1SI3B4,0
QZ9W9NOT7D,0
IUSM2T19PZ,0
CGJ1D7T4X4,0
RY6UC1QNHY,0
U6GMUFTD51,0
IWADBW3MXE,0
TS7PULBWSU,0
BSGG0I6TNN,0
L0Z0TXE1IE,0
L6KBT0JUMN,0
6WBLDLKOEW,1
E3U93G30IF,0
K8UIWBAP2R,0
QKL77C28CF,0
YUWQ53H3I7,0
5C79LC8CYY,0
UCR7YATEJT,0
YEQ2W45PNC,0
43J1VKKC9Z,0
7X34R8BKXI,0
8QGW6ZRTHW,0
CYMVX3LBF8,0
8RK1DP5BLX,0
CJ4Q2WN4HL,0
3WP632MLBA,0
LS75LZV4G5,0
RQXKZFAN6P,1
ZMUTFWUBD6,0
ZLF967AS23,0
E7OO52UVH5,0
4C1XQLR10H,0
NB4GMZTKEV,0
R1GDVKFOVD,0
BKA3PCMOFA,0
FUHX6XOZZK,1
WLGQ086NUO,0
KVMHSUQC6V,0
2R0XPB3Y1U,0
ZKOEWZIIA9,0
JROVA8YESA,0
OWGFW3GVER,0
CFB7Y1VT2N,1
YIQH17ABNV,0
2TYKJQK4OP,0
C4ESU80O90,0
ULDF84XYI2,0
KJZU4HM857,0
IE8XMFX0R6,0
8H5OAFED65,0
1JM55D96UG,0
4KYKCF78E6,0
OEDBM4YS2T,0
T8IGLWU51F,0
1S2RTYHZGB,0
AH6BHCWXKL,0
WP46VJFU3N,0
TZAA8Q6R12,0
CHNYC3J46T,0
6630CXWFA4,0
2GFOC7MNFK,0
2Y89QTED19,0
1L91WFFJCX,0
FN8C15FRJF,0
2GF95OM10G,0
FWHHVL4SIR,0
8AJ17GWW0D,0
8YADHAFM6A,0
4DG5BISWR1,0
T9JNN8L4RD,0
MVM3SPFBRS,0
JTDMZDKXZM,0
16KFRQD3DP,0
KFZYT1EQWP,0
CBMFNCXAUJ,0
QLQUA10RIL,1
PQWB16OEL8,0
JWZEFLGGXV,0
HOGTNZJ2PD,0
PBPP09AASC,0
C6SNMHHQPT,0
NI6RZVAI6A,0
YR8D9J0BZV,0
COE7N730YZ,0
I3NP2KZ7N2,0
AGCTOSJ9KE,0
BFTG2U5SC8,0
Z9LZG85RIU,0
1FICD10ECG,0
8K5YQQK0ZT,0
JA3H2R7DL9,1
4OR4YGVQIL,0
H5YORLYPYS,0
5MH6N81QSK,0
96P9Q1N3KL,0
7EPGOQH5IU,0
UI8DKZL1VH,0
74E506AAHV,0
IWXPM9VNQB,0
MILJEHT60R,0
I893Z1HWHG,0
LK0KMGRQ1V,0
T3U1UI4ZCM,1
SNYY2S77UH,0
SQ02Z4JEJU,0
1LPHBLDWGA,0
8B19E8LDZL,0
865VC2X45L,0
2N213TGBYA,1
O8Q3BCFMND,0
B4QBU65WAA,0
JX0VHURP9L,0
VW192YRDSH,1
4P5OTD3IAA,0
STC2U1A657,0
NLPLOI21DZ,0
HELW3TRVJC,0
G9HR6Q9QV5,0
48V45ELTFU,0
0Y77IP9WHQ,0
LAW1M6JO4L,0
4B5JT3CY9X,0
XVMICR0EL2,1
Z6L7OTS0VF,0
1XC6R78OBJ,0
8T8FR76EUG,0
IBMPU55U6N,1
MD0LGCQZ92,0
ZO8E44ETZB,0
PH9YTUN94G,0
7RMVVVACLD,0
C7J5CPI4OG,0
66J4B7UJ1K,0
DZTIXK6Z7A,0
CNX2A59OJ8,0
85QVM7054C,0
NIWA0QBO82,0
YEHWFX43ZG,0
RON65BZ8OX,0
WXHDZTGXFS,1
GKZQDQ6DIO,0
0BUAMUWKDR,0
U3QTZHJE6O,0
GRAPZ5RHOT,0
SWPCC20DW7,0
75U7OFWRWL,0
10ZN4J4IC0,0
F4LD79SGMQ,0
H8K0LQ4LCD,0
QFLL94HRZM,0
9FRPC10CW2,0
3V4TP1OA48,0
496QW26HN5,0
Q8G30DJJAA,0
NJYJTDNSNL,0
CII01ZSDPW,1
TXP0TBH348,0
4CLO1C4GMP,0
JGTA2IJU0G,0
BSLWB8VJ5V,0
HE5NECIYBM,0
96ZLMW8RUC,0
OJDBXDFZVJ,0
YEQ4U5FSWK,1
B7CN42WOD0,0
ZJHBJ8XVCQ,0
VPOTXU9FB9,0
AQHSWB5OP3,0
NO1XMHKRVN,0
NC54RBR7EE,0
V6HECWBFSD,0
VZHJ6FEAQO,0
3H3J0LTO2Q,0
VMY4XJHG6R,0
6XQXV4C16I,0
8F3DXGOPML,0
K3BYJONVP7,1
7N1GV7C9QC,0
YYDN2JTDAP,0
RK8GM2KPN6,0
D87W3SMXK2,0
H8U2HW0X42,0
6SBY295WKW,0
JTA2NMH4XE,0
IDQ48G66BZ,0
8533G04S1Z,0
O7D1KONFSJ,0
9I2J9R76W2,0
EEBPZ942OT,0
77UUYIBQPL,0
0LJDDQXP8M,0
MPJZ3DMV79,0
XA0DBFDSNT,0
TU8MJGQ603,0
2MAB6CH6LQ,0
100Z6XADLH,0
K2AFFQBNV7,0
4QNP5FN0KW,0
TT0CV7Q8OH,0
J35TMQT57K,0
9P8CTLNCW6,0
8JZL3UHYV5,0
49TS22U1L3,0
ZP90M4SOEO,0
8L6JDPPFK3,0
IXW15ODXD8,0
GX2UY0XM4I,0
Q64SQKQPQX,0
6EKXNY7VZW,0
PCT9E645TN,0
SPQ0FJEF8H,0
AEC10N3J04,1
3CEE7DYBG8,0
WRQMPITH57,0
7NYH82SAIZ,1
SPIZM02MFA,0
QHZKD2D7KE,0
ABNHU61VE7,0
PPZNHAVUCU,0
ALYCDHUQVK,0
LCA1TSM20I,0
P5YMYX3ST6,0
Z6GWXMLGG9,0
MP51F3Q4NX,0
IC9FSLHII0,0
JVSSDRAVAG,0
NOW56YGUHL,0
98KQUWWN53,0
SI8988PFTH,0
9YGLCM7WN4,0
T5W2TUW4GM,0
W178RR7ZJF,0
1994WRBYFU,0
AW55LFO5HJ,0
20X9CBA0WP,0
V8QP0DCCW4,0
6AI7PVDYUR,0
EUX60XAK42,0
5RP0PHY4TI,0
X2JGTJYJ62,0
IUDNPZP8A9,0
5SJN96YT43,0
UZ5KKF0H51,0
T2JE46K722,0
TJO22MOCQV,0
C88IWHO97Y,0
KXHEW06E8J,1
KLGJPPIW36,0
BZ09Y42JVJ,0
NIO32H6GTM,0
69DRFOUT2U,0
I4VN1AEU9K,0
VCKK81M4O1,0
95KLH3E1NW,0
4F0I85EAYK,0
D6VKAQWUZ5,0
QLFYU4RDHA,0
63K59WIF8L,0
OUW4HZFICK,0
PZ6R6V5X9C,0
QCIWNTX1B6,0
DL0E73T0C7,0
STCGDKP4P8,1
9JEOKMPTKH,0
CSKLNBHGD6,1
WGBSIM546S,0
ZSQD3CL7C2,0
IPK9FTBZFU,0
9LAKXU4PAH,0
ETB1HAFZCB,0
VUROK8MXFC,0
4AZ29S6ASX,0
UVVXH1GD4D,0
S4I0JK6RS3,0
CAMIY3Y5M2,0
G3I4Y5UHD5,0
2AGEW1QK9P,0
YJDJPBSVQV,0
4GW936RG7Q,0
CH7OH2BOPY,0
9PSCUO9VHK,0
AFAAL6D482,0
OVUVM8Z3GU,0
QTCEUKJXWU,0
NE9TF0AUHY,0
B34MFC4175,0
O005XSH3RV,0
YQOT0S4XAL,0
1QC91Y11ZP,0
M5QKUVPVIM,0
MHVPI3NRF4,0
T0PQOPH7GV,0
FNL0D1815Z,0
QR49L0ZGHH,0
XJ9AA3TFH2,0
1XW4CSUAMU,0
VL8RCJRJOQ,0
RFYV5JL50E,0
QBEQ2QA8FD,0
M482QJ2NZE,0
B39TV5UAVA,1
CPW2FEUO0M,0
HN9DG14US4,1
1EU688D4VM,0
58YC8XKLTB,0
FRR8ERQOY8,0
4LJJOXUUNH,0
NB2B0SB5BU,0
UHN3D9PGGE,0
437PAJE67R,0
S7RXXBVYI0,0
Y4JC0FNC3W,0
5C4UWS6N3F,0
IRI5WV4HGS,0
18EZGTOKY9,0
8JG3TRSLLD,0
OUVJEM5C09,0
3GMPUK4KML,1
MYG8SYVB49,0
E819UUTFE5,1
32D9I2THJB,0
VWHGIUTKT9,0
692JBFKTC4,0
OB4Y3N5UQT,0
X0W524JXU3,1
5FRXKGER7G,1
TXBEXY91YD,0
B82QA449NA,0
HB6R2D5R3L,0
L095482V02,0
KORFEE8NFP,0
4M9VTNYI40,0
J38AJOHXQ1,0
KN5WS5JTGV,0
YQIQRQ33MP,1
G6ZFO97G52,0
GYBWUIBG1H,0
XA2O6IN0J5,0
9278LBEK28,0
BFAZX3P80G,0
3JAS2SZY94,0
522P2ND5DJ,0
FCGFHE7F4D,0
HL2WQ53F6G,0
LVQ2VCNEBO,0
8JJEY5J2U5,0
NXVJ8XNXF4,0
XFHYMAU7P9,0
I0L58YGQ08,0
9TOZ4TZHQR,0
YNJQFVYKO7,0
C4LD4LL7GB,0
4ZY80Q7JBU,0
0CPKVIW5LQ,0
D64M1S0GAO,0
OS8AUHY18R,0
CR7OQNRBPJ,0
KOMEZHKTSS,0
OM87S1ACS8,0
6RY0ABNY0A,0
KJE8IWJKIU,0
ZRYFP87SQV,0
L6TKJMNEUX,0
H8MG6OYEQQ,0
Q1K0GIJWT3,0
7J9PJFKV2S,0
FMY0LJI9MS,0
U3DEWFDFXJ,0
SVQ67E4G2L,1
TQ0VAI64XW,0
URYDAV1454,0
MGHILYADA4,0
KYZQI879VR,0
C53M91BNZB,0
YH8TT3ZRYD,0
ENIVO10L1N,0
R424W2JUC9,0
XYG0JB9ZKP,0
NVNZ7N3454,0
WS5H2RYHDJ,0
4OVWBO1UN9,0
OMTWBJVJWX,0
1J1THUYZ9I,0
7ODMLJ379R,0
MW75XQVQFD,0
0YO2L0QF2Y,1
RRPBT064SV,0
YRV3ZQHOSB,0
LRJ2G7ZBGW,0
DO2AWBS7NQ,1
TAINE6O7NH,0
CV66F7EJID,0
N503YXB8B9,0
F64BSAVEU1,0
X4VS1ZGEAV,0
1Q2H9EV2SE,0
BVAQVDU3P9,1
L552WBY7YU,1
8E1QF0H71P,0
8M3VKY9CK7,0
GD6UOO3IQN,0
56KPLAAJSH,0
W54C75S31Q,0
J5NX7V2E38,0
UP5J94HLCL,0
AHBKL7PP1M,0
WNP2D9G0IX,0
50GSE6NVXG,0
DCPN4AS63Y,0
HA88AQ91UL,0
NGLYYW0KG8,0
JB0GQ2GCQP,0
98VOW49T6L,0
K6THA8HV1Z,0
NECPXA7XJ4,0
VCTEI390CG,0
IX73EYDL13,1
HAAUU7DR3A,0
34U3PE4WT7,1
Y6Z4LUA03P,0
MXJ3CYE2KL,0
1ZFL26J99X,0
243T7YS2BB,0
GUUN681QOD,0
EN8T4U21GF,0
WMVHN1TE3O,0
UN0PH7BW9J,0
XZUTDO5ZEI,0
XGY2LWOO9R,0
E5U9KJSQX8,0
GST5JJPC0G,0
HQ7YPWI5QY,0
1NS06GY4T8,0
EXHXUI0LJ1,0
Y4CN01X4VP,0
3FJ3ARKUJ4,0
E9G5GI3PAU,0
JHK5QZDM42,0
C1S5CRKGB8,0
GFY9M0GH0Z,0
5NKXB9KZIO,0
HEA0G9VPAV,0
WWP9DYWWUO,0
IMTQD3NXU2,0
EGIJY6T3FR,0
L8EIQMIK06,0
81F6JSE99K,0
QMXBSBWJTQ,0
43T2WFW7FD,0
UY4HVPYV34,0
1PAUNPI6YI,0
4L2QPY5FC9,0
CCI6I7V7IW,0
F1ZHTQH70Y,0
OILGZ5BZ9U,0
PWYD880YX5,0
QLWIQL1TXS,0
YNVIOJ8DPI,0
79N8BAOQJV,0
1NBMKDZFH4,0
VZTQY0ZCA6,0
81I6O2UL33,0
Q7Q1ICWMGS,0
KIKOBV7TUX,0
4OC3T3M9U8,0
WAAX35J30B,0
3Q79KC09T2,0
ZAPINH8TF2,0
EUNCX67TKK,0
4JY6UD4247,0
6EXEXD51S0,0
NPET3AE9HO,0
H36PH2V5J7,1
7NR1K510V8,0
9EBURDWS06,0
JAAWTSKM0G,0
LPIX9YDVWJ,0
A37FY8OQC2,0
K2YT75WXMN,0
IZFTM3N0MA,0
CT929JD9D2,0
GN2SDWWRU7,0
WV60AL4B3W,0
UF9QDL5NXA,0
UGL5IY7OJ4,1
NOBQUKU350,0
FDXO6Q78MH,0
N5BUZW92NP,0
93YMDMB30R,0
O62ZMJPJR5,0
KAATHQFLZX,0
VDSGP82MLN,0
15IN08U2PZ,0
YF00ZLLKYR,0
N17ZXB2PCV,0
7WV7LB4XDZ,0
D1WBNI33JF,0
YQUVN460AX,0
10PKP976VT,0
HTCXFIT5F3,0
95CTVKRO9E,0
XAI4N1TYIO,0
IVSCBIQVYO,0
JCG6ALL3IR,1
50O8MUFNE6,0
BI7VRJ9RHX,0
HC9ZELMG1N,0
1EIIB1AQWV,0
KCM8BTKKRD,0
FQTO77KLEC,0
64HU2EJ1XN,0
7JWCKI9I78,0
74EOXXK5PV,0
XL7DN8X7AT,0
9UESZ8LAPH,0
1AILQ9U9BX,0
W9KNIYS2Z7,0
7JE4F8IFIH,0
3UP4SHBT5M,0
B6VGQLDKQC,1
SYOSBZZTNX,0
2KBGO06W4V,0
XS7JD2DQC4,0
AIA5DB5XPD,0
VAUIONY9F8,0
CWWGX61Q0L,0
PWL33E8R84,0
VJA6X6XJ46,0
VSVMXIT25Z,0
D9QGUP4KC8,0
TO9U8BW6QE,0
WIL2HMYUN1,0
FP1A4A5YI2,0
WETSW3ZXJV,0
282MSTN14I,0
X0HOFX5N9E,0
26NSOF73KQ,0
L2NGSM1BMY,0
NRPNR38O86,0
FJF9ZATM8X,0
VB7MEOUU3E,0
OQ9UES864O,0
HI858S63VQ,0
CNE45XW7GQ,0
LBJXNXQ9YV,1
97HIY99I0V,0
R6R58XNTW3,0
C2VFKFDNK9,0
BPJW3BV1XC,0
LKF3KFQB86,0
L8ULRFG51T,0
KC24CMH9SO,0
MOHT8TIT5Z,0
RUFOIYV4S3,0
010ZNKSHZH,0
2AHL4SHZ0U,1
O27XQR62T8,0
M7HJ5JY2IY,0
P9N4DWM3L8,0
6IDHFZKYY1,0
MMG4OFZ5EO,0
721TAX1QWV,0
ZQR7P0HCA4,0
ROPRLIE4T9,0
JL9CBLIIHI,0
IKJQX9XMXP,0
QEF47PCLVM,0
9IK28JO8JM,0
8T7R43A8OP,1
8NMR333TO7,0
JS9RVCJ69L,0
CX9CZ29P7E,0
TFZKO8C1R0,0
1QOTVV3X1E,0
V8T83XI5D1,1
7F3Q5JDRE6,0
LXKQWGOEW0,1
XVUB4IPWUP,0
ZFOJ55DV8M,0
7DXUPSO4JM,0
TUYEFB4TYU,0
O32K3HHM9H,0
1CFZ4QBYC3,0
EOJ6S7M6PS,0
P1ZCKQB5K6,1
AY2YC4MT5S,0
CLXUJ11Y2Y,0
7TFH647243,0
NCREC3W9SA,0
VXIYHLDQI1,0
BQ7H78BKB0,0
C0RC0NFZZZ,0
UAH5FEUPHB,0
ZW1AYPFUZB,0
X90KL110QY,0
M1P2WEAVU5,0
HXBAC9KUDJ,0
7COPFJSOWS,0
HFNQQ05B1A,0
WV13M8GKAO,0
B3DMU4YGWY,0
ZM0F7CXGYO,0
MG4I3FY6TE,0
BFHEKGJNWD,0
RYQPA6WDJ2,0
VUOEMATQ7D,0
P0Z676AO1B,0
UVJLFLIKQY,0
QG99S6OX2H,0
VILYGBC7UF,0
Q7OD2DWKPN,0
53EGMCHTWZ,0
W0SE4PQBPZ,0
BRSPUG46WK,0
R537EL4AR9,0
QMU2CN7C1B,0
OJPXQOWKYV,1
5T763Y8JAJ,0
412IPU47IK,0
QXHJCATYV2,0
BLQHHPFYVE,0
77NVLGC2XC,0
8S7LVE4NS1,0
AJ35V6RK56,0
0SXPT10UT6,0
W4JYYEYL9Q,0
IEGDQ2I51Z,0
HGOVRIY100,0
CBYEP9E4RJ,0
Y09UCBNUN6,0
B1352QAGQT,0
VNWO6ESUVK,0
CN307F8ID3,0
0M1E7J7SBU,0
CYFD89Q5AO,0
W1JMO4OXYM,0
D1DBC0KB42,0
8FIDTOZ421,0
KUUHB396WS,0
8TW3FNFQP5,0
T1IGC2FL4Q,0
GEDUSNPX0J,0
HI7IH8F6LZ,0
I2RC0KF7AB,0
SMFCLA7WV4,0
TSVKB5R81W,0
WZ28SDR3XD,0
STZYUOHON4,0
JR5PEET29W,0
LKJAC549AL,0
70PC8E23O2,0
QDHD7T9I60,0
C842GCGDKF,0
TA5Q55ILDU,0
QH3BUM3RNG,1
LMSKHWPIHO,0
SLOSF8NACA,0
U4E54TIG0L,0
9C7ZR2QOMN,0
DQSH9Y3KF9,0
YL5JF2P7VL,0
ZJXNTGU1P0,0
AI5U0KIDJM,0
NZ9YE76O86,0
ZREZ64XW92,0
QX7Y9F8YVS,0
ACDJKLBEPZ,0
QHT87C4L7A,0
81G320WZRP,0
6BIJACYZ0H,0
TOXNCABH7M,0
J06I0KS1XO,0
OB52XXQBQN,0
21T5DWU5ZM,0
EXZHDG578D,0
E5OY779O5L,0
UM6TXPADQ4,0
7E8P8UJ6XH,0
P9BORE90O1,1
WS1EOIEFDZ,0
4DR88C5P0U,0
EI0DM9IROE,0
A6BIV5T89O,0
GI9EH51DGS,0
Z6YEQ1MAJZ,0
C668CH7EY5,0
3PHB235BJT,0
FYXPATS7FW,0
9RBS33QP0E,0
VD6YPVRYOK,0
02SYTTV482,0
Y1TIQVRIAE,0
UKQFHY4CXN,0
KMID16O95F,0
KMC11FEOGO,0
WYW7ZQN51H,0
4S7X01PFC8,1
F7RN9NV8RB,0
C9T9YU7LUR,0
JZ7LZ19SX9,0
W3SOT4ZYK2,0
776CL9F617,0
HBKBZIAV1P,0
I2979QG9FT,0
231HOKJDO1,0
3KWA7WJQQC,0
2JPXVFVSJM,0
FQ9H49PUP9,1
TSB6FBRDBL,0
VLSWC6BWJB,0
3TU0AUAQKL,0
3N6EAVHNMM,0
AGALZCNEVF,0
REHX4PSINF,0
WT10T1YLH6,0
N99JXBQ38L,1
3QLZP41G8N,0
GRMRATK2X8,0
QRQFAJPSE7,0
ZK3RFNAG5D,0
PJX1E2Y2JB,1
6WNGZA8TFP,0
DZJ18WT6AX,0
GWWCM4JGWZ,0
65EII9CH9N,0
IBS52RWG0X,0
R248M8YZ5B,0
T81D0AKB24,0
DXUG3CJ1CZ,1
GHVKF2IISS,0
LNZG2WA7MD,0
TK6IE5GWWP,0
RB156QAFHK,0
JP8BYIUH5Y,0
5L1QYKE4WB,0
98EEDE3S2V,0
MR80QS05V8,0
TFWOTTM9KU,0
9TA4JKG8T3,0
U216RDQV7D,0
QF06XSO733,0
Z7A3D7WV03,0
U1ENAZIS3U,1
PI1H1X85LP,0
WK5EUJ3N18,0
5RU1GUGGYQ,0
ENHZQ86Z9F,1
M14XDQE2MZ,0
LUSZ4I4ID0,0
X0DLSKFIIQ,0
2IO55ISLF6,0
GEO4K0GJ7S,0
3D2UVFLX51,0
Q4QHKKFRP6,0
AK86AP6TJ0,0
AXE9C6EUCS,0
26ZL33V590,0
0V36LUBGDE,0
KXCMGNYTSH,0
Q986A1B9OX,0
MCWA45D8L6,0
ENYCY0SMII,1
ANERAKCKF1,0
7T3WPUX25L,0
Q48CHLN9I7,0
F9XBI2QNW6,0
SYJ3QKI6XO,0
CPH33ZNV2G,0
2XR90ZIF5D,0
QLIQCULB4B,0
WJ1ODW0B21,0
OQFZ1S0O88,0
UASAZN3GSD,0
W8L9GQDE20,0
779SHEFLTC,0
WVLVMFWNHR,0
MFP0QI4EWE,0
BC6XFV0IBF,0
I0UN39GACR,0
JIGUBUWSPG,0
Y6G9MKYRYV,0
9IJDOKQI4Z,0
ZSGVE6HTNG,0
HOLF3JDG7M,0
6WFIG8RXLD,0
J0J1UO7AZO,0
8TDQOEKR5U,0
01J1ERYN83,0
H1HEPFLN2L,0
NAB5E29OTU,0
0OLK23YGKK,0
8CINSSE11D,0
BDVIA73VTC,0
R27NABI4YM,0
QC1YXGHIGV,0
NCLUWF16W1,0
MIMXDE03VB,0
05KSGGJDNV,0
HHRXQZ38JO,0
OROL78IYTO,0
5AZ4Z2M2D9,0
01E3ISEYWA,0
Z5KOOOBBOE,0
134T0I6ERV,0
HJCRTTHMK5,0
DTY4QMXOOK,0
JQY4F7TH9U,0
C7H3BEVF32,0
VYVNYYBCX5,0
8T7HKLGV4N,1
7DHRS7G4Q6,1
H9WTWQ2HJG,1
GVXX2GWSMJ,0
84EJMWZXC8,0
C0HBOGEGMG,0
WKT923KFAN,0
BOH5BLKZU8,0
Q52S2LFI9T,0
GT1B3HEMUU,0
UNZ533MS1G,1
57GBHJ6ZGF,0
7XTFUDVG6R,0
KYW7MJEKCW,0
NCI1QBC9J3,0
6NTBARPD6L,0
ROTJ1K020F,0
Y5L14KYKGC,1
IU5DJMNR87,0
V68KXF0AWX,0
RV7ITRXK2V,0
43N5W456VS,0
YJEC4XJMCW,0
Q61KXG2BHC,0
H0UUAO3QDD,0
GDVA252M8F,0
IRLCTDR6QR,0
GXH8WUFOWQ,0
RQZZX52IIB,0
O95SQ1281D,0
F2R1EEHI55,0
TBUYJ5RYI0,0
J9CXV96VB6,0
11U9F2YKTV,0
FPULUOTTUI,0
GWN2BIFL43,0
2O23VFBDKG,0
LRY14X0XH3,0
501FF18Q6U,0
IM8IU78EXJ,0
NR2XLFZNY1,0
19HOTSYV8M,0
MAVLWKK8JA,0
CO7R61ZT62,0
VI3VB2GU92,0
I28MN5ME5O,0
JBVKS6ZS46,0
GA37DPK7WX,0
S4WOWLTGU9,0
J48WRSXI8F,0
9R64WOI76R,0
HRKTJIQ3A2,0
M8EPP7RCAE,0
MLRDMVDFJG,0
9MDZK6RZGZ,0
XVABFX4BBA,0
4O9HMDJORQ,0
8KYDY4O8I9,0
CDXG25ENT3,0
KDXQDV4N70,0
DAU54PT30W,0
RD29743MAV,0
ERZP3U3FUS,0
QB5JSYITKX,0
Z7610DT101,0
0J7ZTZ44RX,0
88SCQKCC6O,0
EUUWNS7H3A,0
ARKNOVN8UB,0
8Z05BOVQKJ,0
BLXDPMEZXA,0
O0L6GMJ66S,0
53M84NIITG,1
1QKOJN6KR6,0
MJUD2X9TMC,0
676LTSSJV4,0
C3B0A5EKYB,0
AS7E53LP6K,0
1S5DPSSR8R,0
WKLSCX19LE,0
O9DEHSCL7I,0
HQX1LIWJXU,0
YNXPHL2XT3,0
RGULQ9R6XO,0
Q2U7611Q6M,1
9FNWGH92HU,0
QNAK8O0H0W,0
PCCEPCY8AX,0
N6US0TNVS7,0
ETI7SIKPRS,0
AY2VMVGU4J,0
92K34OP8LM,0
J7VEZJYGFH,0
RIYLU6UVXL,0
B8QVY1MA1P,0
5QJENVK9UZ,1
FXBNDUAMNX,0
6X5AG6DIYU,0
S3RCVT89CA,0
E293AWGOBT,0
3MI0TJB5L5,0
JGCHR8MG3E,0
0KR3NCK5V9,0
6822GMVRGT,0
0G9TBIDOSX,0
KR9I8DW85K,0
6GZY08H7SL,0
6FPAHVL7OR,1
0FMDXEUW2P,0
C0G2FIHXRR,0
HKMB9920A6,0
B1U7DJYFPY,0
CWF2NCJ0OV,0
FPF0Y3BM0D,0
XNTRTTJK76,0
VCGX70WR7P,0
M64D2AW5ZY,0
2ATXBX6GDB,0
HGTFT1L6EQ,0
2AVIOERA76,0
FW42K55J5D,0
MR5OKEMP6X,0
VO2LVINJ62,0
YB0NTQUQXP,1
YK37P3PLMQ,0
M9KG25LK2D,0
JK17T2X3V6,0
OOLPYS2IVS,0
6MKPHDHP70,0
3EPHDXHXRQ,0
9RXDPUEWDZ,0
1NF4V1CYWF,1
KYCZV4HGJL,0
RIKZBA2LD0,0
E0DYI55SA2,0
219DWQI2NP,0
HUCW5DXFP3,0
3AN3JUTIO7,0
MLDNQ4L598,0
FJBUVNL2TJ,0
AZ7C5M818E,0
M7VYJOITVL,0
Y2XEA38WRK,0
IT9M8RYSGD,0
U2ZAYMQJZ5,0
EXNAU129OY,0
XRMIQZA9H4,0
C0OK9JQWZS,0
74AGB4CRAE,0
D563W02Q0I,0
Z3B8Z6SG8L,0
ED38FVWY7Q,0
5DYMS972WR,0
OWG8LHJAMB,0
V6EVT85PEO,0
PR1WII1H0T,0
SWREYUGGGR,0
GCJASW6PHZ,0
YD1S6H3Z37,0
DN2K8K8CUS,0
9X1I6W1GRJ,0
L3IP9Q97D4,0
4FVJSD9GVL,0
V7R5I10AM1,0
TSWRAN35EM,0
UD5HFGFBCU,0
NSTKEMHMKP,0
UGZ4HQJF6Q,0
J8XW8UFKN7,0
QJL17MD3NY,0
4IDKH6GF2I,0
CLC9472HTC,0
MYH9673MZX,0
SLKYZPZ2JT,0
U0YSFDXGG0,0
J9RBMS9FBB,0
KUDC8MBBGT,0
NGSUOEQ56Y,0
TJC0QRMAI5,0
RVJ56EF2N3,0
VM7G56XQNG,0
U9E27Z1GG9,0
I4MEKOUDA9,0
FARN25QUN1,0
QR15JK5919,0
D0MDMIX5M5,0
HKS4BV3ZSV,0
M5PE4J7Y3J,1
10VU9JNDBL,0
U2I8YJKB4Q,0
CN50K3KL7U,0
YDO2PV6I50,0
4CJGE8UWE5,0
I4WAR5U96Z,0
WDM55FJNSL,0
AHAH60J5JJ,0
69YP9ZDBV5,0
LFIVZ65XXA,0
R3AYV7BZ71,0
GTEVVBOG87,0
DF17RR1TSC,0
WJ4A343CZU,0
ZDWY0O45SV,0
L2DM82B08U,0
IA0XOEP1OB,0
4BTJVAOYDQ,0
4UPMWRF1AE,0
SVOUNBAGXM,0
O7WFQIWGO5,0
R9Q1C75XGL,0
0B7DSAJCKK,0
DL5MZZQKP1,0
TGH8MRGKKV,0
35HHY3WMJU,0
5Y5V9ONYKP,0
YB38OE4YXS,0
MSPQLF7OM5,0
RY9WO6YZ8K,0
G95K7EVK0C,0
9GE56WUQLL,0
99IANRJNSA,0
49QQMKKRSA,0
CM3AE3J600,0
DHBYOTMSLI,0
JDJXSTALEK,0
METXG0ZZY4,0
3MQ34D03C7,0
CJ6GJ3NTRU,0
66XZ0ZH89Z,0
SD4RNS9VO2,0
8J2L9NENGZ,0
2ZBD1AIG9T,0
BDIPDFQRO4,0
5G4H6BF744,0
5OU3W03U0C,0
EYJNIFR0FF,1
HBFXIUPB06,0
FBTDXXA030,0
DHX638B560,0
JQIL3YFGMR,0
YC4HPR7JWO,0
GULSPDDJKS,0
3IDOXXIJRO,0
I01JNDF9FK,0
U5J0NUR13R,0
8H28EUXDF5,0
5H6HQBFIJZ,0
1JITVVR221,0
HLOAYB4WFU,1
G1CXEP64AX,0
4QE727J1NV,0
SYY0HE585P,0
VLGU6NNW12,0
0MPH8I0VA0,0
P07GDFNVHC,0
QBM8Q6V7EY,0
HV3KA15NB5,0
FHJBDGDQLH,0
XXV4AE94JC,0
TE31ZFV38P,0
8M0GOKAQCC,0
KH5BUMI5RM,0
U5AOG2UCJK,0
T23QM4NPGN,0
UBOURBVHHP,1
CV2HWOF4DW,0
KLLS84OMON,0
93M5ZA17HS,0
QXS6UCKQKW,0
1QUD2CWQ9U,0
78P1GLXCDY,0
FHDNFXALNT,0
BZO07X672X,0
QNA3BB3DT7,0
R7FORZZ464,0
YGEWC5ASLE,0
89PFNTUP3C,0
WXZ1V1FYD8,0
3R4KWE9369,0
SI9FR8XYK7,0
QQ14OJQUJY,0
BDO9EFT9TX,0
91OPQMY0ZW,0
JXOX7FPT7Q,0
OKJFOZA297,0
GXBNMORN0G,0
OD8E3ZU5MC,0
V0RESXIE1Y,0
GCP34XUJX3,0
7TECW3ZQT1,0
T9BCHETPQQ,1
994RNGPBJL,0
2NWDO9NSAS,0
86ULNWUUBS,0
NNCGKI6DWV,1
OMGCLS6XKS,0
W6BP6UVZ6N,0
JCGSQTL4L1,0
AZ73SW832O,0
RKQ6V60E8K,0
NYSDOIGF6K,0
UTQBOQO0RH,0
P218EXT99P,0
9ZFEC0L3NP,0
5FJBFDJV0U,0
L3Z13XJKDG,0
XPD3KZ7RY0,0
NWV1JHUETW,0
SYNWU27YZ9,0
VPT11LQP6V,0
6J8REO932A,0
52AL117XGI,0
ARZNJ9ZSMO,0
CXZ0IVJQPM,0
WWVEPD2COG,0
SK3SUAN37A,0
ES9DL2WRVH,1
3U9MERLA8F,0
1E79NBRGBH,0
PTVC5VGM0Q,0
IHYE9N09N4,0
ZE59SKCK0Q,0
JJRXZGP52H,0
H2LBNFWQEE,1
MAZOFNCJUE,0
7AYSQO4QEV,0
YF5P4ZAB7E,0
ZNXEBSN1HW,0
0VLXWOHK4F,0
VT4T36H068,0
V1KRDE4XS6,0
TVNYRHK5CV,0
O0VFG8D5MW,0
PP7T2FO6YD,1
9M1OL4XN15,0
4PPBDEB2NT,0
IYQNMNQGI6,0
7SWXI22WRD,0
AV7V8PCSAL,0
4VK5SI3EUI,0
JBI6W37ILN,1
I9QNDTDOW3,0
66FVO24QXH,1
KSX2IOHWZQ,0
CQ107AHHZR,0
30F33D7JB4,1
84DYJL2REL,0
QEQFHBQI5Q,0
VD9ZXQN8GJ,0
OP3V475N1N,0
MYG4HNW7JJ,0
4L7YF00FIA,0
QB8MT0T9EX,0
ZWMXXIN34H,0
SFYKZTRMQ7,0
VPDVRTFAKG,0
K3FI6VFPMM,0
PWBU6FYBFX,0
GHA5U4KFIX,0
LUW1JOPU9K,1
0BO8DOII19,0
QANJMQ1WW9,0
TMLWGG9TLL,0
CUMQSTKGF6,0
DSDXPIRG2W,0
68Q95MPE8M,0
BPDX3F6KG3,0
XBQOFYXL9Z,0
1W8JP9JMHY,0
P9RO40A5UN,0
WG7TN1GX26,0
PQR3M6SQWT,0
PPV359W403,0
Z5OXHOZSPP,0
I0P5VY7WVX,0
2H3GPYVSY2,0
NDYM6QNADT,0
9TPQU465ES,1
9NEIUP0KEP,0
XOZ12KEJ09,0
HMNBEXPM27,0
7UNKETE50C,0
5AI8JCRNEO,0
X6BLC4F1XB,0
N0945AAP7B,0
GYRGPO5G3T,0
LM903U2BRV,0
IY6EWI2TCD,0
7V106DKMGP,0
G5DK2K2AHJ,0
SZREW8I45L,0
F05V9A2KVN,0
3W69WDTSLT,0
YV9N91X8WH,0
Q9PY5J5MTR,1
S1AT14E9QI,0
9H61I18421,0
LFDBNUF6SS,0
M4SKACK1VY,0
05ZKN6ABL9,0
BD7Z26657H,0
REGTPPW2XT,0
FDHHW5HE7B,0
X9ZVZANUDM,1
BH2XO71ZHJ,0
RJ4CGNL4IP,0
AEN8TL43KI,0
O2UKE6MF87,0
XL3VALQ60Y,0
FI174B2GA6,0
FZD4CYBZFW,0
PVT64UA2FP,0
N2OAUQYHLJ,0
0I0GVP56R4,0
PCB6QAVGL7,0
6SUSYVJ9MS,0
1OM39J332Z,0
S6MBWN41KJ,0
D34X7ZJOIO,0
WDN0PN2TXB,0
5WPW0AWWNT,0
TUPP7MVQ66,1
75CU79C5GL,0
SH4XGG4S2E,0
ZB9HO5RSK2,0
3KUYZX9UPG,0
C39JQICAI8,0
3RKVX23CJZ,0
X6XITYZD34,0
RA2FJ43XSW,0
JB9U42MRUO,0
1XHYNXKTCC,0
4RSBE19JJG,0
EVN6GMIRM7,0
CWQGSHD70Y,0
2LZA38AZD1,0
FYBZH0SWTB,0
MG8Y7OH1II,0
W9VVDMXGS4,0
2V56VL1H4B,1
56FFSI4YBC,0
MP6Q0JF8TT,0
OJ7BPVYQ4V,0
5G2ZKVEAMM,0
9OBU3MOG2S,0
ZQ5GRKCI24,0
5A5DGI4UZ4,0
UGZO7CVELY,0
ZHJUJ72ZH2,0
6AZMPER948,0
YCB8VCO9NA,0
1ZF3UASQRD,0
8LQT86KDLD,0
8ACNOQ15CO,0
9SCEN1PVOQ,0
7W90X8PKST,0
XXTEUMEKRV,0
NZMN9YGYDX,0
CPTEDFSUQ7,0
85TQGPWPN2,0
NOTTS69IP9,0
XUH6NWRLSC,0
00PWXE303Y,0
X33RAAF7CS,0
I6RIUKMB3A,0
SOHQDXKWML,0
CACJFTS8WY,0
CNS0O0WVJH,0
ZHVA5LAJSN,0
WP2BGTALNQ,1
PNHF3QQUP6,0
QJWBSIFZ5I,0
WTYGEJB8WU,0
L7ABJERNNZ,0
BN6QRST58Z,0
5AJ15GGQBL,0
1IHBX3HC18,0
6JGXOAMMUT,0
LPC3CVEMTT,0
652CV7H3E4,0
VKW28EE73I,0
0Q6DEMG1W9,0
FSV6QI61PS,0
MMUGRWIDQ2,0
VLICG9IAOX,0
8Q8M1ZI6TK,0
E8MDC568YG,0
TTCEBDP4RX,0
3JDGMYQBXS,0
2DEWDAOV56,0
QNTPE5NBQ6,0
6NVE2LNGNI,0
UKUCCIWYV2,0
MJ8SV8ZYTM,0
K38WTQDVIR,0
NET02U9EZC,0
F3461VZK5O,0
GCKIKUDEDV,0
4ABYF1EGW3,0
B0RPWVJQ3A,0
QDW9692V5L,0
J1252SB3VU,0
6M8V9N4HN0,0
9C2U9OEKLQ,0
QIG6Z579TC,0
NL45BW2WX7,0
7CI2Z0PLXG,0
2DBIA7TEN3,0
GF6NSYS85X,0
80Y5R28NVV,0
O96K8GHTBO,0
2UQXCNQH0U,0
IFL92W45K1,0
OBH4OSLP2P,0
0KHY65CEGV,0
XBR64NHLID,0
TGAB5C3TBR,0
17TKSQICWN,1
OMKPEMVS3R,0
TCM041K2V0,0
QTDDALJJNJ,0
ULENLU3PYF,0
6HY3S8OR48,0
5LR0NP5PRT,0
BJ3Y9SH5MA,0
KH3WY0WICV,0
L34Q5714VE,0
5RP7PIWMKF,0
IIF89HDMG6,0
SAILTUZ7DF,0
2JD93WC64O,0
RRGJSU8QSJ,0
D3U109SV4Y,0
JJR1D3NXV8,0
PROBSCCIW4,0
G8Q9057HN1,0
9YKWQV27TP,1
AUTNML70ZY,0
4KM5TBIQM6,1
GL9FAWQAAS,0
46RTV7KVOY,0
KX3F5ILQVB,0
DDVWD6AIEQ,0
V6YHUPU28X,0
JPCCDFOMNR,0
6RGNBELTTS,1
F7HGRJXLBM,0
M03V4HFUXP,0
0QD9RRTTID,0
7IUYWVP9CI,1
C8RYV1IJD0,0
NL489YIJ5W,0
WMBU978T8X,1
Q6EHPGNAKK,0
VJDQBFHY4W,0
9OHA3BQJ94,0
EPLLM870G2,0
NNWTZLYJPK,0
PZ9H6DFMGT,0
RGZR1CCUIT,0
D8M6H5F9M2,0
QCA91XNCLC,0
NBG9KSR506,0
5RKFAVJPIG,0
IP4I9FBVR8,0
LWJQ5Y22VM,0
X831OEX7XE,0
FBL46P1OUM,0
I1AK5BALSC,0
1PXA5E8NOS,0
FZCZEI5E3J,0
1Q1VE6XB4J,0
SJWW9ZG7TY,0
TB6F2JF4NP,0
VN2SFFDFQ6,0
F6M5JUWD0Y,1
T8JQ02O02W,0
V4JVJQUV34,0
I3INUUU4NW,0
WBQ5AY3EVC,0
TCP1E218TE,0
NWE0LO2PCJ,0
A5V9U2VRUB,0
7Y6NSPG3T3,0
5BQNSUUVUD,0
JM9867WPZ7,1
ATEW1UV2YT,0
JTZUJXLJQI,0
TH6QNH9SOR,0
VI79AE88XP,0
JDTBPVBV28,0
RWW2GL5H54,0
0YS5LD25RI,0
RVIPTHVJ5Y,0
6IPZ5VQ90B,0
DPWL7QQOR1,0
ZCSH59VVNJ,0
DWQTKAENOJ,0
P7D8IFWKKC,0
MK1V1DRQAZ,0
UQC5Q8607F,0
GCXGN03HIO,0
UUXUS45UAG,0
CF9EQMEKQ7,0
LHNOLAF718,0
FQQWJ6EF8U,0
0QWC0DHZOT,0
YIHSHNQ9EC,0
AANA5ROAYJ,0
0XQ68KX6CI,1
P1T9N6W7LN,0
GWCU4Y891H,0
69TZB9BK0L,0
OGB0WQ683R,0
PPMIAX6CQ8,0
QTWKFUYH3O,0
30HR2DNFVD,0
XV3KOHYV50,0
M9SRZ0P9NV,0
MKT7921D6L,0
Y6VW478DUM,0
9PBCLW1PDI,0
X5Q08T3TCG,0
41NG4VDNJ8,0
F2YJOP286F,0
VBWAGFOHLX,0
JT9AZCAHUX,0
CGRPG56X72,0
O92Q4U9R3C,0
6IDBXNU5KX,0
KMOD47D6VJ,0
CDAFEXL7GN,0
5BXFFJMJDR,0
JORZ5M61TG,0
KG2T2A6AGL,0
68G4NIUTJW,0
T62F0RIO9X,0
06F4C5PROA,0
KOWVBATVCW,0
WKFWZ4HPT6,0
55N1RXCLWK,0
SKLHXCRF6W,0
IV6WGD73JL,1
1X2Z8FLCKI,0
X6UGBI5732,0
5KIJ1HWBCK,0
0XGNXJ4PMI,1
EN0EIVVZ8S,0
QWKUEHA8C9,0
SOZQTSYGN9,1
ZTMNC652XB,1
AI67RBT29L,0
TG0IJJI582,0
3EAR6XN0HB,0
RPU5U57KJE,0
C73OOO3Y5N,0
83ZWR79FNT,0
DIMC8K14O3,0
FINOLPB235,0
SDKQ691HQA,0
A0E9UNK7RA,0
83839YF0QK,0
TSFKLCYKQD,0
ONI4MN1FJN,0
7JDFP17EKD,0
DIZCYJHPUH,0
MBS6OM8UZD,0
AP3UIIPU7T,0
7YAEMDJXRI,0
8RKS6QH4KF,0
80DH5VGAZY,0
KIWVDSMC28,0
61KHCGBBWT,0
EW0OR379S4,0
QLNTYV9RVC,0
00MWKRVB9A,0
MVDITJ1516,0
TCX7D8H7EU,0
D5KDDTYFZJ,0
L5DCIZIJ96,0
ZSXYHDB6TO,0
AYCX3SPQGE,0
ACLHPDGG61,0
ULHK4IQ0SD,0
WLNCVNAW1N,0
957QME19T9,0
CC9NY2LDQ0,0
5LVRBIZ4RN,0
BBAO1ZLHGL,0
5H65QDAH6I,0
932HR8RS3T,0
M4R221FX0Y,0
LSYESR7R18,0
2ET42HQRTT,0
LGYCM0XPPM,0
XBIGQ0X4TC,0
Z8IC0OBRN2,0
YSXT0IM2PB,0
KQ3JBN3QWA,0
RERI54HALQ,0
QA8YJKV5AL,0
FL9I7IYK38,0
G1SPCQ9NQ3,0
VSR5NXVCW2,1
2RLJOSKRHS,0
HS5B8XXWJM,1
433HYCDDVI,0
MIXS5LBXQM,0
T7CHPOHVOK,0
N8R2E8YIBY,0
OTYDF9DK8F,0
ELLB71VWXO,0
P9PIPD0RJ2,0
XL1ZMZ88L4,0
LDIJNJQ4KW,0
29HQY1MQA9,0
F3RAWZP7UZ,0
WEDJHRKE5A,0
R9TD1FYEBS,0
7BLQIDBFHS,0
6MIYTD9M2X,0
WCWQ7TDVEQ,1
L92D5XTVCE,0
NU65LUWFBS,0
UB7908YBZ4,0
GK8WFBA08P,0
CXF2BSP6AY,1
5PJQRF73O7,1
IT2NM8CLNP,0
2PICRF6QFS,0
HC3ZWCOEV4,0
OYCIJXDEL2,0
KF5JKKC9KC,0
PN5H7QCNW7,0
VB4RZWR06E,0
8KB3I513B4,0
JJUASODRPR,0
58H3P9L9XR,0
T7K0GAS7L7,0
7NB79MADQQ,0
JVI3846P0C,0
OCEV13ABH9,0
CKCAY07P60,0
GWAGLXWN80,1
5Y2RJBRT2H,0
5DRDBD910F,1
VVGUHA09WK,0
9C6ZYZJIJQ,0
WDDM7T4NUI,0
N0KO1OL5G0,0
IU764C2ZTW,0
QSVD2O760B,0
3F2Z8RT0H4,1
37VK3ST6K4,0
JSFHX5O9FR,0
ZHM5VZW6N0,0
CBTV1HFMSI,0
K8A7M3ZQ9M,1
YMGJ8PZ78L,0
S2TAL7OH4U,0
TIX8FSSVQD,0
YSADFIIIQR,0
P9YXRGIYQC,0
J4F749FAK9,0
LMNIGKH259,0
WUBLDDD151,0
0OTQHNMQEL,0
IIRA81DXC6,0
WEUWMW1FOT,0
YMXVCCXWWI,0
YHE3X9F014,0
SBBP835DJW,0
6DLBAZFDEF,0
9ZU25XLT12,0
Z1F0KHC5D5,0
7RU6WPKWSJ,0
ZRVGC6E3EO,0
C7C6XVZ6X9,0
SBBETKSXNQ,0
P9DCDI5YG2,0
YX8EQNXAHX,0
1BXBN05T6W,0
WXBMEJ89UP,0
XNSY5GECGJ,0
XZYG3CAOYB,0
U52OUNYWBF,0
I0P2U8EP9F,0
ALZK2T8AWP,0
LRLH5GDJBY,0
WK9CKXNEUE,0
HLPXWOT1G7,0
EETICZFKCU,1
Y19K8BWVUM,0
7DI2O3VS4L,0
7ASSBOZEZ0,0
YO6CCBB94R,0
WHBOUZ13HP,0
8V0K3UD8E5,0
I78BWQU9ND,0
F7VZXM1DGE,0
BWT4IH66JD,0
EF1YYNKUWQ,0
SW9ZKSSYKO,0
GKR0QNHA7N,0
EEOMD7XS9A,0
AL2VWTLFUL,0
SA9RSS3BWA,0
0GVDN9Y00B,0
FSMWNLWJEK,0
OC5SZGR634,0
4530HBXTNY,0
UZGT08Q1EQ,1
TFOPE3K0QC,0
HT71VWHXMN,0
SO1BZHS186,0
KE1J69EYHP,0
JGA08UT2UE,0
UX3YQ6BG7L,0
ZM7B8SXBLJ,0
E5DEDKJI1L,0
X4TSUIG5JX,1
VZWC2UQZ1Q,0
384ONU9X6Y,0
DPGWKJPHUY,0
IG5REE4BGD,0
39IGB9L7ZF,0
W9NX5P3OSH,0
8QNL4J7VEA,0
JM30RB7YZQ,0
0Z4NQV1HQV,0
9WZV6OFQ15,0
K7ZJNL38F3,1
FM1LLZNN6R,0
WTKHR1R0XR,0
CD58LR3Z2E,0
NHGT5SLQ9F,0
5AM0XIUIBB,0
BR3XFN9O1Q,0
6LFS2WW9EU,1
BQPJ5S0XPK,0
FNR1N53G3N,0
MI27LPFDCG,0
IX7TXTZEUH,0
NTA8PTO1K9,0
8A0JQ9F77N,0
M24ZZ6DIJQ,0
MLCQ4IYSPV,0
1IWYQDU5M4,0
13TS7Z34FZ,0
4ZDRROBPKZ,1
VK7UAZE2HP,0
KCJ0WMGEVR,0
AO4K6BTVZV,0
7BKAZ627I5,0
UGQMV8ZJ14,0
BNU9B7IX65,0
2DS6R0DAH8,0
IHYM33I6I5,0
Y76E10H99F,0
4I31J5Y1UR,0
NJXPZ8QZE0,0
X8OK46NC9U,0
LVCGSUWJ25,1
HCGRIY31ZU,0
E5DS94UXBO,0
WV4DPQW4SL,0
743BGNSI8G,0
ETF3EUMGT0,0
ZOPOTQC2L0,0
P13Q1P4J5N,0
VYYX03VCS5,1
8K1SPL3FJG,0
KA6HT355W8,0
LARGDDMGME,0
YKUR9ZCGRR,0
TFW2CALRXZ,0
FCWQOF8BQ0,0
TACNQZL769,0
D6JEMF5JWI,0
MCA5VG6UJL,0
NR500U9LLR,0
LWC6KHBVST,0
SULDDYBJUW,1
U5MBGQQ4YF,0
N8MIN9XFS3,0
9MBP21BTD3,0
CUPWY4KITS,0
5KGPPTYPSU,0
O9ZN9X20Q0,0
6P39873A84,0
AJQP9GWGHG,0
D6JYX2T5TD,0
EAH44MJP3Z,0
QCWK796GEG,0
JJJV3EXQH4,0
5O79DTSQ8W,0
CL372ZCZ88,0
3VS0J7HW32,0
HLF3MWQ134,0
DTLOBAUANG,0
P3XY8Z8FC6,0
9H85I1EVPU,0
N69EX7OW15,0
XR2MF7QDO7,0
HYVDA8ZTIA,0
IXGXJ4RISU,0
ERJ3V9SVIE,0
PZJ9NN0K3I,0
1EIDZ4Z9BC,0
HA894AOAS1,0
AIR4CS9RAS,0
37WYCJ3LAS,0
7L4JV672I4,0
AXGK02H3F1,0
KA2RUPDOSJ,0
RGZ1FL2BA0,0
S1KL2GNZP4,0
589XHR0129,0
L7L319NWW1,0
DDRBP368ZT,0
MQ2AQAX46A,0
T8QQVDBFSH,0
K3QDBL3PJ3,0
IOKJDO34FY,0
Y7OJHNKIBE,0
5MC0WM0748,0
6ZE3X5AC1K,0
LZS9DTQ33M,0
LT1Q4TELI1,0
AFWU1CR570,0
LD8SXIQWXX,0
9BE4PP79AX,0
SKLAXVQ4BY,0
KU084BTXHW,0
VI9SQYDRKC,0
C0T60OSZCM,0
LMGJS48UXI,0
IUD9IGKXNA,0
2FM92EL42Z,0
RAVTB98DTO,0
9CR1MCB0B9,0
BOVMUARTGY,0
7J8Z6AR0N9,0
JOVXEVVKDV,0
5YO8MRE2OT,0
IUV0K61M9S,0
2655QDBGO2,0
6BMF6MULDA,0
A2BFPZS5YS,0
HE7ASGOBIA,0
5E3K3749XH,0
LWF0HAPDAV,0
95ZEGUZ3RJ,0
LO2N038ATD,0
1FXRD0UWSE,0
CZFK2WMBCI,0
7QX63YVOLG,0
AXVWVOBVD7,0
75NJS2EG5O,0
QZM9BSYBEQ,0
N5E8WDO3KT,0
E67QXOQHQG,0
RROQ8VB3Q9,0
CXB2I62R9H,0
55DQAAQGPG,0
O00JQ10ZMZ,0
F5BK6EEHVV,0
UQB4FDL567,0
NZN349D9Z8,0
KOUMYGCMY1,0
7N5SJ6V2U6,0
GIB0MN3XW3,0
3RB473PHS2,0
4EC1BQO197,1
555GKNG6CW,0
5DLFBXZGRO,0
MYKKW49W1Z,0
ZKON4O5MV3,0
LRRWFD8QCZ,0
435DW1MBH3,0
YV4VN6731Q,0
55QRJH0IM3,0
IX8X9XDP8G,0
YJECW5XGE3,0
7CPMXNE54F,0
M2392CSP0W,0
8AWJCUDZGK,0
1SPQV0PUXT,0
HT8FKTI9MY,0
P81OYIO3SK,0
T2XD9J8OKX,0
4AY9395VN8,0
11A5BY0GEV,0
THL5P234XY,0
NNB5Z1L1EX,1
ZIPZOTFB2M,0
KWOB23VUCN,0
W1QBF8TFU5,0
LPCPKZZMY6,0
EIO6M7YDEC,0
102VWYJR9J,0
DQZOGWLTWA,0
MI8MLRSAQ2,0
5NOA0I8Y97,0
XDZBHW88Z4,0
XRVX9ZPPAZ,0
QJKWOOJGB7,0
LLC1SL0WLO,0
LTOW1PC80P,0
0EX1QUEHXQ,0
P32Z9512H2,0
0O1JB5HC5F,0
UAU3S9ONSH,0
IVVV23ULX9,0
SWVGAJWNH7,0
05Y02FKEYQ,0
655VXU3KU5,0
6V1OTM7114,0
CSJQO0LW6A,0
MZNZJ0967U,0
KUEFZ2CHAK,0
MDUVB7CL8Y,0
D3H8O4IXB1,0
L4AQM2LFM8,0
EPSOB1YHXW,0
7HJWKFSR6I,0
LSMEC3UT1L,0
68MF8G53DD,0
0YX79AUF6C,0
B48CWYSV76,0
XUDX27GSI2,0
JWL91DDEPN,0
MRC33NE7N8,0
4881WPCKUW,0
PM7ACU9NXY,0
T78ZB91P9E,0
ALJGKO7TEM,0
HUJRY5FIAJ,0
MHNXPT3DTI,0
6RWW4ZK80Z,0
WOT37PTUH4,0
GW1TWEXWZG,0
VGSTJ4WY03,1
4RHK4ZJRQ0,0
0SJR8C5I42,0
OPV0F1OOFR,0
3E7OOANELX,0
R83DI0GUZQ,0
W4220CO6QT,0
RMVC4QM2Z3,0
D34QXTK6WU,0
RVNB5Y6KJI,0
XRBUNDAS0V,0
52S25SZ7UG,0
RXQE4997N1,1
NR63P6MW7Z,1
I5M3B5FJUH,0
RG0FUM4MQA,0
1NQ6AIHEKS,0
MYH86GFAC0,0
162ATL3SZF,0
PJYCX8622I,0
BDG31TCSL7,0
D5429K4ZVY,0
NDOHTH7QGF,0
2ERVTZ3DL9,0
P95AEC5WN4,0
BX9EWQ9XCK,0
U1LVKI3LV6,0
U9UTZ396S6,0
HPEQ5OEC25,0
NFCBAIGBRI,0
8KWQ76VLPI,0
895ZBX4TOA,0
1PMWN6ARC8,0
E07UYB39MM,0
L98XM3G0AS,0
6SAUCZRZVM,0
2DX0AX3G93,0
YVL4IL9OC9,0
W022AC1EM2,0
E8ZRMQHSQ2,0
VWPI1NBAZY,0
BRA3MXCCJG,0
KI383ETETD,0
KN649L661Q,0
MLCN0G8PAJ,0
URDYGBBJWQ,0
9UH1DT5OWO,1
J04N9HOA20,0
GWH8TX0LPU,0
OBHBF5RNC8,0
7XMBVAU1RA,0
0JUOAIT41I,0
VZSV93T4BA,0
H7N4K0QQL9,0
MHFGAAM1OY,0
15N3KLCCFH,0
ZWPAK6FDBI,0
ONME3A2RY4,0
M6V71H9EG7,0
DWLG3Q9JMM,0
HUDUZLXY8Y,0
IIOKNS9BUD,0
84LNPCTTT4,0
L13C8VISLL,0
594TADJNYL,0
F623SU7RIK,0
CJ8D3VT16X,0
LWED1VKG5P,0
BWXJQ7FV2G,0
AS2HYLNFAQ,0
UNYB7PYOQN,0
LE8S56CN93,1
PRWWA7I52V,0
4D07DJOH8A,0
6XNQSOG0DK,0
48ISWWP7KS,1
276SFBODW1,0
WRQ2VKOQFB,0
F2BI8CBB8F,0
QVFXDLCNWH,0
ZW1DA4IGO1,0
NQ4NE0HQ9E,1
RBWW5CPU0F,0
TH21UL5RPF,0
KHLN6OH9X0,0
I3QCNBS33O,0
7MD5MNGL0S,1
GTYV9MN26D,0
N0WIU7YWOG,0
TPL6XCW2YU,0
JZX4P8L956,0
CZYTWU0QB9,1
5DTPUQKYKA,0
SMP9GXJHCQ,0
XYW6XVM7MT,0
4VU34IPUZ0,0
ZWXBX89EVC,0
HWK6MPIC79,0
YBX0YHO87E,0
Q0NDS2NO1M,0
SBF3KB7A21,0
9EYG1U1BBO,0
7VHFYQKENI,0
II7GAA3WOU,0
DTI9842IJP,0
1NKBYD7W16,0
5VVREDA3AA,0
YQUWBBROLZ,0
96X8WSNCC0,1
ATZMRSTU9L,0
QL5Z35II5H,0
M9T11YVPW5,0
SJ31BD7QDJ,0
WLTFR3E6HC,0
HI400PSR3Q,0
O2123S0M2S,0
C08HI8BAYX,0
WWJ27SNBM8,0
5YI31LU5MW,0
ENDLTGE349,0
MI068KWK7D,0
NI0UR9E0S3,0
VUF03F0VHU,0
1P34NP3JE5,0
QUESQ5TFLJ,0
WBXDGCP2FF,0
YYQAWDFBFP,0
MJJA9NOW7N,0
VHO648ARRX,1
WD5CEJZAXC,0
YA2473KX6Z,1
C7GAJ22O2S,0
KP5XJHLPG1,0
61L14W8WOF,0
GABGWM5S6Z,1
Q73QZNFDOI,0
FD8ONSKXZC,0
PG3VWJ8A9C,0
RYHDTFOSRO,0
JNRGH0PRW7,0
E1DWGNJHLS,0
HUZBZJVUM2,0
GQ03HDQ884,0
86TGUQFIAM,0
SWN4BG8LXE,1
I3IX4MQ7FE,0
3KTW18ENHQ,0
55ZR99CZTI,0
7WAIAXRWRA,0
XTR9LDJZH4,0
I1TM1X9G56,0
5Y448DOS5C,1
NH0Z8EX4AL,0
E89YJILZ2S,0
XHDNU4GAX0,0
L0QG9L68JN,0
KN2NO8629X,0
YZ3T3C4LNH,0
ZLOEJY6FGL,0
63OMIGU7A4,0
TXPSOKT3ZO,0
CQ67YVKA3T,0
HILX0G0VJE,0
0XI7PVMA39,0
Q8FDRXOFML,1
H5SNFMM7OW,0
W3AGAHBEAX,0
9NGUQOLLKL,0
NO30WMOQSR,0
NW8F4T1CUM,0
RGOQWN4E8H,0
VTV5PG430V,0
6WOQ7SD4FL,0
97P2IZGOBX,0
GAOTAK88N2,0
8DMT4UQ26B,0
3YDG1QG4Y1,0
9Y77F07BOW,0
CXNIC932HI,0
1J3RZ8CL0E,0
1DFNUNVU77,0
5PWX1ZQE17,0
8YUE6IRNIR,0
ZOSRHS3HLC,0
T5XMCBBWB4,0
VKMCJXJ1DU,0
WU97R87L0S,0
HWUT8HL7BI,0
ZO0SX7R6ZV,0
PIDLLZ5JK4,0
22AS9BSOPO,0
B6ITE56RSO,0
O5AH4MDP2D,0
0FGN53ABHS,0
POWUBGMJ5E,0
Y5ODCCZMN7,0
UXY9VJMC6Z,1
T6ESB1UYAR,0
T3BOMZ09ZH,0
X4T5OEC5OZ,0
24GP15DJ0O,0
1QUKD351J3,0
FAF31C609N,0
GMFB2OSFT5,0
LU7VYX2LUY,0
6FH7LSP9XA,0
KRIWLHE8IE,0
ZNG0OVX5M9,0
C7IFC4XU6G,0
EQI52IC56G,0
VFHMU12Z4M,0
WISQBY277E,0
S8WA8AVMKS,0
JZTDDI95EC,0
BWJ0J69ABA,0
PXO7WHHW0I,0
CWTCU2J4A6,0
UCZHOLE3T4,0
PDGB15DSL6,0
NOBL9997TF,0
DV824YF3DZ,0
J46SAF7K5U,0
CUDB3FP0ER,0
QX7ZF0HI0B,0
5YXCLNJ8VU,0
FJXMF58E77,0
FP7L3IU1V7,0
X9XK6WI49C,0
GRI518JBSI,1
PP1O6U5KAN,0
L8ULJAXF9P,0
PS3F3GD9RA,0
IA1UR8XERI,0
0EFYSO75N8,0
RJ6PIZZQAJ,0
L6YIHAOKSF,0
JVPWQWL0R0,0
IDX8Y74OO9,0
QJ21REDFM5,0
QMJBUYLVV9,0
KK9UPQM082,0
3RLP53I2P0,0
CTXH3T8KLH,0
889LVVDFB1,0
6IL8FIY0Q2,0
G97E5NZR5R,0
3PGRUT1PZ1,0
1RTH9IWFDJ,0
BABMUB19OX,0
50D64R7BTU,0
AZ0P0G92A8,1
QR89Z622TS,0
N45D540LIZ,0
A8UHEJL7RC,0
BAY2FIUN75,0
8VEWRYG4KT,0
C523D15EE6,0
18SLCGEQDI,0
DJE7CIHMCL,1
4UVDMBLLH5,0
74BQ2S8L6H,0
J6G48F3EYM,0
AI1RRQ1630,0
C1XPNJDJ4E,0
9IOMJY7MN3,0
DP2V5Q33IU,0
H51V7T5HZ6,0
KC05YECJUM,0
PLBCH60Q9A,0
Q0E15LWSJB,0
PFC2IX34O2,0
SR3EGLL8F5,0
IDOU01O2JI,0
ODFTYX5Y19,0
14FSJQ6W6O,0
WDVROV4GLC,0
G2WPJTXB6E,0
P9RDDF29L7,0
9POZ4T3391,0
VGXPF3BJOB,0
PT2XNR0O85,0
RVE5YZ2MMB,0
EKWMIN4WYN,0
DLRIDJZKUU,0
OC8VUM5MLH,1
151NP6TM6N,0
018CG7ZMGC,0
SDFI3MEMUD,0
VP8ACGFTF8,0
GRYR4KT0BN,0
RHDF8P6A5O,0
N4UW9ZO715,0
HM6D05ZDNX,0
ZKHVNOB8HJ,0
1N8FYYMLJK,0
YSO9IZTZBY,0
YDQIVJN39E,0
IE5A07NVDE,0
RO2MHSOVHD,0
0YC6936N6Y,0
K78067IKOU,0
ETTYGKR00V,1
F57XMG59Z0,0
3VXO3M694V,0
97JGW293YP,0
09QVCFLKOU,0
DUU9H22973,0
PGCNXP4YZH,0
WK1YMQ724J,0
9KRXLIKCHG,0
204TILOM3B,0
7DZJZXKK3I,0
J5IMKC98Z7,0
ACUR2E93FK,1
YY4S8HZSL0,0
ACFRTRLFHC,0
ARBBEXLV44,0
RS7C6J5XHQ,0
YW2QPE79OK,0
S65BGR3F3R,0
1U889VOUY7,0
OAS5GWQN6A,0
4MAAJYE5KZ,0
9KZM90JLUQ,0
N6R5C9GIRH,0
LBOA5K8M9P,1
UDI7PEILUL,0
H42OLF7B9C,0
UJSBZD8G69,0
292KHCS7D3,0
TUAHKW413L,0
U6SDXOPXP8,0
0KVBYOBCUX,1
Z35FC8EJQF,0
7BRR36PQP2,0
QIGQ35W3U1,0
MLQTFI0GRG,0
WC8EXP1MG9,0
2DJDP7W0LO,0
55CYQ7OLWY,0
24U7LUCBYD,0
D8SATOYUB6,0
A44FGRNGRO,0
C61SAKITFF,0
AO01ZAMQ9E,0
8IUMQDCMJ4,0
NOH9FJ9SQ5,0
WZDLB5VEXO,0
33WI5K5W6Q,1
BQ17CCJ8F3,0
BXGMT6C9XN,0
737S9XLP2J,0
2HKTV8AYOW,0
X4YYARN9B5,0
25DY6IDH3E,0
O9QTBERN3W,0
FY98ICWVNK,0
872UNKJ0Z0,0
2QN52FQE7X,0
XYYOFI4JXP,0
AVEEW4AVMF,0
A5MQAJ7TCX,0
TDSJERBSGF,0
Y55F3U1T2Y,0
9EMIZ69CIJ,0
X13NLJO8QT,0
X7TUUA4NU8,0
BOWTOK2LRN,1
PBHSC8H29L,0
OPOAHC16NO,0
2UG3C0ATC3,0
6BXH78AX3X,0
P1WFQ6FIU8,0
YKVE1YSGB6,0
7OSQXMJVMQ,0
LMQLTD1XIR,0
JJ5RL8QADB,0
4F2Y10J8W2,0
MEIP3LUJ2T,1
KOU798L8Y8,0
RMY9AOAFOS,0
6AY79WDFDU,1
W2XGBPTD8A,1
4GPI89117U,0
0S7L2ZRBHI,0
5HMKI073LO,0
NQ1Y26CWCB,0
UQC1ZP9VHH,0
XKR4CSWRCN,0
1MEOLG6FTR,0
VNBYNF0GIW,0
99DH1VWHOH,0
WPW0PXI3FL,0
9YS14JQAPV,0
ORQVPHI7HU,0
VAI2S4Y18X,1
NRZ8CQN7Y2,0
PWA551BRK0,0
RZIMNUKNWO,0
6BC87G3OTT,0
77EHITKETZ,0
KXLTOIQ4FU,0
RRCWUSKJZY,0
1JEMY29D0X,0
QFXC5T58P8,0
90RP44RM89,1
G2JY9ZEXRT,0
LNU7Q3KME8,0
JSJIJJ6FF3,0
J97ALD6Y5P,0
V5L80OJMDA,1
QMENHR4436,0
JXBLPFE3XO,0
QHTZYELBEZ,0
SQ15D2FK3T,0
ZPN74SNTIG,0
JHEH9OZYP2,0
7ZOKTB61K5,0
4W2JA9CO4N,1
M2QBNA6F66,0
H8VSU1IHJZ,0
Z72DG2Q4AJ,0
K9C818Y9C2,0
U0KARAHZIE,0
C0XPM9X0MI,0
7C0INUWTEZ,0
SLP6RCRE1S,0
3VQW8WGD2Q,0
59IGO7BP99,0
N8YDIG9MBI,0
OMTV1U768T,0
GWK0DVUGNY,0
CUXJ7H0YG8,0
IXAHUKAFY1,0
4VQV8WLR0E,0
2TATKU4A9Y,0
DC4EN3H1X2,0
2DSMKN47H1,0
GJP3LB229P,0
ZBQACQJHGU,0
I5YWZY51U6,0
G8NON6LWI1,0
83OP60MRFB,0
WAB3E92FGA,1
P99DM0ADL1,0
2PYI22EUH5,0
W9E82QY49R,1
N2VIQRYD04,0
SJ08LXQAGW,0
Y43JYGCUHE,0
57DFSIVNHY,0
HN4AA4I46C,0
KR5YXOFK70,0
LL4E9SEIOG,0
XD8ZNJD6KI,0
KW0Q12QA5E,0
F6OM1CARB3,0
HDB509VU0O,0
OYT6X1ND06,0
YBULEFWCH4,0
NX3CTF0QUB,0
9CKXQ8NPNC,0
L5GSABRWXB,0
CUD75ZVCIC,0
FUUKC41MGP,0
UVL74B2UC1,0
XJI5NS4WOU,0
9JZ9EP8ZOG,0
CZS7VHOOMM,0
A2CUO9OS4B,0
MTDS2FBLTT,0
LXCJB1H9KJ,0
AI79B3LLI0,0
J1G0WOL7D6,0
N1ELHH4SCU,0
T5JGOQET0N,0
BQF32VTWD0,0
1RQ1CRL07Y,1
KVL479X17A,0
LZKG40G1EP,0
DM0H02VAWV,0
4ZW8X7G88S,0
19RNN9XKIC,0
Z0QTAK883W,0
1K83P4RMHQ,0
CKEK5GNILB,0
DNL5QILEKB,0
MIWN7SSY72,0
GRM0CE1H3N,0
Q8IH9N1RJI,0
SS22KGW618,0
DBPM1L3KSO,0
OHD6KNPVXC,0
RKXLIWKGI0,0
WV4RYYPXV9,0
C075K5B66Y,0
7BVYXLQJ6E,0
NECO0XN6A8,0
1V6DLQNKUU,0
R8L2B09ILQ,0
G8175PZNTJ,0
7RPT1C6WQ3,0
HHD87RNB82,0
SC3PQ7B2YS,0
ZSS9UBS9QB,0
82H7RVVGZR,0
UX698KJC36,0
AFZEQ4RDI6,0
1BAOGJAI6X,0
19CN8LMM7G,0
JV4OQPTT7T,0
2KVXK9HPKW,0
CUJA3UW13S,0
MU1NG9V02K,0
VE8TH66WYB,1
ASRO5203RM,0
YQHTHF610R,0
SVUDLK60RA,0
1G83H3M1B1,0
FLC3NDUTT6,0
DJFKB0XFCU,0
V9LSPNVSLC,0
ICTDT467KZ,0
FXTE77MVSI,0
X2ZGHYAQDU,0
TALKX0CK2P,0
O6IQCYK0KJ,0
FPH1CJ7SH0,0
LH07UWTLHT,0
4FTNDDMJPF,0
3E6JP3HJCG,0
13POP12SPN,0
0DRXA8DKKW,0
FSH0B3O25E,0
6ZUG2UHRY7,0
EIP2JOH7RW,0
QI18URIOKO,0
VD5M28AOTS,0
0KAKO1Y8XW,0
Y9213HW9BB,0
ER8FQRS116,0
ZKO8UK5EIY,0
GEGTDBFECA,0
TWAMNKM2VE,0
521QL19QTS,0
A1UIKPY0UK,0
IZD52CIK5X,0
RN32K77MU3,0
NT9R8HZ8FE,0
BU0OKH8KDU,0
JVY376I0NQ,0
02ID5CZV6M,0
56ODZQBG4V,0
OTNJQO3KZ5,0
K6XBFPBZ8G,1
UYW48EJB7V,0
V5CVEHB7RJ,0
KSRRKSVRKS,0
FRQI7OR7UE,1
QL30KOETNV,0
E0HHTJ8HZU,0
7EG62PTHTA,0
2E6I3NL4MO,0
AKE7NDEBUO,0
ZARLMK9JNP,0
9D8YFOGH4L,0
QRMBNKXQKY,0
95OEH5JRQV,0
S0BWMCT046,0
RTQ0OUO6B4,0
N4PKSLIR86,0
1Q4ZITM2NI,0
9U9QTOLS6E,0
1RPBUM126T,0
6HQS964N6U,1
Z4QXUKFP1K,0
MJLHV6RN4T,0
FCB48CQ4Q6,0
0P8A2JVJU8,1
3IWTPY075U,0
0ZAM7H01J7,1
DSLU8IOIRE,0
BY0222Y6UJ,0
B0EO7CXX2A,0
LWR4Q1Z63J,0
89E7S75O9H,0
GIKGQTXQFY,0
TCGKHCR9EO,0
1LTUCWLLHA,1
BNY9RAXLX6,1
DM5KK1YTP9,0
2NISFKCI01,0
FTOKDOV5A7,0
CA9QWG4ICC,0
DP7A5CACXC,0
4S9ONCS13T,0
OBRVGNDVXQ,0
EBVZONPIC2,0
X8MC4FP031,0
EQNMS67DKU,0
UUF8ZF0O09,0
2B3OXE84R9,0
D0PQNJ276U,0
F1P533AW8B,0
X3GD3PJLJF,0
0N3ZV4YKL6,0
VQ164EIRS7,0
VNBGBJN9MG,0
W7I1VFVZ42,0
95F0VTA2PJ,0
ZPC5W152BS,0
Y2K45S4CDF,0
P0GLTC1HC3,0
S5AV6G1IIG,0
BZB344IR3S,0
W2CNOJME6Y,0
DKCWWX3N5T,0
KGEC6Z2IES,0
8PMNNMM2XT,0
0M7E8JP1GQ,0
CQDEBRB7YV,0
8AI3T1B2YN,0
D06J7DO9PK,0
FG5T8DDNB6,0
BKPNO9I28H,0
SB1YKOBID3,0
KWS49NEAO6,0
SO9BUAXE0K,0
PKXIGKOWUT,0
APLC0SNKS4,0
WMGWAUV8YD,0
MNTFNASNFF,1
V6HWKVI2SV,0
ML7SORUM3U,0
0P0APWIWP2,0
173CRQ1I12,0
CENDQB27LG,0
KGEOLJAB52,0
FJKB102LW4,0
9CGL1J0Z1W,0
ZVFWT44VEB,0
73X5PGYYV4,0
R913UIDX4R,0
MCIVOC3ZRM,0
FL28VF2ZX5,0
F0JQYPDDSN,0
PRDUACN2JX,0
96OGWIDS03,0
IY0YB4JAQ1,0
L89S713M4A,0
UJOO43CR6C,0
08TG1B7ZZW,0
A0N06EJT38,0
R3DQ1MGVC5,0
J4FZLTBDZ6,0
ACM5XE7T89,0
1KFZEUSUE6,0
NL2YOMY6CE,0
7GQLSGN3OU,0
3OEAA2Z4S0,0
254I21LXHB,0
3K0LDW36QG,0
N1R3JAGZEB,0
ZS0S71VOM1,0
FEULA42HMW,0
P8L7RUHZNQ,0
ITL2335TT1,0
S7R37AKI4V,1
A5FXEIBQ3J,0
HX7IRFLXPL,0
F07IAGI8P0,0
BUL9W1FYVN,0
EFPYOD5YLJ,0
WHHBLIG1YQ,0
14M9WYMO7P,1
7B9QRTUH3F,0
YZEPYHWYFY,0
HZ8MD6APTX,0
QPBL0MOFSL,0
2UBPZUM630,0
HRYAX52BI1,0
9UT4L0PYTR,1
PJ7VVW8Q0Y,0
32VBJ05CIR,0
R0VOIA4HJ7,0
VGNGE5SUHP,0
X514DIYVKH,0
EDRGMXDO5M,0
0S5LODYSZT,0
TASFAOAWSA,0
Z4EHGWA0LJ,0
5J0GTUQNYZ,0
DUSHFTDDA4,1
WVB7DMIJQC,0
1A6TL1WMN1,0
GERTGSHLDC,0
5CDA5E03D7,1
A4CYFG0XWY,0
NHNN0J4Y5K,0
3K6MCUULMC,0
BEHMACJRHG,0
XNHGVZXC2B,0
D9VYPHOJFM,0
8II0QB8SAV,0
GXMUTV5OOE,0
7CMPU0PQON,0
IE1IBST2Z9,0
XPJEHO1FL9,0
SITDCQVGDE,0
OYGUFDK9GH,0
12DCRNNT87,0
A5FW3UB4IP,0
CDLZ9ANEI7,0
XNI7F0RS8M,0
O68SKEXP5F,0
0450EH0V3U,0
5YXQ1XXRUH,0
4JLZRPWQAP,0
LXJD1P1I0O,1
8G0273KMD8,0
S03L8K16TG,0
ESSI4QSDII,0
XTXH78SBXL,0
GB546H4UY2,0
VA53FIWNMQ,0
VB0VC3DXEE,0
DSQ9ZVCQME,0
ZJ5ZHHYV15,0
ZTB6D80UF7,0
GJ6C1C5164,0
QOSYARXG27,0
1XNIPVQNP6,0
RT8RA40JPE,0
H026I78DJ3,0
M9WK7DGQ36,0
Q5P6BXYROH,0
GMG1OVWE9N,0
TD5WL6L51G,0
069URN8445,0
765FBQZ3FC,0
IE4HQUMROD,0
W44XGCUA7J,0
E6N1S03MCW,0
7FDAQFIVLZ,0
SLUMWS90VP,0
8FBH0CS2W5,0
JORFU3K1J2,0
D48CF0D2RV,0
31O5WO9AAY,1
BCN9IH0GMZ,0
L4G6VVLGGJ,0
QSIACSWLQO,0
W1O6N9ATAF,0
DT3GTU86O0,0
73ZFWSUHSA,0
7ZYKIC4HRC,0
J5M5ROQ6G4,0
YMVRA7JBMO,0
JNIZY89JX1,0
G8UY2NJARU,0
O0FO5WGC9H,0
G9CEESYMWR,0
CHTVE8SA0J,0
3GMTU9BL46,0
0EP402LSAQ,0
B0ZW6N07BV,0
65845LAAFP,1
TLHF2LGRQU,0
FIQXHC2HH6,0
7WGOME4YAX,0
81FR5FY72J,0
TX9UGXAC4G,0
DHV9CVZX02,0
Z1WUKSC3M4,0
N8L9K75O92,0
66PVAYTIIH,0
56GVVPYGPH,0
WBB9I4BOU9,0
X23R6519YC,0
MXAZR1TC75,0
G7KFMYAPF7,0
1UM7ON5SIS,0
TG02KYCDUK,1
GQNY5LOE4F,0
TZIRU049KR,0
EDTUVFRSYS,0
ZL7GFJCZKR,0
XVHNN9M8QT,0
5H3WSVKM3W,0
UB2VCJS7MP,0
HEZVLVXETH,0
WIYLRYEFGK,0
3PJUYBY6QL,0
LHWGCA66DV,0
OLMWILARKB,1
I9S165NBWB,0
LU95L8UWSE,0
1FI9C86JAN,0
2B09F8TERE,1
2SNDJ81YF9,0
YR4TGNHKPT,0
UPJ94XTNS5,0
9ELDMTAMAK,0
K9J5G88R03,0
EEYQG8HIB8,1
N2J9RDGI6Z,1
F2VB1AABB8,0
JIMIM3LPQP,0
2NW1538IPN,0
5DCBJDN2LL,0
C49C7SNKTZ,0
1O883T4X9J,1
NBWDMXWOKN,0
ZKUCEFYW0T,0
Y8SY3ZWHFK,0
86JSKOG8A2,1
6ORDVZ4TK5,0
H57PF0Z178,0
81URWQV03C,0
ORDZZ4AZHG,0
TSTJD0UZEZ,0
6CDIGH27TN,1
1N1O87LIJX,0
27U2FVHFR8,0
AOHADVUGTL,1
FKXHM74RF7,0
FOBBN3VTNC,0
6P8GXB6WVX,0
QUEMSIZV82,0
6WSVP6A4YR,0
5MRR6BZYS0,0
Y9O4P597V9,0
S5R4KTP08I,0
9H7H550IE0,0
MKA576PBYB,0
WO14D5CQHP,0
6FX2ZAMKXN,0
23ZXWTSU5S,0
3S8VEOS3DB,0
NJ3CWTR2OJ,0
OQOL3YAK4J,0
3FOD03UF47,0
3U8WFVWN6V,0
H2R33U2XXW,0
2XAOO379JY,0
PN9MUG07SO,0
52H2AUZCRM,0
DES7FTSRBV,0
A6YQDTF0KQ,0
895PC3C1KX,0
4Z8U5KZNH5,0
HDV34UUX75,0
PAWY43GK1V,0
SR7UU2WUNT,0
X221HJYM3B,0
0LGN5Y658T,0
P8HDVEW1AQ,0
RODD5EPJX6,1
SF89URJWN6,0
5BQJ4ZRI1Y,0
0NC1FLZ4UQ,0
GIRXO34IEV,1
DA0D8XMZ4G,0
0J1WQLULTR,0
UF3N51MARR,0
QV7F1EPYV9,0
5YXLYBTRXH,0
B087VDYYXK,0
JDW8ZQ1KL8,0
PZFNI7HHAI,0
ZFRMB4OVCY,0
G59O2QLEZF,0
89BWYNFB92,0
KBNB62PXCX,0
ZZR913S7LG,0
C3EQKJPP7I,0
EB4NPKSXJL,0
MPFD75KJSA,0
2O42YZ334R,0
K4TG11ZVVD,0
W23YZRRXQH,0
C9Q5VDYHAL,0
6BOFN1CGL9,0
XWNTOXD1SG,0
768GX05YK4,0
1RF1Z3IJY0,0
NSBEL8KDIP,0
OTP5XFGGOS,0
VB6ZZFIA51,0
O2T5268LMJ,0
87ZXSMOCCU,0
5SOYCBU2RJ,0
WRJDO128TT,1
BNH95XFQ29,0
1L1ATEHC1P,0
AW868N9GH2,0
MFSG7W483D,0
MKERYOAVGM,0
0HS9UOD5V5,0
UEWHMR6CUG,0
4H6HQZ77WI,0
ZOYLACIL68,0
NYSZQVXAT3,0
C3I4NPZGI0,0
MY7OS7OGE8,0
O2SVE3BN81,0
XWJA7T3EJG,0
WM63C5RPIA,0
HQEPFXXOD5,1
HRBP9A9KLI,0
RHPXWJXJXO,0
38UY9BFUYT,1
1IGV74DPA1,0
VMFNPR29MK,0
O7JR26FPPS,0
VNQ0NHNMY3,0
PXGJKG72Y4,0
XLNMP7P7UB,0
6T5T6L8CZO,0
B7GHSJ06GT,0
MQ6JPX2Z96,0
FHRP71CCNF,0
F254E727OK,0
1CQGWXPUS2,0
YKPG8MFLL7,0
6ZG7RW1NS7,0
R5DKSKLRQW,0
NRO6WUIN0P,0
WY2GQA4B5M,0
VBRWMBC1GM,1
4ZZ75L8ANV,0
AS0B2PVEGH,0
WQBHGWKU99,0
2DPSS473ZA,0
JBX6DTRVGT,0
68TUI60ZK0,0
GVTNBOBQ8T,0
THAK3LVX9J,0
ZALZ9LIZX3,0
2R7E4L74YN,0
82HJGQGAGN,0
5QILROJ4Z0,0
5HZEGCT9RC,0
YOAWAQBI59,0
NMZU6K1CG4,0
GIPW069JNB,0
4B38WOCW4A,0
GL2FCEYR88,1
38NU4UTI6K,0
AS75JEQH8P,0
AVNUBGJFJG,1
10FIUW7F9Y,1
JHY1ULK3YS,0
23CAG5F4UW,0
U8G4MERSJR,0
ZAC4JOBC3M,0
JL2GQKARAP,0
00LKR88OWY,0
DOGZ3R8RN1,0
SW8LQVNN48,0
JRK1AVX8WQ,0
KCQOK4U1ME,0
6XOAZH6IM3,0
8WD19QJKXH,0
TXE199GSBZ,0
RF1EQSU60E,0
QHDLQQ4QS7,0
YJP8HFYORB,0
U41USLYOBT,0
2O28BK2OZ8,0
8FBPC52XZJ,0
BNI8D3L9AS,0
RU4L8IAK0L,1
IFADCYVNYI,0
S9SCSRMUC4,1
4CJKA68Z4Y,0
IPRRBAOYI1,0
KCOOB0YD85,0
BYFPCEO92H,0
OJTILCJZDE,0
LPHXWEPCME,1
35WOF8PXOU,0
TM4GLY1SRM,0
D6731TUCSY,0
MXJVAV0P7E,0
XYOC5UPI8F,0
LCUU70XHV8,0
LVUHCKXLU5,1
Y8829P6NTA,0
IJ6X9VILE1,1
27DHZYOZAR,0
RRJS424QUM,0
AEIUAOF6P9,0
8TSTQ1E1KI,0
X26BEF48WD,0
5MBWVW3218,0
XNERS7NYMQ,0
ZSUKPMM5Q4,0
UU5ZZIHJ6V,0
QF8LLF3YRE,0
VYB8ZWHHYS,0
1B0YJMW9JY,0
AL35JZTPBM,1
NMCMM0Y4BU,0
D1JRR47HLB,0
06L9GVB4IP,0
JR8Q57OO2Q,1
64QDVYL6UI,0
JVNHNJBDR5,0
WRW8NGEVAQ,0
M5QDGL3OCY,0
YIFC96PVD0,0
VY36Q7AMZ7,0
NBV42IPR3R,0
4C0PE267OJ,0
VYRZDL3KK7,0
NNS5V8R7TZ,0
SSFNZFD0JS,0
DL15BQBYCM,0
1LTMIP3XQ1,0
HFQELOEKJM,0
G63THSY8ZJ,0
3RA6U7G0HI,0
DGBPZPSSK1,0
B9Z3VJD3HP,0
L069DML8QB,0
IRGVBG2DYQ,0
UT8XMNXWPQ,1
ANS4BA706Z,1
Z3EQBIUMFC,0
0Z899Q4MXV,0
OKLV6VOVPU,0
BBICYHVJPQ,1
KJLJHDRYPR,0
96VH7R003P,0
HKGGIV81MQ,0
B53TIRKVJR,0
6EE4GEPOOZ,0
FSWR5YDTE2,1
CK8P57PBXR,0
P3P4UGC422,0
Q5E4YWCDNI,0
Y2JDW1FAUZ,0
FK2AZ4JS4T,0
MQXD7WT1HH,0
I5ZJ3OW1MA,0
CQDGFUU10P,0
6GN86UG823,0
0PHKO0YGFD,0
75BJV706CO,0
5NMMH0NPJK,1
6M5152C3TD,0
FE35ZLNSLM,0
HZDBDUFVKI,0
4KZFBKSAQA,0
OD58RSSPL8,0
ISLJ766UMI,1
40BNPGV80I,0
3YBNISHW9H,0
JQWE4XUG9L,0
Y1PYBQND94,0
MXCGJ38829,0
8D9IHJRJFA,0
538KQVSYB2,0
FDBVL47C31,1
9KE0JGRI76,0
YHYAL0LKPG,0
TT0GKFGGVQ,0
TZIAQO31TG,0
9Y99979HGR,0
8QTGSO33JX,1
S9AGDBSTJ0,0
8QO3XLMAUH,0
27UWSB6XDY,0
JVHJLUNHJF,0
GNH8S6N3P7,0
HBVAP4J1HQ,0
Q309FJPW80,0
9QUI7LSIRG,0
OOET2XKVP2,0
E2AMRB0GF3,0
IZI82U44A6,0
CE13DGMGDB,0
5PH1C455TB,0
95TLFKGDRA,0
PG2W3WSJU0,0
L1BOI0VGXX,1
42DBY43RD7,0
B5SDGDDZ1B,0
BT0Y2JVZGY,0
YHOVYSACLO,0
W618211I7L,0
R1QOIXRFTN,0
HBUH2O10OH,0
YYGMVVULXA,0
FKL2AOJ6CZ,1
H0JEUOVWSU,0
91KGXPILCC,0
NIFQZY5IIN,0
GX2NYOT6TZ,0
SN4JVZ3ODJ,0
CH6UNRLN6D,0
OZEDXCM2UA,0
A8VA7VU9K0,0
CK253X6D4C,0
QYLXDD99VZ,0
QRZKJ0WUS0,0
T0CB2WDKLO,0
IBRCE0W6US,0
3PG213JKDF,0
4HU050LE86,0
PVTVT5R512,0
XAGKE7TCJ0,0
7510JQ91AM,0
DIIYM2HNXK,0
PRE5P1A5NE,0
VIZJE89XTU,0
YY3WUFKHW0,0
AX0V0IL4OQ,0
JJ3NUS8F43,0
AYTDKOA22M,0
NHCJ611AM1,0
JQFKCKPVOX,0
SJINHD7F15,0
8TQNX0BV6X,0
95U9VL2AAU,0
2V09YNUTP1,0
OU76XJAM90,0
JCESQXNUUQ,0
DBGA0LVJPU,0
FBD6DPOJS5,0
IWJNTUPDBZ,0
QA3CQCUQ5I,0
IXKV09XX4T,0
PN7JDGFH1N,0
EBRG3ZT35X,0
4Y5TUBZBIR,0
7H6KVZCBYC,0
OJ0S90XMQD,0
GG16Z16VD8,0
8W6YFOX9E1,0
75OYJVW4KU,0
4V1X9O5QVD,0
STEQTLTKRZ,0
9AC6NG3ZU7,0
J5UDUE5SD4,0
HG90BPXVCW,0
6AYDMPJHR1,0
2UNM45KBRD,0
YT74F6141H,0
BZGMERBM28,0
E3D7FEKYWU,0
5GLE9B46CK,0
W0Z7DU2KAO,0
3WZ76WTIWT,0
S9IAYBDP69,1
9VH59I0LU0,0
ZCI3J1270V,0
RIUAI581RD,0
85YH5AH6GL,0
0SLFOOMHWU,1
9H1UTGB772,0
2JVHJPJBMF,0
25C7GKNT0P,0
NNRJLP5GOT,0
LGAR3V1TZT,1
2YBKJNBU81,0
NGHVHSV1TN,0
UOKD5WEVEX,0
CCJMDZYLIF,0
LXHUR3DWJY,0
0BP8895APB,0
0XFPN8UNWY,0
IUIMM9NEA8,0
XB3YZHKLYL,0
H4SKR4LT9M,0
R5SPLERZW0,0
O6UYJTIL5Q,1
TYHHNSDJI3,0
NNC85F2RDG,0
YO94KZBYOQ,0
DSWXSQ05RS,0
4SM0DSD75N,0
EIXUSA7FIU,0
VF4W0BOQMN,1
B1EPXKWIB6,0
ZRG8N4K0E6,0
WV88GNJ90A,0
782KX0BDIF,1
6GH7ZLBE9H,0
JF7BCDVTG0,0
TS7Z1GXVBC,0
9JXP9E1RX7,0
0YFVLASFJI,0
YH6N3S5H71,0
0JA9814518,0
W892YFANUL,0
O00RZ85H72,1
K6TRM4B634,0
RMC7VZGRWR,0
NUXUD8CJXN,0
QA05BQD9LA,0
YESRB4I1OZ,0
GUTX0BTR9R,0
292IM4YY0V,0
S9E9DB5YDF,0
GSSJ0Z9SIX,0
I0Q0H66ZNP,0
K3VMATMD4E,0
AL7YOY4829,0
D0GUA8ZHUJ,0
C4KTHUUNLM,0
GJX050EAWM,0
GTQE905VS5,0
UUT9AKOQ31,0
QE5M3FVZ2M,0
Y1Y8FASC8G,0
XMMWD2UKXN,0
MLG7CKS1QA,0
NB7ZVWX099,0
T3HJ6GE821,0
K9OID9ODSG,0
L1L1AMG6IU,0
812KIWB1ES,0
W33WV4YSXU,0
SWK1JR9WFJ,0
EKIXLMX5AV,0
05KLR33CTY,0
9YUO2JEJON,0
28DBV8IHFD,0
COSRM9JS5Z,1
GHHVZJPMJJ,0
DJMKKJOAAY,0
DEXBQB2NZC,0
TEVA4EGFJP,0
K56LSE29BN,0
ROZIHE6MUL,0
PFDX67ML7B,0
PTROB9OUFV,0
0LZNC2QXKW,0
KSIE96FR7W,0
3TVBHY76C7,0
QIALK80E6D,0
FUJ248VCTH,0
T7KZ9J7X9B,0
DDV0Q6XCO9,0
SM6W27WKGY,0
VF1T3B6UAO,0
BRHD7U77VJ,0
DTNG9UTNNL,0
PI2HM4HS96,0
M0V30CJ8FJ,0
99O77Z85IW,0
5KM0B6G21B,0
I3Y5PMNOZD,0
H8ZKG883NZ,0
NVSB7XUHY4,0
5O2IKEJVWJ,0
EL4XOAGXYZ,0
D96F9HDDR8,0
B6HIU4UUTS,0
33EP9R4BE1,0
R68BI0SSUZ,0
SMTLTVGG1B,0
UBQ9VPEQXM,0
VF3XIWPO77,0
UR71BQ0DRV,0
3O2QPPOR2A,0
D0904F6L04,0
KCT32CMV11,0
VSAMQQOPM9,0
CCHHNU71OZ,0
VB8SOK2EY2,0
D76JOJRVY2,0
C6CM0CTPWT,0
5IXSESDM3E,1
TR1G7NY6BG,1
0CRJACXBUG,0
VNC1YCVPHA,0
HPNTENYDP8,0
VZFN6UT75S,0
MCCFHXWIS9,0
T5MM1WVTTS,0
MO4LFYOS1N,0
Y4X3T6CSUD,0
77FEC1ROSB,0
XY9CUHP5P4,0
EIJMGHF50Y,0
RK8KX74I1X,0
QI2RZAPR4H,0
8M9FJ3Z3WQ,0
4X3LANJ3X5,0
6Z6GG8X0TH,0
KU62FN0BFV,0
75VG3DR8X0,0
Z18HHOACWG,0
KSQZNQO7SX,0
Z15RPXWG1Z,0
47OPD69GFY,0
8WB20HJXJS,0
WDEK0692BZ,0
BED9RH21L7,0
L2UVU7DLA3,0
GXCB4ILEO2,0
T1K6UUL7YJ,0
SILNUSFELC,0
WRTEHNHOSR,0
RWILPUPBA2,0
PGY9VYIO4F,0
GLRGN1SV61,0
RI1C6DO513,1
7M1NTDNQSO,0
Z97YYW3ZUH,0
VIYOVLV758,0
E80YQ2TWD7,0
B33445KU77,0
13EEIJBZS8,0
WBZ2YUMAFS,0
YREGXT244K,0
9ONXXMEOO5,0
QCN5KAJCKQ,0
1842RO4K8K,0
15Y8DI81QY,0
0D5DGCAOCK,0
5G29E6A0OX,0
RRSFW23K45,0
V8AO0005Z8,0
GHMSVFATZI,0
VM7FTW9VQK,0
B0VVTQBCRO,0
S2X493KASQ,0
3QLPLVZQXT,0
ZB0QRNYNM5,0
GSOTPY4AAN,0
LX5F7694MA,0
LI96DNZO4R,0
9CEU36CF4I,0
Q45ZY8PV7L,1
P5RFY14OK5,1
J4WO2XM7UO,0
FK56PZEAE8,0
TZFKRNPDPG,0
B5I6MJ074C,0
NB45A1BXY3,0
VBTODHVT0Q,0
Y8JXT9HEFU,0
LNNKCKPWKK,0
Y8ZIJNQVYT,0
JMPMCZZOUQ,0
ZFXNYXUD07,0
IOP0WHRWKS,1
N08DRSRU8P,0
RSEQ8DBC2V,0
X7A6I9ANER,0
BENW4XFVJ4,0
Y2GNV7V5RA,0
K1BL4CZGRU,0
YV7S0SQ6UJ,0
VQO2UMXGTK,0
09U5OUUCWB,0
L6KGPXT444,0
FHIIXLESSO,0
T9HG62AEAE,0
FFR6VVZESK,0
JVKFYP4A8K,0
ZXCOIX2UXY,0
5STJUWJ7IT,0
T3XXGDLEKP,0
CVFML38U3Y,0
FN8LWDKF5J,0
A0JOFXD0HO,0
Y55E3UR9R3,0
H88FI2MM9A,0
83MZVZK830,0
7DN1K94NU2,0
GQZREHTPKU,0
JKL4S5QF6X,0
AYA7Y1JALA,0
EMWKLMTK2A,0
FD2ZT2FJVL,0
3JVSZ0BLJF,0
QH8XWFC73J,0
WXP3AZG3DX,0
LCSI88KUI8,0
6CFQ2RZST7,0
D6STOUGPL3,0
5U4TQ25CR7,0
RW24R1DZZW,0
P4K76Z3L06,0
6JAD1676U2,1
DQ4LAQI5XG,0
P9FMIX8FT2,0
H89EHTGF51,0
USGEKJGRZZ,0
URTK51Z9C5,0
7NZFTZ2ZNZ,0
NDS8OSZM31,0
E4Q53VAPDK,0
HKC27B53F2,0
1QOQ263N9Z,0
F1E9J1BJAM,0
5JJWC5HZB1,0
8SCBK7EY1T,0
I3CZJG9MSX,0
IWFL9OB69B,0
FRIXV1QQBR,0
007JW8H4VF,0
L8TO04IJKM,0
R7CE4XXG9N,0
S43KO5TJWV,0
MLK6N0HYIC,0
3Q38GWN4Q4,0
0L389WIQQU,0
BVN13ILGZD,1
HPMV3TA7YM,0
5EJNTN91YG,0
7C4PYJ87CP,0
DV2D0HFXG2,0
4PBOP8FEGS,0
9NHTCW9I4Q,0
2RTN1UGJUQ,0
9KAOQV1Q06,0
HI0Z0BV9FE,0
O9ZZBSGZQO,0
SYZSRII1GI,0
2IJ8VKMTGA,0
2JD3Z2AS9L,0
7J49WHKIL9,0
99MV04P663,0
G9921VEJ7X,0
58PNWCNBYG,0
61WXE5WPNE,0
5TMR1U5OJ8,0
77C3G4LFFM,0
BWD34J171T,0
7W3JLYUO1W,0
3DWG7RTIIW,0
6UCN95Y28S,0
SV4XW9MPGN,1
0T4KJY696D,0
7NG018MQ82,0
GDFLX9L7DD,0
J9XGR0LBRJ,0
JUJDNWUZ0H,0
TX1XQQHK27,0
RDPM7F4A54,0
ELZ2YQKR8P,0
RBKFMSGHJW,0
GXO0LSTMKD,0
V9YJBSCAUB,0
GUR5Q1L2AU,0
GYXO8RI2EO,0
DBM06MATZZ,0
H7OCWMJ6B9,0
ZQ6D2586RU,0
8MWIRIDEP3,0
Q2V267KFX1,0
D7CXTBU4FV,0
0MZVNWZKDU,0
PFWM0XTF72,0
WGTFD8O4NI,0
RWLUJ9E643,0
Y35BPR7AI2,0
XHWJOJCTJA,0
CIK2J79AJS,0
CGESBIC6TU,0
A1FAAIV1C7,0
BN5PCAOUDY,1
IVI3HKHBS1,0
DZWEVKXZT9,1
835GV1SDRU,0
COIFGBME1N,0
W3X9EYF611,1
LF2YNNIIOI,0
MOFORMX9LX,0
RFF1BS8GFU,0
KB8PHKUAZ9,0
LWYCZ1Y647,0
8P29T1JODU,0
D3RT9W8O29,0
NS58L93PW6,0
BJU27OJ4T8,0
RHOX56CU8H,0
XAZ7P6Q3O0,0
Z9SK7WSYC9,0
75K1K1OLVL,0
VGL5CGTIJC,0
ZCLQCY6BFZ,0
61K6UFJIEE,0
OT8PDL70K0,0
N1VW004L4S,0
VKIIZU19DK,0
MRYBRDEUPF,0
QUVU3OWFZE,0
4QIGYSUV8R,0
HUMJCLX30Z,0
R43DCKYXBI,0
324OYQPI5G,0
MF6FPBH6GU,1
51HI72OWWQ,0
EQOX7F2YMW,0
KIVBCCWXJQ,1
NOU8KOXO37,0
0BC7XD7TRI,0
1GFMW245NA,0
7GRPQ5BV6R,1
MEQUGGMDC8,0
MNQNFTUY8Q,0
DVCVE49KRH,0
JEVX8DXVPJ,0
RN7NYVHAYE,1
5ISX6A68TX,0
2PTY3PC3F5,0
XITQVNF673,0
ECTDRQ5MCC,0
V5E5U5O0ZQ,0
7F3YYLAWSB,0
YF8ZIMJ3GA,0
PQM7576ZLX,0
HJBBTUEUZZ,0
SH0PF2B4P3,0
QKPN05A0B6,0
3KCM3HI5R0,0
35I6NBXWEH,0
0E4LP8X8Q7,0
A3R1BN1XEH,1
BALJRWX1GB,0
CO77NCOPHD,0
OI8IZF0TWH,0
4WWSGLJOC5,1
6IHTU92IXH,1
37KDJC1RO7,0
44VS8ZCMD8,0
HQRIE3PP7Z,0
O8XPCK5JFM,0
JYPEG70YL8,0
EL365FV553,0
S14ZJ8HJN6,0
K7WM5BBNPB,0
MP67O71CJC,0
FKCLTXH956,0
YYYHJCU56S,0
TI0PG60E40,0
81XFXU1KOQ,0
JE06IS7S8Q,0
X8AAARSSA2,0
0R1PHGEJS3,0
E7RWV5YD3X,0
GWFBC96GO5,0
OEYUVQGTF1,0
TESNBQPEAB,0
E1TUCS77GK,0
MWZVG2WOAB,0
IVP6RF3PKE,0
8HY2G4UBFN,0
HX8X88JZ8B,0
F56XR7W4SS,0
5EHFB44GQM,0
7XE1G1QT6A,0
VY748OQN0Z,0
QN2PMPX2IQ,0
PTK6UYYCI6,0
9D67YWDKZG,0
3RJZIZ8D09,0
F8Z3RBQW50,0
NTDLEQL9GA,0
8P5YRVRBC7,0
74ZMZYF37T,0
VAWKJ1DP3U,0
A08EYRUY9R,0
YX7PO7HPBU,0
0G05U4GXTW,0
8QNWO3U043,0
Y22KL7X7NJ,0
UENA3D7YKN,0
5AOTWO0K3I,1
VK5QK14HNU,0
U7B2ARMPET,0
2XTDLF9CSR,0
AOC7Z1JH0Y,0
RHQW6OG7N1,0
Z8T89YZDFI,0
BG8RB4FTMP,0
HM45ZVY644,1
8UYOMLBYWC,0
ADZLRZ4DRX,0
51S49JHP1S,0
0UJFPUGQTM,0
983M7BEDDV,0
Q74ONHKXST,0
WZ7KCY3W3E,1
CRUFQEVF8Q,1
MOYNBCNX14,0
5W19X9CWCP,0
T9TH84N59B,0
XE00PS5860,1
EV7MLUGIMZ,0
KWRUKUUSWB,0
Q26U17PJ3F,0
8D8BNCO8YS,1
7V9RX0GLRI,0
82R45RDVKQ,0
QG14WQGZSH,0
ZBOOTQ4870,0
K3AOQHAXB9,0
06ENKRP6YA,0
8Q2MWLFQ0Y,0
WW150U4I8H,1
84MMKNA1KB,0
DUGSTRJIID,0
7VF12CR82A,0
3VQ2JW6ABY,0
0U30EGJZIT,0
WK92JPY6OM,1
1P9ZRXED8N,0
DEY1R0NGXR,0
TRZQG0B6OS,0
EZRKWN14E2,0
Q9B34S9P03,0
I39CPXKL9B,0
S0AQ9HUA4M,0
JDC6GF59R3,0
ZW6WBWPHHE,0
RQ47D8GTQP,0
Q2QCYIHZPL,0
NB0RPLAKQS,0
7ETL2ZLCMQ,0
DZ7TFVEWP3,1
48W1WAEV63,0
I4O1SA2FRA,0
E3V7H3U7T2,0
7OYQPB608A,1
4US1AHWXIF,0
SEYG4KEDM3,0
TV3WJ7RGDK,0
WQO2RF734V,0
3C27LNDIF7,0
225FZLXA9M,0
K7V5GRP4CK,0
YBIVHQTLNU,1
TSOW9YKD1K,0
RAGOMN92JE,0
YGAQPYBVOL,0
ZL7GU9LJTJ,0
S1TWDUPA2E,0
VYETETZSQ8,0
19CQ0NV3S4,0
RLQ35WHQE0,0
BWAKDUCTUX,0
6ECK30S6D7,0
H2UY5GXOS0,0
5RVMX9C3OK,0
U3XFZDPMNP,0
4F1DMC9871,0
Z90V623IQX,0
47SEJDBIDK,0
UOEBOWA3G8,0
DGT4L63OBE,0
J9KFBFOIYZ,1
HXQ3ZOKBAG,0
Y7EAG1CAOR,0
79AJ3KV1SZ,0
3SLF4Q247R,0
8WGA4U0YDX,0
AJZ84P2ZB9,0
I92TSKR64H,0
P707GPKUYK,0
P6CCM2RH0W,0
4EHAAWEI1F,0
U61NR9C924,0
14H5I3BOBV,0
JZTXZF1N0A,0
H59FBJBQ5B,0
WBQGABLZ8A,0
NWDBNGPKAA,0
71JS41G4ED,1
1QLEA2W7WI,0
INS8J6P3NG,0
6VVTVS9OYD,0
HZCW8HRKPY,0
MHVCXG5AKA,0
O6CWHVJZR8,0
819SDLTIGK,0
3OLO1JWCIM,0
FP63IHZAC5,0
L7V3ULO7ZW,0
05H9C06KHE,0
F7MOYKOYKS,1
017RRJZMZZ,0
4MRCZA95BZ,0
TT9TB5XJ6L,0
KKSTZ4E2X2,1
ZJAGJ5LOK1,0
632B8AXT9L,0
IF3NFMWS8A,0
T5J7XCULS9,0
U4DOWQ5NW1,0
QO6UYH1Q7K,0
1UMOOY9UIV,0
4VTSE23REB,1
Y26M6YYV6F,0
J0A14LPZCI,0
8L8LKKRD0D,0
ZXVKQMYNT6,0
LWBK5FLGAO,0
M72RKQKOBI,0
B1A33CK9AR,0
NML88SIRFI,0
B4B2367OGF,0
LKXF2EUJS1,0
HGM9OBNHJW,0
FWZR42BK61,0
V0GBEL4F35,0
56RV5MBGRZ,0
YAD8K9WYAC,0
W9IYQ4TB0A,0
Z6DQFURJ7O,0
RT3T9Q44N0,1
BY3CWQ2ZH4,0
H2V9EEMXRO,0
D7X9L3T45F,0
J7TITGL53A,0
5IN1CABEX2,0
GU49QAI9VM,0
BG2OMG2FSY,0
TMVOSH1RD6,0
NRAE03KHP0,1
YDC5P4ASOS,0
HFW4LZHS0J,0
JPXUZOFIPQ,0
FVB9YJN6TL,0
552QBVG75A,0
XY9EL7IZCS,0
WTBKTVNDYR,0
UXVO08P2ET,0
R7XHYMKX32,0
WPRHEGMERD,0
HJ6O5MOAGE,0
MYQIV34HJ1,0
2D9BM9OB3X,0
3HPZSP4R6L,0
P5ND6GYXHQ,0
R4USRGURG4,0
B0D7KT1QGA,0
ZID3SSGX8M,0
RM5VJ1L9IZ,0
DMM61NGWVI,0
NYKRU8WKX2,0
HP2AYZFBR8,0
OVG7OX7J6B,0
015T8142MA,0
PZZG0HCFAP,0
PM3OVBMKNR,0
95GE1SFCM9,0
VTZIGT71C2,0
LIRHDCDWDE,0
CTO51016NZ,0
1RIALPRX4F,0
U01LXUGA3H,0
RQ2ZPYZCVT,0
LCSN3TFUTG,0
7UTZNMKN70,0
OGJNP3QZI1,0
RHI316R78H,0
3WFMUYK159,0
HAHN1TG5W1,0
TD5XP7EVW1,0
6GWCV5YOFX,0
Y7F5FSHC9K,0
NFZX7KEDPQ,0
50320J0WNP,0
QLNWL96EOE,1
6K9WXGYFU2,0
A8DUDGB14L,0
B3RNL3IIWM,0
SXENOEKBRT,0
6WPN4HQBB9,0
7LCRCTSVF1,0
4G6WGWGEB7,0
YXQGCQJG5A,0
XE9HERZ0Y2,0
QFKD81W766,0
148WN5PEK3,0
FFPS88FZ5F,0
RCAYJKZLGP,0
31UVPCS2SX,0
19UROW7YL3,0
NRIDNHMJR7,0
PHILT8SRT6,0
GQRMG7MGGJ,0
F09MEHGGET,0
7XE5721DQ8,0
IDZ7Y5JLHU,0
7JT1A2EL9L,0
G7QPK7PDCE,0
OAMCNWCXF7,0
D57H9TQZ7G,0
DIW8R4C6VE,0
2FR5YZ9Y36,1
QBFKIR5MFD,0
MVLIQJZC2H,0
WZKNMUWNJD,0
YCXR22PS7Q,0
0F9069022P,0
PYNAQ8SZNF,0
QWTA6VOIJR,0
HBM2UBRHNI,0
C55FDWEAZ9,0
HBHXH4A832,0
PW8CGNKFG6,0
5NVF298CM5,0
OVBNW6QMTS,1
16FJOIIUYK,0
NDKROYZCFJ,0
V02IP80EEE,0
FOQ055OQH1,0
PIW5BY2L6O,0
4K76EOPTYG,0
04JGFQHUTS,0
LN3CXJASJD,0
LR7DSQITNZ,0
4DR77DJXF5,0
BCWNHBNW04,0
00EZY6SKFQ,0
Q2OT58S3DZ,1
IQZSV8U1FR,0
N94TE4EICZ,0
ZF649DBCFO,0
J67FIUL6L9,0
TGCBMZ663Q,0
GPMSRS1ZAC,0
T3HZFRPQJI,0
VI7UULEOLC,0
E3CKHST145,1
74HOHCTAPH,0
5Y05K3H4OZ,0
VH2EWSVOGA,0
41UA3LK72G,0
OLUZ8FZGPO,0
ASI4IVVPWH,0
YU0GUIS4B5,0
O2QV75MWBJ,0
U6U5AB5PAD,1
6725IE7PII,1
62IVBH2BGR,0
8J2WBPG1FY,0
I22EK0PT7D,0
FB8N8Q3CB6,0
O75VX21LXC,0
29AOO122WJ,0
XD0AI610DH,0
EBPZT8K4EJ,0
JY530T88NX,0
58N8ZNEL4U,0
ES4ZK1DMKN,0
LQ3S0KH62A,0
GZI8GI3G1C,0
EI2K6ALCV7,0
J0SVREIYMI,0
SRAPUN8SON,0
3OGS33DO1Z,0
HOIZJ5PSMC,1
WO41JBK24R,0
917O3IQ3UL,0
R3UKM0T9CO,0
XGTW12JKPC,0
YZJFTZ8YZF,0
B6RMFJIQUT,0
WWEBS5VNO2,0
UQ9H6X0C43,0
6QEVTOCZX5,0
0JYPKM51GY,0
SKZHAKHNSG,0
WVEDGZ4AFV,0
G4DQ173QSC,0
NIADALK7LP,1
KWHL1M27UZ,0
XX2PVBUI4D,0
OR435Q6XRE,0
ZFD9V96SRE,0
IFSMGBKICC,0
6WV9BVD6GX,0
WCLNK4KNCL,1
1O3GP1LFBP,0
46IGHH9HS4,0
CEQB3985T6,0
QYJ9HT1CV4,0
01FFIG738F,0
AMYBWWMXUS,0
RUV9B1M0BJ,0
VAG7ADVG0W,0
JRZXOF7JLZ,0
5XE3PSZPLA,0
RIY3Z0ZVJ3,0
AXMAAVX476,0
TQ5PDEYD4Y,0
3P80FIKO0R,0
VY1CK4P40X,0
HGPUU1SMNB,0
90CEDUKEUN,0
121K3CU8YU,0
1SFU4M0164,0
O4YBQV7XA5,0
IAM3EGEALM,0
LBK5032C57,0
TI9LKXPZK6,0
1TSB9N3Y44,0
6GNGAKPN1T,0
AE7P7RAC3W,0
4NCP7M9N5Q,1
L83ICC36GQ,0
Z35RRPH3U7,0
JDL0MZROL5,1
GYALGYKZEN,0
MSDNDSE0Y8,0
IWO0B3LSYL,0
BEKQ1OW0UN,0
S7WI15RE2D,0
PUTKYE805K,0
RAT89H3NBS,0
24JZHX22KZ,0
YTTC5BTM4H,0
8OHF8FDWAP,0
BT1OAIE8JG,0
W1ASLBR5Q3,0
9Y6OLMDD11,0
YFF0B2YRIP,0
70DYGJQUE7,0
ESCGYB9RX8,1
O5NFX4R9KR,0
1MQVGEXI6B,0
P19P2WP4Q8,0
X7NQU98UTW,0
MTJ6LJ3L5J,0
3UZOR560S3,0
3YCXRY5KX7,0
DMFR29F5I6,0
DUI4RQX3HP,0
XM9EFGP7HL,0
96IFNSBJPQ,0
9XS42RVWDX,1
Z3A1767WMH,0
ZCBB29AXH3,0
Q5PLQG27A4,1
8FGAR4S1UD,0
V5YK1GVHAQ,0
T84IG7GUDY,0
EVSUSTWYW2,0
5VWNKZK5DC,0
7YW2TDUVLF,0
P6AX56C2G6,0
A6C1GAF0U1,1
EGNAMP7CKO,0
BMP2U7J1JO,0
6VQDPC3WBL,0
TQ8AQVOPMU,0
DX9DUCOY1D,0
145P6LDPRN,0
38JISBFT61,0
9UTZ0YDFRH,0
05723753LG,0
QCWK66Z6G2,0
SB1XUDT2WR,0
1E4BCMI6DS,0
M9P8735EGE,0
BIARRK6I75,0
U2EECUXOLT,0
4FNFF6XQK8,1
6EVJMD1F9G,0
0FTZKUEGTC,0
I1MYMVB14T,0
QTRVUUGJ74,1
S713QUQ3XC,0
HLD4JSIMEL,0
F1J934XWVO,0
8EJG34JET7,0
HNBFN2PL2M,0
HWPVY2ELEX,0
8DY88NWJCC,0
62HDZ27QTZ,0
SQTUE13EJE,0
GM2F9P9A3M,0
SZHCZ5OKBB,0
Q4QTJAXQ02,0
QWA8EYWMND,0
MOM2JNNRA5,0
14JQQFIRH7,0
ACNSOH3LW9,0
RUCYSY5GN9,0
54GVRCCG5V,0
K23IZUZS3C,0
EN3VEAEB52,0
XMQ9EPL9FN,0
KYSMWX34FP,0
MIXMEMWN83,0
VLECHLMV3Y,0
UW9TAYL2YE,0
Y4GVSSV6W0,0
PZT7LJVFHV,0
38MGCBX468,0
I50W5WMGYC,0
5BSS7WVHGC,0
POPTUPSI6N,0
JYZEYF3SP0,0
CGHGQ73R52,0
U6QT2DQ3NC,0
OUFT2K92MJ,0
XOOAOPSAG5,0
ML1GKC43MT,0
AQVMWRTT92,1
J23KKV24MW,0
GCLPSKYDJ6,0
1PRXPTS7CS,0
WII0HZ19I0,0
WEOM1H02YN,0
HMD7QDOKCV,0
EFU8DUPZCL,0
YL66ST74FH,0
MKLU7MU55I,0
Y5BHO1H6H8,0
Q7K6V01EWE,0
05CD0T9SXV,0
V01C6GAQO0,0
7PF9V5F0WI,1
W0XS96ZNG7,0
EU8V2C7U29,0
HTH020IDZ9,0
UFBUKYXIDW,0
5Z285ZPA3E,0
TJ91VKI2DS,1
38G2DQKF06,1
FEELM86XDM,0
AN8PA6R4WQ,0
87E4CQ9IDF,0
RRVJPI42ZN,0
YV9L52PQTA,0
2IHI89U5GF,0
JNEDNUV3NR,0
3745FVCV7O,0
VJA6FA4E57,0
QX85M12FC1,1
5408B4ERQ9,0
13O0JESYB4,1
IRDH66X9IR,0
O8T21LIWTO,0
8N9XTKI8E3,0
FT2CC4IBTT,0
NZVAP1ZHN4,0
LJ4JU3SRDM,0
ASADZIWNW7,0
2TTDKPONUJ,0
G40TS259V7,0
32PDHAEUPF,0
RW5DUNU9BK,0
GUBHTPUQFF,0
FRU7NY0TMS,0
YOGYDG49HS,0
72PERQS636,0
52KACVFS8A,0
VGRXX8VQKN,0
SETCD4VDYJ,0
XTLA88FDF1,0
R4CUCVOD05,0
GGRWOWWTBQ,0
CHRV40PM6J,0
BXMJKU2TCV,1
153D4AHGBI,0
XO17UIE5DD,0
B6AOFD5FIM,0
JNSMAFNEOB,0
RKDCUYQV21,0
PES3IRGW4Q,0
W3HSXO8IO8,0
T5TKDG8AFJ,0
BBCAEAC63D,0
O9MK773X3Z,0
6U6B84KZKD,0
MGRIKQYPPV,0
9G7XTJTD6J,0
EUZK8EFLKH,0
777IZ5JEF3,0
5A7JE8A5L7,0
TXKPS3SA5E,0
2DRZX372Q2,0
ATHVUTYAIO,0
QLYXVXM6AD,0
RMRMBC21S3,1
5FYOZF94CR,1
U994Y8NY8Q,0
0YU4P2XVZ1,0
LJD1TSBOHX,0
HGWXA46RLC,0
WQCS32GG05,0
MM6ITO23DU,0
Q5A42I3T2Y,0
L44KI1TGM5,0
DGMUG7NFHH,0
A749HYZ9HW,0
HVM71F962K,0
4K889X7IS6,0
NR2AQW1OZE,0
NELW3FCCLX,0
8SG1VOMA8M,0
EN94QLJ368,0
2XZ57PIBHJ,1
BJBXDMUMQ4,0
P8YQAW2J9T,0
IJO9XABBA8,0
N8T202ZQNA,0
SW5C7O4K5C,1
DKP4J4X2A1,0
JHSMMX4CLV,0
WOL6A7BBCT,0
76S7D07GU3,1
8KVD7LOP5L,0
6JD7THG2ME,0
JZ3SB154P2,0
CGUB6QRCNU,0
GBL1D1U0MR,0
BERM9D0O6B,0
DUW0XPCQ01,0
3EI88YAB8Z,0
8BZ3TYWFXM,0
QO21BGJFHW,0
ITC6FGJD17,0
2H3UEFI337,0
T6PSGVJCZ0,0
360SPPPFOJ,0
M043Q3CV6B,0
8GV4YDJFO3,0
ESIBLXW0U8,1
963TJAK4IN,0
LQP25RUT52,0
ONF4QBYUBM,0
I20UKCI602,0
9NOVQ5CB4T,0
B0I88QJUGP,0
C172MBGMW9,0
MNUC46V1OW,0
52Y9RVXJ0A,0
20C46GERG7,0
OO3S8DQ3LM,0
BHLDP1NFRX,0
CPGOEA4IB1,0
CSUKF6KYAH,0
1X2MHVMIXJ,0
N2AA1X4853,0
D13ZH1TZ5D,0
0OFUEQXZGG,0
X9MYM6OAT6,0
QB0CNFW5R5,0
27WCDQ0VV9,0
4F6ECR2GCL,0
74RNLVC5RV,0
VAIYUD4P00,0
R4JDRIGJGW,0
M4QZL23B9B,0
NNQZ3TJML2,0
56041RYGM8,0
CRJA41RI9F,0
FF99H2GX5Q,0
HR05ZJAOYZ,0
6BR91SSBXW,0
FC8M5FZHNO,0
VQ8XXKTMD8,0
80IPLQDLU5,0
ENBZCT23YJ,0
CT84YX2TNZ,0
P99GI9OGNY,0
IFYBRY9JVT,0
3H3OYM16UD,0
5382RLL8CQ,0
0YP58FF2KK,0
IW5D02ZD1C,0
51TXW3UXOU,0
CW6U3ZTJE7,1
7ZOMU6YGZM,0
K6FL1D23A6,0
7DC26ZU85K,0
B49TZJAQRM,0
QZLGLRGSS4,0
E6IXP3EA6F,0
RE71NRUPEC,0
W540J991Q2,0
FS9VV8A7CI,0
27LG3E7Z3I,0
QA26Q41GLF,0
J8ZSKUBMVY,0
F4XUGZ3XXO,0
C2L5GTT8EG,0
H0TIRZ0VN0,0
K64307EL0B,0
C5X4SN7QYS,0
KSISOTG1K1,1
5IU1LEYFBA,0
DOGAEXYGCJ,1
NP7UO0G2N2,0
QCTWGK3996,0
C346449TV1,0
BZVMNYX231,0
VG1SKR3YP0,0
74N0OOIPU1,0
JONRZ1OWPK,0
R8H98NBEES,0
Z3GCS5N0AQ,0
T87EWR8THM,0
EQ9FTWLDNY,0
2LSY03HIS6,0
QB1OAID2F0,0
NXJXPRCEI4,0
A5UQLP7786,1
CUS2L2W3W5,1
8VRCL925JU,0
6DRTLQX4IV,0
F1EDRDD4LI,0
EKLJH4RKT0,0
LZ7MRJQH28,0
ERFEBQV9Q9,0
34AU7Y89S1,0
NDGQKN3Z9X,0
A7MECPLMN6,0
H0VZB4PN60,0
JX735SWC6N,0
6S2FN1KS4T,0
UJ4A0OZCX9,0
3JWEUSMMDC,1
YHFZAGLMPA,0
X2EDKX1L0U,0
EF41AYHQEC,0
7V7COWWJQZ,1
FDR780E0L8,0
DPKIEM834T,0
I4H6ASDWMN,0
Y132UH6L26,0
D6GMUJHD5A,0
NHS9AQO74K,0
UQJRVFQK5R,0
A503DKOQ5Z,0
MPAKUBXHK5,0
MU4MV90FL5,0
UTCUPK8O1P,0
IL2TBWH9MP,0
18FAVF58MI,0
YL4U91V3M3,0
34QKBOHYPC,1
N36GIKN5RH,0
VEQMIS88KS,0
JJCRG8XTQ5,0
G9X0YMIKFG,1
9UO3VW2E78,0
L0JUZ4RKL1,0
PQBAS5FSZZ,0
JGRQS9MVFU,0
VOP6L500LK,0
4DJJBLKSF1,0
Z5GCZIAY2A,0
20Z6ERZXQW,0
AYOMWQWY0U,0
CBGG54QEF0,0
S6IAI5K3NU,0
APCXTI39QD,0
AKOHZZ5SZO,0
ETHMC21VLB,0
070BURRY41,0
EVZL8K4KH7,0
S2ZC84E3Z7,0
2VM02OJY2T,0
8NZ33TLSU0,0
NC85CRTFS4,0
R9VK6FQYWK,0
L1CFXKT0Q7,0
3H3KFUQYKC,0
YCM067JI8F,0
RMR056O8ZB,0
N403FMLTIB,0
G4XO038BNB,0
P81MCPSW00,0
73B8HN77TM,0
FKHGIMCZAE,0
X00SPWSJNG,0
6JP8I5E3VP,0
Q7SNP51V5C,0
QOEE4TG4OP,0
P7JLB7A6N1,0
BYFPC9RL9H,0
11WEALZC8C,0
9NVKFX0PG9,0
CJHIXCM0JN,0
QOH4H14BL2,0
FIT6VDHOAB,0
Y63S3F7C0N,0
GJ7N7WOKQS,0
EL8HPBHBD9,0
17V9FD1EAF,0
581EC7B3DC,0
WHFTFZ7BEA,0
XJJM1V2ZXP,1
UM4P7AHARO,0
PI3QT178GM,0
FVQERQY8ZB,0
M1FQ0G3FOB,0
765OX39YAE,0
QBGJNF8YK3,0
GNEH0UI52Z,0
EHI7KIMRDW,0
9XQS7FUKKU,0
N5V9JRO5D2,0
MVIT3QHEFF,1
VZCL6ZCTG8,0
9O4QJUW1H2,0
7VNA8DU4ZM,0
L3KF37Z605,0
61RSSMZGMD,1
EZRZR0ENRR,0
YMKGF3ZNLY,0
U51T44PEMH,0
A1KT3RIT00,0
ULP4UPIJT6,0
D2BISX3YCG,0
MI4VEJME8V,0
P9UL3N5CMN,0
MV02EEF84F,0
5MDXTR6MBI,0
IT00WOT5ZM,0
ZRX1HSIPQO,0
P7JSKPN50G,0
B0WJXXKOAC,0
4W3GR5EUG3,0
DV6STWKJJ6,0
Z9KWHA670A,0
25F8Y68D9N,0
D3AQ30DHWC,0
C7NKGMSK3T,0
ZLIM528O7O,0
SUB6E9OK63,0
O92DFUA12O,0
JXD91JLMO8,0
GC04ZLRRCX,0
M0JYYF4AJ5,0
PME8TIF8PU,0
DL4C6L1EEK,0
LFETMDRF1W,0
BRWLVOW7XT,0
LOL3CU3U18,0
GAGPEKL0OZ,0
SU5AX08LZA,0
NWPK1Q0D2Z,1
P702Z8S8E1,0
ZHFT292KWR,0
HKHGAC4247,0
FQD5FWBSSJ,0
HO4UC2GTJO,0
JWSKI7RNKV,0
CWDQANOVRY,0
MXN9M2OAQK,0
77IL1D1XOX,0
YEX4CKK1E9,0
YB8NDIA60V,1
8NZ0M14MI1,0
YAHRKZ87QY,0
I5VN8P9TBP,0
XMP9R1LKOF,0
AC4XELNCKM,0
MXP0W13EO2,0
7IJFGRMUN3,1
X37Y8ZQYL7,0
ROKCOORC4M,0
GUC7L4LSOQ,0
OZL16ZCR5T,0
DFZEM53E65,0
GG58I76ANM,0
JMIUGCWWPA,0
U0SPDJMD7Q,0
77FCO6BBQY,0
0YQH6SUN6F,0
C6UHGWJ5WP,0
8N2D9CT72A,0
YYRUZUKUOS,0
T1M0A8CRQ7,0
U3WKO24ZQ7,0
FLG5JZE4KH,0
ZNZ5H3NE83,0
ZGZCVYXX35,0
N7ZX6ZTR4M,0
SN3NNWQRC6,0
0FYUTE6DKC,0
G2BERO1VK2,0
T3KU9MKNF6,0
HIIIYVOCN8,0
X3I9AEHFKA,0
EZJ3Z1UL5F,0
7OMMD0I2IV,0
6DC03FXX5F,0
W60TGCO4WH,0
6OP0QOZ6IY,0
8JI6JEMO56,0
2CZG5QTR9V,0
BHGTNMWEXR,0
QZDKES4PKJ,0
UKQ97ZKKZ5,0
BBVH6ANYIW,1
F446OAWBVY,0
KQYKXE52ZP,0
ZJHLEDPCME,0
Q31ARU7EJ9,0
1U9HTR3H3R,0
LE42P70YAZ,0
VBXV2CSL4J,0
MNWMKCXT49,0
U5WG6F82YM,0
9ABAPKXZD0,0
N2Y9J7VYJV,0
INA4DPYOC7,0
R5MGTP6T5J,0
3ULACIJCH1,0
725JA94XBN,0
BGNXWCQCZZ,0
DQHRT91L8F,0
RZXWKHXWES,1
2P77NIYWSE,0
V1GOMJO2EC,0
Z1QTPTQ04W,0
9G4UDULD2M,0
6R90VU83SI,0
PG7S2Q48Z8,0
NFIGJJT4FA,0
1LW55YQ3X2,0
EUQ2FWTJF1,0
XVOL8VDZE3,0
WIOQ2QZR55,0
J1615WCU02,0
PYI6CDLVRE,0
4J51TTTAK9,0
Y9EKGVEZ8Y,0
04XOHM12FS,0
0ML6S9NL0Z,0
NSP9VHN9RF,0
MVC9ORVXGI,0
K8BGHSO53H,0
HV6BQ640SF,0
LIA40NC9IJ,0
DP8A6FFOK8,0
7NBG1UCTUK,0
YFRNSE960K,0
3K3Z68UFWY,0
F07XMFRJ0Y,0
OXV4EGO4PN,0
W9RZY28GT3,0
1194IXY0Q7,1
HEEZY7KTUJ,0
KS8EZN11J5,0
VI8X8ZPJD0,0
EK0911353S,0
BUDSITEEZA,0
QLS4M1W9ER,0
Y5E0IXWI31,0
CDN7REGTLI,0
Z4N3FX2OXA,0
VS5V2ACNM9,0
BADXLQ86E6,0
ZX1A7VC033,0
VV7GI53AVD,0
MJ9BCHZ5DY,0
AGFKMAI2ID,0
C5HB12VE3Y,0
PVQWMGY7V7,0
IA0T54KLCQ,0
176W32K43I,0
3IOSI2GS7B,0
PJSJJH1ZHQ,0
NXE1B8RXDU,0
0VDB30EDCT,1
939J5W1332,0
YB90DE4PJG,0
Z38NR8TB9Q,0
6LY60J590E,0
FNNIDFHLID,0
TBFV1U9PNT,0
59ZJQABJ1B,0
VQY6GZZ7KG,1
X3SUGPQQJB,0
GZPZHV9GNT,0
JR0PEITQO2,0
E70E150OHV,0
QC5HYZSFV9,0
Q3RI9YGJW0,0
JDBKDWKULV,0
QZ8SQSYYXU,0
RSOJFV441D,0
V136TEDNHX,0
M11GU5CHUF,0
DJ4FPS2JHJ,0
VXNMG2IQAG,0
4DNAJT88CD,0
DQOV1BW9MB,1
VLYMHM3DKX,0
LT5TG00MZ4,0
EZI103Y4DV,0
HNK54WEYWH,0
JHT62AJW8P,0
3V8DDEZ8RV,0
HXCTKQUQWE,0
SBUQV1JF5H,0
YMUXEZCQ4Y,0
YGZ1I9VME5,0
YGTLIJHEL3,0
8TKERFLAMT,0
VO53H98FWY,0
3M4Y8LJNCT,0
IP34BTGXID,0
5RS4YV8O90,0
4N8QXR4BO2,0
XCCZ6LUDA3,0
28P7SJ64Y7,0
AK4KRCHBQD,0
0WJH8MANK7,0
YNHK3ZZUOC,0
CR5S2I70FJ,0
VMK8S0Y8ZZ,0
0TX65P5IWJ,0
J7JAT4TXCR,0
IXFCI0Q4LF,0
L4ZZ8WZIEP,0
YMTHC2YOLM,0
8B0QNG241O,0
B8DI2UES1E,0
TL11J27BHX,0
BPK7XGKLS7,0
DL8SET6U92,0
460GSS2FOD,0
U2L1MD5QME,0
R58PN0PHYL,0
D0BYKCJH7I,0
O7316WRD00,0
QXVAEUW6LZ,0
ZI8342G8FO,0
58AIKEXRJO,0
H3U33C66EU,0
ZUEOAOVG4E,0
3ULAFEZJJR,0
64XKNWZS5F,0
W509DI4BLN,0
LY29O2UD4K,0
F27QEKZQQD,0
T5QCSXIGQ6,0
PHE0V38HHO,0
OTB5D5ABZ6,0
0TV8CD0P0R,0
XORDBF701U,0
JX0ASPFMCE,0
S4GJ8VA4CD,0
PQ6X3XQW0V,0
TD9U6OLCGY,0
HKGVID0TWP,0
X27KPHDUEJ,0
EJS3P1OVYP,0
I5RERDA9EK,0
1J6GL2N8PM,0
74LCGACZL5,0
NFSNICJZF0,1
QOBNZ5MURO,0
11E2VD8F8N,0
0PSH0SAIJR,0
PK0MTV7UZY,0
WL85IBULLJ,0
UERU0WJHEH,0
4T1722OM5V,0
64CLRMR2W9,0
4NFQWRW6ML,0
RMM7SSL1PR,0
2OHT6U9JHM,0
LUMO279RC8,0
PMPTVQDGLI,0
1N2TJVO6GJ,0
YQ00DFPVHO,0
95TYVSW1NG,0
PAZESQJUVT,0
FWTBYEHMZC,0
BA9QIG5Y1E,0
3J275JPW42,0
AON08LIKX0,0
ZCKK4YAL4Z,0
HA73WX2AEE,1
UPGRP5DXZ3,1
P8PK57N3J5,0
GWUQEM7ON5,0
4BUSXN4Z11,0
2HM797JIYR,0
URXGTTC4U8,0
6PKD1YMUTX,0
FA3V1SNE5X,0
9MCRIZZN3F,0
SS9EIUFBMU,0
1OQ59IHI7R,0
6PUQKRAQJ1,0
58L7JCWXZM,0
F5HK9F14MQ,0
ON0Q42CZAI,0
SVEWBKTNUU,0
84DWJWVXER,0
OKD2TGEZ7T,0
B4ZGLLXMXL,0
VGZIHBPZ3B,0
KDAZHA7MIE,0
YMDPW21E69,0
AO4DJX2LQ0,1
HSLOVSZ2IB,0
C35B835S92,0
Q2TA36M2ZH,0
HYQGJVO54F,0
FBIU37KFRU,0
S9ARU5HS2E,0
ZAOTQPR2Q9,0
P35RH94A3L,0
RMVM75UE8X,0
KFPKOHM37Z,0
D8KP8CDRZ0,0
77AAI1XRSL,0
NMW38HDSTN,0
QY11OS6BDE,0
5F8B89RWVT,0
7P4ABLLVGU,0
IRTSOAXM1U,0
FF4WIZJZQX,0
GFXLSP4T74,0
GQZD0U3RSV,0
TCXOF1Y799,0
V3DFP9SHNH,0
9YUENB3AL0,0
R27F1FVAY1,0
QTMUKSRUC6,0
98S0IEBA6C,0
2HB6TPVCGS,0
ACAO6LF8QP,0
O2ZFSMAAPR,0
YI5HBXJACV,0
4FEBWW63VS,0
TNF7N9998B,0
JYZYOEAMLN,0
A81C0SUXTA,0
J1LJZ8T6Z1,0
1UTXT3QFFC,0
U4SL0Z5TVR,0
W7GUUI0XAK,0
GOWOI3DHVT,0
YCOFQ5KSBK,0
7V7HAN0M9T,0
XQXL0P26LA,0
QM8TRUJD25,0
ILEPD5536S,0
2J7L8KWV1R,0
2E1T5DJU9N,0
W4063PP3HF,1
90QQG9TOCM,0
SXNNLYG147,0
CWD7DMAQF6,0
TC3HE2CQXC,0
K9TRHEN63L,0
LL3L4X263E,1
0HC50ANP3R,0
W8PCEL9YU1,0
MHTPZLS7Z1,0
ARTR5GZTY3,0
OXOZKKDGHV,1
VVRBQ5FEEC,0
NC43IQJBQC,0
Q91OVVU06K,0
AL0FBYLM0H,0
OPZARZ4R20,0
3FCIH8EDBL,1
BEKQ57U47E,0
DM9N2VXOQP,0
CSV8HT7RN1,0
ITONQL0RZZ,1
67MXH3A511,0
8B2MSWV7BI,0
S025UXJFDM,0
SCKSZ8HGVD,0
PAI11NDKOE,0
90USNWR3VP,0
A6NZUG8RGT,0
8PKXATTWML,0
APXHOGIB6F,0
JC3I43AIOZ,0
Q4MZKZTTV9,0
JKNXV8S891,0
2HPQ0ZT8EG,0
XC0E4JXVU0,0
R6TKSGBEQR,0
4I5JWYY02N,0
UQUVR3Y8XO,0
86TB1BN0J1,0
HR1JDXSSZ1,0
9I5988L3OV,0
MDRRBK47W6,1
MBQ9J126NG,0
2P1VXI4L2B,0
S25M74UQXY,0
IPSGLVULJD,0
RFOIVX58GW,0
UNIG80MPJ2,0
2JQUZ06QBI,0
7L507BWPRP,0
FFYT7VTZAI,0
WR2J31L8L4,0
IMR9SG2ZNF,0
6SNS69QCV5,0
DAC0ZYZ54I,0
FV071QNAI7,0
A2ASNF02J1,0
9O4A12LCON,0
XA2TSOENLB,0
N7L0WHLELH,0
AZ9MXYBS8A,0
5GDGDEA13R,0
PDK4AGB00U,0
5G87S07CTI,1
I2MKRO0AJ8,0
KLJLRGF7B3,0
RCQEEZYJQB,0
FS65NAIDWI,0
66M46WQ4SQ,0
ZQDI5Q74S8,0
JO08OIV6FR,0
5UGPGZSHSY,0
GD8IJ4VQRV,0
HM9I86LRS6,0
5ZOMY9RFHN,0
7TGYVZJA86,1
FFNWOKHXXY,0
K7XENQSWM3,0
O2NO7WQ7ZH,0
XCH3OALATB,1
2E2Q09YPA3,0
D9GA1QGBW6,0
1D2437TUUD,0
S19MOUUHED,0
RMNND3K79B,0
GQF94Q53I9,0
GXH1RV5I3H,0
JP3I9Z9PWA,0
JTCG7X9EC2,0
24GF86315E,1
MPBE1RU9NE,0
7DKO9RI68H,0
ZZ3LIJYTJU,0
725E2ZGO0K,0
D10EXJPOSG,0
9RIPZ6VN6I,0
C9Z49AEQ3M,0
DDAS9FLLSW,0
OTEOI82Z3Z,0
21DUTEC4DK,0
J2FE76ZHZ1,0
EYI9VMGYXM,0
JGFR76N3D8,0
L09NADWLY6,0
Y7ES034LIH,0
MCJQ3F4WD4,0
DT2Z4ZHI9X,0
VPVWWYDFEW,0
DE1KF1WYJO,0
1D7TJGKLQ5,0
HMYSNZ0XZK,0
LR22D291R7,0
4VQGTQCJPN,0
S461SLRY4U,0
M5MDQGCP13,0
N2OGQG2IM9,0
23960AVL6A,0
IW5H61S6XK,0
MQQ7ZVQ0TZ,0
OAX9ESWS0C,0
ELS2X5DDL0,0
24JFIT4SDG,0
G04PDLNQI2,0
XFUPYE3H4D,0
6330YTAM89,0
2JLZCQKGHS,0
SBIVG9INBB,0
71687MX6HT,0
RHJD6YH8DJ,1
ON56KYALQS,0
AJVQDAPHVT,0
1EM65UAWG4,1
NELP0193EY,0
4BI99W6S63,0
93EULR547Q,0
ZSTYRAUXYT,0
FOS1NYCPPJ,1
5CEF4WCII7,0
4732I0XACL,1
UD75FB5ZCM,0
YK57IIN90N,1
XN7OLM8PHU,0
0XRCXVKCY7,0
U8LRC3FUZL,0
Y0BEQYVMZL,0
7YS8QGKB3V,0
XDLLIQ474B,0
67DGEP8MWQ,0
W4TGWVKUNL,0
R9K6EGH4IJ,0
D6YW2FOK2K,0
NS09JU298C,0
AHCHPWDC3X,0
65SUD5ZDY5,0
1WP8HPW9MU,0
O715BUDYA8,0
AUHBW03MXZ,0
LLDZ5US6U8,0
TDDTER46HI,0
L5X8EZE6YT,0
MKUY3WAJFX,0
T0P4BCD13L,0
XIQLEEEOSQ,0
DHT7N62QVM,0
XHIJX7229V,0
ARVXOVPKB8,0
XDA1VIN53H,0
JGK8PZ1867,0
OHSKYZ6TLY,0
9MY8SG3JJF,0
NKZ5FGOD47,0
549AFUX3HC,0
4OMIO4X30Q,0
RA45UXBEP1,0
KDHZKP8CTB,0
SJGPA6SYUF,0
WC1O56ALAG,0
5025H8DL11,0
CW8R04XDNG,0
JHR6E7UQ6N,0
4SRQ70WNYF,0
EJ5737EHY5,0
AJVV8UEZES,0
WDFZEAZ7RF,0
35OA1OGJM9,1
JZDV9UNVL3,0
0757NB16HR,0
XRZY0VNANU,0
ULG379NNAK,0
IIF842VU6M,0
INXMTEZ1ZD,0
TM27YZ33G8,0
PTEKJSOX4F,0
ET4FP4CYN3,0
1BCWVRQG9L,0
CMLA1G2V48,0
9F34OXH9NJ,0
PYPZ2ELZB0,0
G6KEPK9OZF,0
C2Q90YM4KU,0
40PWCHSTCW,0
MYSR6VTYWQ,0
A3D7BTYXU9,0
WMBP48LJXU,1
56BRZMX5DW,1
M470W3BKU7,0
2JLX3XVVGA,0
IW96FRJSPV,0
93VWQ1XXBL,0
9VLF1L4EK2,0
SCLFBT50GA,0
KWS9378WN2,0
T6V7SBAM92,0
1T1IN4IKU8,0
20MP3TSUR3,0
KTB66OIEGP,0
PYTKFTLRFQ,0
396P3860X0,0
CO91884CAH,0
YCRIQ4D7BN,0
FRA4KJS7XP,0
8HH7YF02U9,0
T625NE994M,0
94NHYWWFEA,1
5EV4UV0VYP,0
8LO6NDS83X,0
IU6W1GTUNX,1
KWXM0QG5H1,0
EH91JK6K7O,0
524X94G991,0
YKEKODVA8V,0
02WFLEXLQN,0
C32T7LN5UW,0
NRDB4FC7HQ,0
8ZYWGBYE89,1
CSBYC5PBNM,0
DVDABQ0905,0
KFGGTEKCW5,0
2HQJSS1P3T,0
785M2NND07,0
8FL6F1S7VS,0
GODLI7JU5U,0
DMUXG9ZZZ4,0
YRY1TH9RXG,0
LTSM7G0MYC,0
DL3ACJX7FU,0
C4B61HY79F,0
6ITNHKJRHI,0
ZWDHG8NILB,0
SZN7VHAKQZ,0
RKTOM4JML3,0
V0W3HHGW0P,0
Z0R3DQVY0X,1
K5FPBHOC1P,1
U3MB4PS2MT,0
2I192ASERX,0
V8C4YYIFF2,0
KXL84FKDE4,0
GHLZ4V6AVZ,1
D8S16LAGG4,0
0QX58ZN0I7,0
L1BMC4N3IU,0
K39EVGI4LI,0
ZMC8JF14JB,0
67GFXWEIKH,0
YWV0CCF3QG,0
DNIOVDSYQ0,0
YGDNAPOVLW,0
GR5D3P0NA9,0
RMY218EKJF,0
MP5VVSK8ZF,0
2WMYSAV9T5,0
II9KW6M9KT,0
7T1KMM9LAI,1
YTO1MY9A6E,0
IMK9J0N1RT,0
EPL76MVBNE,0
J02A9CIFXU,0
V12E1E94W3,0
QJWMX6J7A2,0
TJ0HSO3IJX,0
RDWQV7H589,0
46F0WV7VM8,0
BRYYCIGA44,0
1HY0O2CAIE,0
Q63CLTW54K,0
U59J1YBVI1,0
2GOE8TYQC2,1
1CF2Y7RI8B,0
J0V28A81FL,0
UOI8Z13XKB,0
BQ4ZMMW3HN,0
YDKN6ANQMA,0
89J07FQDHA,0
1UBZYR3VU2,0
Q5DHU53WQD,0
7COU47M5R0,0
C1BMLUKO4W,0
EF86USWXLB,0
QYAHXXEYYI,0
RPRS2NY08L,0
F04YFKU0JV,0
50MR0FJNWE,0
D5EUI2GWXB,0
PCN541YKDK,0
WC5FUWEZD3,0
ZQJY4LL62H,0
IUF7CJTYC5,0
Y43X6715BW,0
PRZU7040YQ,0
5I534URHWS,1
9VR6R0HI7E,0
9DI1IOCL0B,0
2NB06SZUYH,0
L4L441PG6Q,0
74RC6M6Q67,0
NNW2MOYCAI,0
LDCC8HYDJK,1
1XJUXLCUID,0
671213TYAK,0
97WZSM4FID,0
227SOSI97C,0
7RV2DLNT81,0
Q40WLX3R1M,0
YFQ02ZK48N,0
NEMPNHZPGU,0
T0Z0Q55RUG,0
YLPFSOON6Y,0
GA09STVRAG,0
I7EIEITRKM,0
97KYC1KDKY,0
MM8EW3GC06,0
BLQT9GL66K,0
I9VYCCNX7L,0
60NFUYJKIE,0
VQR969AA47,0
IBK7IUGGPV,0
RW31Y5APHL,0
RL2J1C121U,0
DKL9VKZJIO,0
O6OYVP62OP,0
VTWKQX4LCI,0
2CI1A8I2LA,0
8L7OWGBNUP,1
CJKO9QH7FB,0
CC20QSLV06,1
ZSA37OKIXL,0
OU0C02TCHN,0
LABTHYOVDK,0
N7U4Z9TFP1,1
L8P98CX6K8,0
ULOY9HTH5C,0
DCBI1QVQ5E,0
MA8WHIT81S,0
I88YVUQKA8,0
ETDH8ZE1KR,0
S4NK4NEJBW,0
PCR5U8HWIE,0
48MVIXKPCF,0
JF253KCSJV,0
13ZCEUV8SC,0
HKZ07H3YTT,0
OUOBIKUORX,0
TMLMM43FGP,0
ADLZANNUKD,0
X60LBJD234,0
Q5340GNP0F,0
WWD7ON84DF,0
M7IEDBTAIJ,0
HCTQVRIRZT,0
SV1KQJZSM1,0
IMZFMA1BKI,0
EJFZ8G9UX1,0
Y3RQ8HZ9DY,0
WOO1QFDYPY,0
3UOUZDCB68,0
1DKYPL2OU5,0
RNHGBV8GTO,0
7XEGGBYF29,0
N17MR4YL67,0
YP4JCP5VAF,1
BMF1QUWENY,0
J808ES879E,0
AVX56HWS05,0
K46NIN1R8T,0
ABUBVQP1C3,0
3JK504IJ57,0
8OD58UCFDS,0
8MBAK0W3UF,0
QQY50H9ZDL,0
66Z7A3HIZ6,0
Q63TSXRDCG,0
9338PHER6M,0
T2X0VI3LHQ,0
XIS9AOC26A,0
PNZ1DQZOBZ,0
M6BWQ9XCF8,0
EAJ41PSHXZ,0
UDPOZBHY3H,0
TK41PDXMGY,0
KPT4BH7LND,0
7HPOJXZ6VN,0
A378MTFLK0,0
RHNSAKI7BQ,0
DDDSEFGLU3,0
C8M1ASCPWT,0
FOQESG4OU6,0
SPFGX3EO5K,0
PCXUP28JM8,0
PLUZSJ69LB,0
YFLVUHX59C,0
48SPSHI51V,0
RO1AANSD4Q,0
XFBAPPPN6O,0
8Y5M8YMUCS,0
NPAOW9VSX1,0
1C7E6G52R5,0
FKY3CAWR75,0
TP8R3R9S27,0
ARDBNC1282,1
OUO7N9PWTY,0
CFP6O7HJUS,0
CACBPX89XM,0
S8EKHY5CX9,0
UHCC06NYAR,0
FHSNTS1N9Y,0
N3215JPU5D,0
4TCE24X4QE,0
QDQKJWAQEL,0
LIG54B53TN,0
NWY4IXMNCK,0
Q047TSVI7Q,0
M46YLMZ8IG,0
BMSG15KCPG,0
KGNHWSOSQ0,0
NNZEPTN5JP,0
BM559CHYIJ,0
800ATLT3L4,0
769U41I5K1,0
IWY84XER87,0
BGXRQSJQLS,0
DKQ1TEQMRM,0
FCZK2C7NK0,1
HRMZ0Q7QH4,0
AFE97TVG6W,0
LIWXZL136P,0
IDP0T2TCTX,0
N5L3TW5OD4,0
V5FJRMDW9R,0
KIT2ONFQFC,1
I8D1WTW0I6,0
QZZCXCFD2A,0
6ZAUZ0PW24,0
66Q9SV74K1,0
T5C5F7QZDH,1
MFLS9ABDMO,0
CQVRKPWYX9,0
GKKHDDBKOM,0
D5CUFUU1XR,0
1EJE4I5XJO,0
FYOOYM6SCI,0
GG86D495XU,0
E1EC37C3HZ,0
0Z33HDMLY7,0
2MFP7VXYQ1,0
KQV9JMV63R,0
MZW2F8ALN7,0
52UQJ1HSHU,0
7L2XYUW9QQ,0
G3Q683L19T,0
QR6PHB2TIJ,0
G2CJULEZOR,0
52AJV53H66,0
59VOMYP7YX,0
3V81UNRW3Q,0
6FYEOSRZ3C,0
SW2QQ04ESV,0
XXQ3Y5LQM8,0
U0DECPXCMU,0
BMFLKZ3VWJ,0
Q09QPCP1YA,0
A5JYVIMIV7,0
X53C607J2X,1
X2G94509UN,0
8DQIJDXE7P,0
RQXE3SZA72,0
NCAWT1NDP2,0
AKEKMZ01LK,0
LWT45DUXX2,0
O6LJQ57MH1,1
67BSQB4GFL,0
KFT4PZWXN1,0
A0G7ZG6YGP,1
P4TFXW7TGQ,0
92TNKRMU3W,0
IC3AODE3S3,0
GJ8GYFVSCB,0
ZA742RO7XV,0
4D97MET8ZG,0
EPS1WS24WL,0
TF0VFQBV4A,0
CGG48DMGVH,0
SXUQ30K1AT,0
46P5G0VTYA,0
XHFIC1UD7V,0
EB4F4NVTQH,0
FNWFH96JJM,0
WTY512ABDD,0
R8NPON2XRC,0
50GBHT48EP,0
FZJ83MMDWN,0
XXGVLSBWMJ,0
75NGWA4EEJ,0
6M5UMMGTFM,0
RIM4P7ZJUO,0
3HUL6GD0O2,1
N7MB732IZS,0
D5Y2M27LGR,0
PFS8FPO7Z4,0
YXF6QXYI8Y,0
11AU2DBXRE,0
HJEAYDSY10,0
M1RZ0ZAS1I,0
5YIYSOY86S,0
CCKDKNXPR1,0
19JTE0WVAE,0
38L3NH9ZBM,0
G5IWEF5CBS,0
FL9TFGOPMP,0
BLI072DRLU,0
6EP2G4RO3I,0
RDXZV5QOBF,1
0ECKVEMT7D,0
IXF3NLIO61,0
65WBBJCM4Q,0
4RXRZ008GZ,1
XZK8VKSW6Z,0
RJA2KGSJ3V,0
5RB3NJOAR6,1
CHQF9214U1,0
YD4182OZED,0
92BWVN6LZE,0
O1GTHCD3Q6,0
KQNQO8USEC,0
FPZGR0OG86,0
6AWTXN2QB9,0
FA0JB8GNQX,0
8M4P7VRRA9,0
R6RCD3QVZM,0
TL4TV4NIQS,0
MDS9HSEBUL,0
K2B7BI1EHJ,0
404ET6BPX6,0
IFW9TUL92C,0
E8NT3XBNO6,0
6N668XLZ7X,0
E3CWG93LQP,0
0RC4KYHOA5,1
P1EXM5COH7,0
4UM5WI1JNC,0
6011AJ17CP,0
NOQQJIMEEC,0
TMO6GLOKL6,0
5ERN4FBFWD,0
Y4OHAML6G3,0
T9WU4SUBM1,0
STOT0JP3P6,0
QNBJQAQMQ8,0
HXMR3L4TQI,0
CBBG9AEWGY,0
HZWI71AE2U,0
PN1BM11YUI,0
1T8J0QQ9UE,0
1AKGDY9C63,0
XXR8QRWDGC,0
TJ2CGK5Y63,0
ZVP5KH75LF,0
8UUX6AU613,1
PUTDFA84K2,0
AKYINNLKKS,0
K7NV4JANQ4,0
YPNDF4NBV0,0
XKWHKJH15C,0
LR61RNI1FZ,0
EBUB2GVCPY,0
VUZ11WOVL4,0
N0ITWMGOR1,0
CR2ZNKKRWP,0
KZ2ELS5K23,0
0S9ZVMMMUQ,0
BTBTX1XH5M,0
HGWIQEJSTC,0
EP06G71TAT,1
SGCP20SEDF,0
OFC5AC2NIQ,1
9GWUK8ANY2,0
UTTZXWIRA9,0
WAVX1BLMQU,1
B2MB4EV7TS,0
1KAOGZ05ZC,0
UVVRJWFRMA,0
QO9OJUO7NP,0
NP4NBJWAHL,0
4RZJRFSQVE,0
PVA1FG7UIV,0
96OJPNTF8L,0
IWNYY5YBO4,1
F72L0VFA8U,0
UAS30UU7I4,0
3H3HBXEQTT,0
LJ4HMSHQE9,0
AXTPW257EP,0
5D36WBR1TK,0
VR3HSCC8Y2,0
XTSGZ4XRWN,0
1YRWMXYRRQ,0
KRB659PVM4,0
993H3RPLD2,0
KJIZ68CXG8,0
I60Q5DP8ZF,0
E2EBWU85J7,0
4FAEKZJLKL,0
74PM941VYZ,0
50ZCJUDU5T,0
38YJ766EU2,0
PESOEKO5C2,0
0CC5U8H1GF,0
X9EQL0F08B,0
FM0772VY40,0
OWZ5Y59RZ8,1
ZJAQYYAXRW,0
SQVANXK8PR,0
9F0TCP2LYM,0
8NQ3LJPMM1,0
W6I15SXWYJ,0
KLZCC7LE7R,0
SR4CDNRSSJ,0
8B03RGC2ZG,0
WT48YYP4GC,0
MC3F0UK218,0
ADPWRLV725,0
6ZN8XFTFVY,0
C7VQE932BD,0
2HSOOTUWDK,0
HY3LZWMP0X,0
LVIEW2YP4U,0
ASRY19448O,0
NFNJNUQ7U6,0
92HX1HRQZZ,0
VUGVMP4GK5,1
8ABSIK0IKR,0
8D8MJA7611,0
34REAXTHUT,0
T0RUPFHSSU,0
0TU1FASKUZ,0
TFXES4FHGZ,0
S4P7EBTZVS,0
IC1Y0A727X,0
CQLGW4CJB4,0
1MVY5AOWPD,0
AUGYU9UZDN,1
XENRPKLJ7D,0
SKUXP5Q3QW,0
MRD0S6B14C,0
99UWMVZ32A,0
R6CHH6F46K,0
JXN7FN43SZ,0
73PHK6SO5F,0
LMITS07GKI,0
SGU35S882X,0
NJ2UZ4QTFM,0
8DGJB8O9SA,0
6YGBZXBFK7,1
JDQB32E76W,0
MOCVL4FM86,0
5982I00FHR,0
JAS19PNAEL,0
BJL6UVWTPQ,0
MCYZ8DDYF7,0
07TKQ2272G,0
LWJV6BUWNH,0
GHBCCESX6F,0
40M61XT9DD,0
UY335KBF5Z,1
N5ES46PF38,0
IMP8FK7XRX,0
QWNB6ZWQGL,1
Z1FGD25N2O,0
NMQLLGJ5GH,0
QF6EAZ8K34,0
VQDW7W14MH,0
TIJYF9Q2ID,0
M5YXT5BX9J,0
45LOGHV1AZ,0
EYLVULAH1Q,0
H3XA9QDEOI,0
1NEMD196AC,0
NOX88X6FQ6,0
KL47D4UIUD,0
NMXT0R385I,0
Y5PDH6R72H,0
PYXOOXIYNW,1
7OWWATIY1X,0
05R3BDPC91,0
GS1JHX2MS9,0
GHMSCGPALI,0
II8OQIWRD7,0
Z7ODI32LH2,0
LYIJLVTH7M,0
6M1MN7LV51,0
OPSTKKWJ3U,0
7Y67ZPNQMB,0
9VWF80C2VT,0
GIT5F7JI17,0
GA8S3ATXPM,0
YJ5EP6ZDYJ,0
5WVUJT1ZIX,1
8ZDTEF1FBI,0
Z6DTT6LQNL,0
3Q4WQKP8PY,0
FLGW6O6RAQ,0
V9KY15AEY2,0
MF9EBDP530,0
JAY8XV41WE,0
KZGPNJQ1LB,0
ZNUAH2ZFSL,0
O57MMSBHG5,0
KUKEI71T9A,0
O9T6S2AIB6,0
M0VE6HG74I,0
45ZFLT6YOM,0
8RPDG2VRNN,0
IRHG23UH9X,0
4AR6FGPH9Q,0
JPHYUBGZ1L,0
MW5S3P09PH,0
216SM5CL82,0
S55DN9683U,0
PC4NOA936R,0
9UW8SR02ML,0
VIN98D9A9Y,0
J9H9AYWYBO,0
GNF5JUS523,0
1D7EHZLUC5,0
T7LP2WHFH2,0
2GM8CC0F63,0
NE30M12GOT,0
1JUK70M6MY,0
W1WZ9A6JB0,0
4DD5QP7FWI,0
Q3LK7GZVGV,0
94FRKPETDR,0
FW0ZUUQ17W,0
TQX9TBBU9A,0
SPG47R6KPV,0
3HO1232K9B,0
BR0CUF8Y7N,0
2FSX0OHKQ1,0
JS07VCR9UO,0
TXG18ULD8L,0
64XLRJR62V,0
SIZ0ZATLD7,0
W487LVNFYY,0
MY2HVYR3OP,0
MK98AUA3D8,0
C5UFW0FD1F,0
TJ9ZMMZ5DD,0
6NTZOUERWT,0
GBKSOKXE0W,0
HBQ3PCWX29,0
HXEB9389S8,0
ZJ3A8DWXW2,0
VBEF3R8GAW,0
R25EJYOP1I,0
S5IGQ78FBN,0
ETUZHOFXQE,0
02537EW4B2,0
HNZICKCQNR,0
L7WF5PQITU,1
YN8QO38DSQ,0
NLNNK2OIYY,0
BRV097QY17,0
R9STKUEMP6,0
4KAFA5CUWQ,0
L2HCY7JE33,0
06Y36WUVJ9,0
U9I9IHIYFA,1
LSCDTAWPHO,0
ZDY5783GQK,1
Z9VJ4PLUGE,0
PDHU30IFL1,0
2ETV9MEKCQ,0
3UPI30FMB7,0
AHJSWNCL1L,0
NE3WE7FZVT,0
BO9NC4WCXB,0
QYYE1NNSHF,0
TQPSCCBSYS,0
DALCA665RC,0
QPTSJW860U,0
YT9C2KKMT3,0
64ZXUU1EZO,0
K39VUUSXBH,0
4N8TH8Z0I7,0
LE8859L4V4,0
072K1CMAML,0
BSG38IYMVJ,0
VQBRTX6H4B,0
PP4NY3XK0O,0
7ZMZENOZ9N,0
JLEUUQA8SE,0
DDDO8NCI3B,0
QU3XDH0Y9Q,0
N7HQ8ET9V1,0
25CFP7X5IW,0
9CSQSFM3NG,0
4JC1RE4XJ8,0
9I81ECOGHL,0
AVY2OII2UZ,0
2215W85LDO,0
KL92WUK73M,0
9YBYY3L0IB,0
C97P6C7WZR,1
E940L1CBAU,0
BUWC5Y6E3P,0
7JFEWGCB05,1
H35FZOQ3D3,0
0G6JWEZHN6,0
VRJB516VVN,0
1L4QKA0LUU,0
SL3477F07T,0
Q210ZOP2SQ,0
JAEMN71L8V,0
B0NZOPUX1H,0
0DENS6J1DG,1
OM2B31ZEUW,0
SIXU25JIKE,0
S584HV8173,0
XDCK0DENWU,0
ZFZ0FE5GF4,0
PZ0MACSQH5,0
7USIRQYIHF,0
7TQRSGG87V,1
IY2C2T4W2N,0
FNE6KSAWIL,0
R23Q1UFN5Q,0
KVW06C4FNF,0
AW3F4T1F7U,0
WH6R9406LL,0
L6G8XFLONL,0
QKBEB980SM,0
F5NPZ67HLQ,0
JDMD5SHINV,0
ZFNS3RYLD5,0
S2WHJZ0Y3F,1
8V672FAPF9,0
97TAS3YJRA,0
S1LALJJ468,0
4TIMU29UD6,0
7E2I5VCU7O,0
M7ZVIVMJ2M,0
U5RDAZGARK,0
LFWAR5J1RD,0
3P7KS3MUF1,0
MYPHDL6QLE,0
JLJEX5P3H8,0
W0XL12ELNG,0
KEJCI9XBUJ,0
PU81FVXP7H,0
KH2X25X30U,0
FFDMX73FO8,0
7QL9ACVNQP,0
C6NHC2CN2V,1
SD0UNAZ0IV,0
K6GLFO15IF,0
0899NV3QOU,1
9DWB2LE74M,0
TS1H0B8E3O,0
NQL9QFQUIG,0
0VW4M06U35,0
FYXTROC20J,0
84V9I0KMWD,0
32TUPB6KJB,0
RIPKWC9F08,0
DW9YH6N2JO,0
RM8TSOF6SR,0
EQVIGFKCZC,0
LFTKFCIIX5,0
BAYY7O1DVN,0
L0UNCH89QE,0
EJ5PAXUKNV,1
Y10D7AUI56,0
8YL7RW6IEW,0
E3KUIM8IOZ,0
8WMQ8TNADB,0
GW4YCSCICG,0
SZK6J1ZOEG,0
KIJKFAYQT8,0
KM4T5FRVU5,0
NCWGQ02LDZ,0
ZLX5FTFSP4,1
M9M7C139JY,0
WLKW7NXMWY,0
ZUFMSQFQH0,0
JRZPYY3JQF,0
JGG7XBH63H,0
E8B0RI5KFJ,0
0XV8EDF8CY,0
P5AZS6CEMH,0
XQASUAWPES,0
OBJNNLYVQL,0
EJV8XG0P5N,1
EXAKD9SCEU,0
INSYRYAPN8,0
XJFMQK4PS7,0
0PJA2JLZKA,0
F6V3P6S6W8,0
KE47FDJWWK,0
QHWQXLT4HN,0
60Y5L8CF2U,1
QQEOVLYENT,0
8ITWC3RAX4,0
WHT1QFSDSE,0
GK2VSMPWD4,0
0RWPY4BOKL,0
MQ2NF0PGPN,0
X7VA8VEDO8,0
1ME4FD3Q18,0
BQRC33AS5J,0
KTRI65N5IQ,0
PI0DVWOY4K,0
OJ363XN59E,0
YO4MVBH9Z5,0
A5XY8F54GM,1
DLL0CNIRHR,0
HJLHIRCA5S,0
2JCVXIAIDC,0
5TVF0AK9SC,0
0KT2O331DU,0
ENOZTB4BWQ,0
HWC0NV2OQB,0
NS0XV7PTZE,0
XGAJJ1517S,0
KPVAZ384XR,0
JMUZGIKB01,0
47USL1GWW9,0
WHP8TGW9YR,0
GPGSUQOKZ1,1
OP7G5R7DY9,0
CL67JSTJV9,0
UEUGHLDCXS,0
E69SZG1TM3,0
S5FOFSA4JX,0
RE2JXCFOSV,1
M19U5RAAPL,0
1JU2P0EKAX,0
MJBHEIBC0X,0
0CW24HL815,0
UGGP4K1URS,0
LXYBN6HXB2,0
N8YE6YFKVI,0
RZU0WQTJ24,0
18N7Y0JJ2Q,0
UKANRJBY7U,0
Y58ZO0719U,0
U5B3V1751U,0
M0CAEB03KO,0
QXMLMFQMYP,0
VB5Q1HZEC0,0
O7YXP0A09Z,0
AH9F93FQUD,0
5K3RFUUT1Q,1
3YVWQD0SUP,0
G3SHQGEJNM,0
U6UD0IA384,0
54N1659G61,0
SI2WO0UU8T,0
WW21BCEY62,0
GTP7G154RQ,0
M7G9U5NQ4C,0
NOKF4T9A56,0
CRXQJT9TKE,0
WK2255KG95,0
U305JQN4GA,0
SFRAKID8OI,1
NX3S69EYPH,0
AABEJPLPOC,0
YPAFQB8U6M,0
ZH04FN8S9Y,0
DU3GDR431K,0
ZI3QHR38PK,0
NMULGW8QD1,0
27IUSWZBJE,0
9IQPS310HA,0
004DFZ9LLG,0
8D5UYZKWS0,0
ESM3U3HG9P,0
HNYA4RLKU3,0
MHTRZ0KD4C,0
I858WT7D8H,1
MXEVHNAWIZ,0
V4EQZR0MVG,0
J8BPU1QVJT,0
Z8YJZ2CT8X,0
OF2S2OSWH9,0
5R6IJFCF13,0
9SBUT7G4W9,0
VRA8DOPR19,0
1TLDT30RYU,0
X31PMLCDMD,0
JYFZJY1SXX,0
Y2GCPXSLO4,0
O93HH3E4CK,0
KK0JNELUS1,0
1O7541TFKH,0
05EIKACWI9,0
FEW2B43J23,0
K4Y8U4N6IT,0
QBZ4J43KF1,0
48K6IKPX2D,0
FIRK8RH2UB,0
WJ910UBIHM,0
F6Q0WYLE60,0
Q3IUCWCYXO,0
TIUJNOM4OI,0
QGED24PTY7,0
NKSBXODXMV,0
E8S69WYJE7,0
MX0JOWEOG8,0
772BECE0K8,0
M01EVB17U4,0
YGA1B0RGYT,0
LFQQS78XBD,0
VDY26J4LW8,0
LK2T274U4L,0
86Y4F9L1ZJ,0
V6569MB52L,0
ZDZB18YM2R,0
XLF2UVQZWE,0
KAR2NKC398,0
39JNN6Y9C8,0
YIB3XV2UPF,0
7KUX2LUYL2,0
2IQ1XD3X3C,0
NAO2T5LZKO,0
22IXBV15CX,0
N3DSB1QXZI,0
KJU219PRC4,0
RND1SNAXKU,0
LKK20QUYK6,0
4S8258VJBO,0
1E6ICG93N2,0
GK3ETWKDUJ,0
GSXAC8RZAB,0
THM2K9V3JV,0
DOLW1DNZ4X,0
10Z69UZ879,0
4MJ6OV7YHT,0
VA7B7KKKQU,0
BYE5XYG6A6,0
L2DRUXOKSW,0
ICR94J9AAE,0
5ZL538LEUS,0
O64AYF1XXO,0
8NHT1DT6KM,0
ASYK4GNSRP,0
2KNO1N6KI0,1
XGC0T02UZO,0
E1J757XRHT,0
JQV0ZEER91,0
ABVIKXEBKN,0
5VKSE612KG,0
992W9IYTB6,0
GXBBDOL7F0,0
1EJU8WGC43,0
36AF03V88X,0
C16HJX0HN3,0
WWN5ZJ0JMA,0
QHBXGW7KY9,0
9QL9E2CGMK,0
KTUTNNHQ64,0
DKE3JA8UNA,0
GL1NA0WRYO,0
MIO5X22MY4,0
EFEFBPK362,0
KY903I3OW7,0
PKS485638C,0
8AS48VGIU6,0
P01P6425G0,0
U67H5C6WQJ,0
NZMQXIPODM,0
6GFV60HCLX,0
A66TMPBSLU,0
NGICYAFZZ8,0
HTWEYXOWB8,0
9V3P9HJXTQ,0
2VU69DMK0C,0
AU3EK40N51,0
I952EK5105,0
GKT6VS3KSU,0
CHV9B87LLV,0
W4LB1ZGLQ8,0
LGZDQZZETD,0
5W2ENKHDCL,0
2XMCDT8PTW,0
CAWJ24Y450,0
3E0BYEKKXE,0
JSV53OCR89,0
F866S9CCIQ,0
43X2QHSHW8,0
DH0EBQWXR9,0
3UVWJR1VJR,1
XTMZ72WY3N,0
C8RLVSGAQZ,0
T9YPBK30RE,0
4MC3CFV8ID,0
5LOSO9YFTY,0
AINA7IRNQY,1
6PO9JEY8XE,0
6CK65PW8C8,0
3DN55SBE7C,0
NFR9IU6W6A,0
15KYYUSUNS,0
6AGZCW0GNY,0
86KVNKSAMW,1
Z5GLX9RJ62,0
3QJQOHXCR9,0
OTWK6UFFQ2,0
F1OYRGIA43,0
AWRUB16G13,0
AP0RVFUPIR,0
J1SBGIRHZ8,0
WC7DW44U27,0
5HFRW1YQTI,1
CVMEPYAGQV,0
68J8QLCQ9T,0
DHG3FVXRP6,0
MZYNQ6V01I,0
4CBML1US0U,0
HPPSCAXTER,0
C60FVPT6I1,0
UCQ41YQVUO,0
4EPEITBAFL,0
ZYEFSIVBH8,0
3C5A6M675B,0
KBT6O4HAEF,0
0E3HIA8D8V,0
4A15BJZUYR,0
R6JA75MJ79,0
J93SQA156W,0
VSWFKI4245,0
E4TQ7ZAF1M,0
YJI1YIQ55E,0
K9QU8NBXLE,0
TXMKB04UD5,0
YUCC7ROAR7,0
ZOR984XP7Z,0
O72A1VJBX0,0
4AUVJW106E,0
AC6GRPP2FM,0
ROINFZCLGV,0
ISL380WZRZ,0
AM89D05X9K,1
56U1SKTT8R,0
O9U3MES822,0
MZSNCG0OEK,0
2PXQ5WTRST,0
5XT8Q3PPQ4,0
COOEZG8Z6O,0
MZB9SZ53HK,0
MPQE13JROC,0
6RXFVGWH9L,0
KNMKSEHTV7,0
ZWYXF1WGWP,0
D597EDOHV2,0
LWGCUA0WDC,0
D0YF49OICK,0
HWPKFTTEQA,0
I3PQU4HNMB,0
1UKDFFANRK,0
4IJDZ8O1OX,0
A8MXT2YH3L,0
09M8DZD276,0
RI3MAWTTP6,0
MHBUCW2X1D,0
PBITYAUHF0,0
K2ATWPLUFL,0
TBX53NTXC0,0
PG3GQU4QNS,0
BX11EB1A38,0
7ZGOUB917F,0
1NXZVOBCD9,0
WE2RS5U8Q3,0
6V5555N6GN,1
10UCGD4SC8,0
MPAEUJR1D0,0
A124BK8F2T,0
X6TZ6WFD73,0
XLE063J7VM,0
PA0B74MCJS,0
P6M7Y1PEIP,0
EY2X6VWWW8,0
TS5RRT3S3N,0
VF85CDJKJI,0
G1K1Y7ZZCI,0
5ACICNHJNN,0
1VR114POZ3,0
M9G2T0MUUP,0
AKPSCWIEJ8,0
ZHRCIUXZH7,0
X77QL5D59W,0
XXHOF9TJ9C,0
6MRYO3LBAJ,0
QKIM0ARPZC,0
XZA28H6R76,0
AMRVFVGXUH,0
CWIL9YTKZM,0
PCZOS1NZ7Q,0
MYLIKXTRE3,0
9V2LGZDRO0,0
5N71R62G2T,0
KHMWR13V7J,0
OKWSERX9CU,0
WHTPRURUPO,1
001QWFWJIP,0
N0MTDMF1XU,0
OALQ37ID4E,0
TT33VEA4JU,1
UUY65HHTUY,0
1XS2O5G9V8,0
94XWPR2Y0D,0
4GIYP83NDG,0
L7H8R9VFXP,0
A9ZDEJY6DT,0
EB1BW0GYMT,0
4DUN47ZVLA,0
EZZSMMSLLX,0
OYC1Z6Y1VP,0
2RPPTGROWB,0
GPN1ZS95R9,0
K71Z1FTXR1,0
ZAOVR3S2Y3,0
S4UYXG3CER,0
9Z1K6B1YQ0,0
TMZAOAJ579,0
EYAMJ8UOUG,0
MGSWW2J4DO,0
IOPZCX1YEQ,1
J8J98I7E2W,0
UV0JUHT908,0
TZTS7VFGWA,0
GYEYU72SLM,1
7N3YIFOABL,0
4OVYF3BUQO,1
V6WO2S1DD7,1
WLNR67LEGD,0
E6ATC6Z5AJ,0
JHDAJ0QALC,0
PSRSFPQBB1,0
P05PN0MFZ2,1
2IZAQ8HTK1,0
TUVUGDJJTX,1
1MX4NDEPLM,1
5DUIGK1BYK,0
W7SLUTCDYM,0
I75KR7LGG9,0
SRJCCPB7NY,0
JSPGQ4UQ2W,0
Z8UKTFOA3H,0
CLLDF0OX5I,0
7KHOGL3EZG,1
P4BBVD7Q05,0
80W041T4FR,0
QBB7TAJ37P,0
HR0PGZPGJ0,0
8Z72FK3SL4,0
I6JW1JZ0ET,0
2GVJ2ZYX4K,0
4K4E5ZI7VL,0
ANK8XGY0ZX,0
7AZFFOH1JO,0
02JI49FG2O,0
Z08T3BEQF8,0
853PMERHZA,0
9HV2TSOJ30,0
7B6WJ5HW2U,0
U994ASFBSQ,0
0CK2P2HEOX,0
DRZ7TO53L4,0
V2SZYMYPAH,0
PL3HVRI4XV,0
86JCBAHY8G,1
0G08DT6SHB,0
77JVFHGXTS,0
BBVFLST6AX,0
K50QK0BG1L,0
NBT2OB5BJT,0
TOBOTFGULP,0
9RYVB24RYX,0
CHG5Q428QV,0
VQS0FXOUVR,0
ZPI8PRQRUR,0
PGDCPA3VO0,0
3A1BA6FLHJ,0
A1OOA2LRMM,0
LGWGUXEP2W,0
340X4JPE0E,0
MN265E1S3E,0
A324CGSP46,0
S4VH3AZ115,0
1QGRDEPVUC,0
GOFQJ4VI1W,0
EK5VVV567H,0
B5EWSHV2Y6,1
KDEGWO0ZBM,0
P2SIURFJZ9,0
T6SKDN8MOH,0
HBVDLJEFCW,0
ULBHPE5DAU,0
QIQ718EF4I,0
B2DFPE4O8U,0
BHZZIQMVE2,0
CS0WLH7LY8,0
0L1I4M3U1Z,0
NESLV9O30F,0
R96UIB0TOZ,0
GX9OWI86I0,0
OVAXN90B3O,0
JTKPRPQWLN,0
RJ3FZBRKIJ,0
1GF92PLIJM,0
RF5MNSOQHY,0
WFKW0IB8OD,1
Z1KFT2QOLN,0
CNBX22QSZT,0
9JBJE4ZM0A,0
1TT3O1KBCN,0
8P0ARCEGPW,0
XA1HG9Q0OQ,0
BSIPFAC3D0,1
XG86J2V3D6,0
DKERBPN0BC,0
RPIX3CZT77,0
JYIOSH34RB,0
LEF8V7FPPO,0
Z0WYGGZTWH,0
6U1EL68PMT,0
6WTBQBDAQJ,0
8J4YHY6CRC,0
DG0V1ANZY7,0
QRRVO6JWQZ,0
AJSZAIN726,0
3GEVOYSS7N,0
TFFG2PZEW5,0
AGK8H09O97,0
7FOODU4XVK,0
JAHLY2JV0V,0
56WVWDUA8Y,0
SGCOFNYXEJ,0
GZ285O6UHW,0
EFFTBXWLGL,0
QAYAS013WU,0
82JI5012W4,0
7SOFA7V77I,0
FZ8TNDXQTE,0
IX9U8AMS91,0
XCXZHWB889,0
THQ8IPK54Q,0
AQESRPH4N4,0
3PPY8AKXMD,0
AWS3PWNCMI,0
16CIKMIUCJ,0
JLHXLCEU7K,0
MHHZH5RWWF,0
JZIXWNRZLR,0
BIZ8ZCVYYL,0
GC6FLZOD7S,1
G70FQJJOXB,0
0S1N7SN9OQ,0
Y95LXOB2NN,0
2DURU9VMD7,1
GUGM7W13HH,1
LEDIFNMCK5,0
SDYXTE80HX,0
T207J9WAZB,0
6OQNYOXOKE,0
XVBVVTZH8Q,0
O0WGTJE7IU,0
Y5X7P618EN,0
3PSXL97QK7,0
H6LKNIN737,1
OWOUFW7MLQ,1
PCIXRR46DF,0
LEZ5VWSJF1,0
IYRPNOGJ5O,0
L6J78SDITT,0
7PV3YNF4SJ,0
BISN2SX0NM,0
CBOH0VTTMC,0
SBWI4VU1U2,0
8FVIFT6D9N,0
QORK0EGL45,0
1AUK2TK5AS,0
HAGGTRU5YH,0
I7PX9ZGUH5,0
JBO1B8126V,0
KEVFGUPKQM,0
SS6P492H4I,0
XIZBF7E0L2,0
7ZH8ZM1B4L,0
QO3CNH3KYN,0
7IG8ZWQ4WI,0
XLDOWAYADQ,0
1ZVZKZXQAS,0
UIHS7RTLUH,0
EFVZ6FMB4C,0
TOW0AXR08N,0
9Q1L5VHZBY,0
N0L9PQN60W,0
TKYX2O59L3,0
N9UYHCVH0R,0
O7DU2OTEWT,0
YL8RQASDQ4,0
1BLYD6NF4Q,0
X17XRGP85X,0
T0CUNP7OGD,0
VE20QRMKLY,0
W9HM31W1R5,0
O9G2JJH45H,0
IUWXYFGD8M,0
UW5J9GDIVJ,0
8DIX5K9CJG,0
H87UPZMA5W,1
QXIWVJFRJ9,0
MOE973OY16,0
PI37C9B4ZU,0
LS8YPS8593,0
KJMDFO9VFA,0
9FC9TEICEO,0
2NJG2VB0TX,0
V1MNWQ0HRE,0
DRKV896CKZ,0
RCVYIPI04L,0
VL204MBZEL,0
ANX3XDI3S0,0
BBKD8VCS98,0
OA8QOGEXW2,0
RNOPHYPQ27,0
FD37CF0F6A,0
6S5WFDJAM3,0
WSHDORKFD4,0
ELBAVFSZCR,0
78C7ZWXAQU,0
0QGGWT4F5W,0
GXGBD94P1D,0
DFZ0Q2YA6R,1
83ZYGE3459,0
NY9W3PIGRG,0
ZVG0P34EP2,0
QAGVDCZZLT,0
3WR79QXTWC,0
0Q28JPUVA3,0
EFY7RD6OJC,0
M04QTK6TP7,0
Z7ER2DYSNU,0
HL8XRDM82K,0
LOMBMEJFTR,0
VLJLVXJEWU,0
WYDBRBBDZY,0
YJ5UN822M3,1
UO1MDTJCMW,0
C9U211XY7A,0
CI8GT13CND,0
QCJI4G10VN,0
AKHS5A6Y1W,0
5V3CPU0VPB,0
69YEYUGSPM,1
CW2J3OWU24,0
FOW88M3Z9K,0
EXSQ9A9EYQ,0
DVDNY5QR13,0
FNI8C73Q4M,0
664W1N3QWT,0
OFY4JM5TAY,0
OHOVYRM10P,0
A8L1W2853T,0
5F4MOGAER0,0
EROGJYYOFJ,0
20UDN7G92R,0
TJTX635EI2,0
2ZX3UDKARH,0
XQNANY7Z55,1
BO14EA9BDZ,0
RMO0A71G6A,0
MAKZM9ZA8T,0
0I36751QCV,0
IZ1DRUDV9U,0
4GM7Q1V3TT,0
6ZJEN2GV6B,0
P4HEQDAJ6J,0
0VVXKTFP2D,0
E2MHCPU5DX,0
3V4EB92JA8,1
C7IGZHDQ5L,0
SV8O946LJI,1
OM3EOHM41C,0
5SNUKEU3NP,0
P5DHQ4VW7J,0
BDP70Z2FHJ,0
10J15XG22Z,0
T4WHYFJ7W2,0
3WVFFNZ53H,0
6D2YB9747O,0
46VU4GSKEC,0
IRNZ54YLX3,0
7FSP9PHIQP,0
FXN8XS6M9Y,0
ZT9Z5L3IV9,0
41ZBQP0LJJ,0
NKHYKL6YT0,0
PRE1BOGXEH,1
8SE612UIO2,0
464DDR6SZT,0
W0PHC8AQLF,0
TVL7SJXJFL,0
J4AJ9B9QAQ,0
7YL5U8D5ZE,0
WO7T9UQCB5,0
UDONOY0XBS,0
RBEID66Q16,0
G4EI5QBU59,0
NS8PWPK6LF,0
EW70ASOK80,0
6YBVF7IJUZ,1
UI60AUCT0T,0
63R0HH0N03,0
ZZT9D7DK32,0
039GL9W370,0
5SMG02DNYL,0
DBUVOUGFWA,0
37HSZQA942,0
MKCSEW054H,0
IKWB00G1GZ,0
NZ54MO4UR1,0
3EBIPRG4MG,0
AN57DCA1FA,0
VB6TUP0649,0
9F7RW4R36B,0
XQM7R9UMZF,0
9XC8D63F09,0
UB0SBN3I8A,0
KCL0H8XZ3K,0
KEVM91LY2N,0
VR2627U43W,0
59SKFHB1R0,0
PKUJH9HYV5,0
C43XN8ERB9,0
DB760H7TLA,0
T8B5MMEJX4,1
X6A2JWRH53,0
4LME3S15AX,0
XKZ4UYMJ92,0
TO8KOS3HR8,0
OUKY5LV8BU,0
24ZUAQAYXQ,0
Y7PKI9MQYK,0
E3NI6AJXP2,0
SI38UOSC0Q,0
5902VJBZTZ,0
98GHNIXA7W,0
UT8FQ9TQFM,1
2PVGVP5UGP,0
URV1NL8SKH,0
GWDFMRCDR7,0
48BKXMA9CO,1
GJKRFIAAPC,0
CYGEPAJMTP,1
U0QQOXOTI5,0
G52JR039EF,0
1JW0RNWDRV,0
N76437QQGD,0
HDSB8P1WZG,0
E4NC0FNAGI,0
XQT4BLDG0X,1
AHH3BEMXJR,0
3YW825ZYH0,0
Q3PVG6DKRK,0
NHRA1YI4WC,0
PK1YU3ZC6J,0
FIZDLEGIQ7,0
JQG0BW6I63,0
TQX7OR2VVV,0
GU2Y8O3GVA,0
WSTOMMT9YZ,0
KJA33S9KIY,0
NA3B6OA1UR,0
2TTH5AN7DU,1
IBBX5Y9MYP,1
AJAB4NKPA7,0
BWKXI6PU8T,0
37FPOGS4MO,1
NWVKME4EJQ,0
V1V77WYQRU,1
JJHDAOADF3,0
DX9ZTVMZ5D,0
YI7KAO5FQ1,1
BJ0JSQ7X04,0
W44LS6K7U0,1
2K2WCI8JXO,0
FFBBJZJ7MW,0
29D58A3YZT,0
G7HK83MXGJ,0
0FJO2GYRI5,0
3VG5GVG7XK,0
QUPDCQH0J8,0
CWGAEVAPPP,0
HMB28GAE6E,0
XSQ4B1IZ8C,0
SFIMJINPN6,0
I8PPZXNSKU,0
U51GN2F7NU,0
Y8476LT5AS,0
01V44LYNNI,1
O4DZ4JFAR2,0
FRL1VBCS92,0
R3VHMO4LVJ,0
44UB4NTWGW,0
3F3E2X01C5,0
F9IXQZ19NW,0
3SR9MGHTCS,0
XLNMVVF7EO,0
IN78P6HDU0,0
HQSDAJEHTQ,0
2FDYAM5X1W,0
AP0SPXFU2D,0
J6XJPYQ6P4,0
4XBO1181PK,0
SNFNXF87ZJ,0
RH5EHFQBIK,0
25F4OLZ9X9,0
7GI2CAIUWK,0
OEIA0OZ1R9,0
Z0YGFPF2U6,0
TI3KBODCXY,0
T50868AC80,0
LP8XR595BH,0
AQFN4O2NKV,0
2O4C69QP9D,0
S4183C37AX,0
FLW3RY9643,1
SOB0SCK1UU,0
K6P9C35VQG,0
E08AZP6VK3,0
3VTC34XXJY,0
TIOB6V4J4A,0
A2E494ROMK,0
WDMBID6ESC,0
B3A7O9S896,0
INYFVGCU49,0
1SRXB0VZL5,0
54HDZXJS6Z,0
NF77APGQRI,0
GWUM95FUBK,0
BWQ55C4KJG,0
1GJAX1L3B2,0
NF9GQJUA50,0
1FJRA28IU1,0
ZBLR0GZ3JT,0
8UJR9M38LV,0
W89CRVZ47Z,0
H2EACYN2PD,0
ICAMBUZ5PQ,0
JNKFD8F1IY,0
CPUSXCQZVT,0
1ERS90GVNH,0
ZL7SI2VW5S,0
QVDNVBAKE4,0
72I5P4M6UT,0
JL1D9O7WF8,0
LAROPQVDCF,0
3YDSZQSJGM,0
CIGVZJTV91,0
WXUQM9UKYN,0
NU3PCHBUKD,0
3L66YA1KYE,0
7CTMOHWOK3,0
B32LZM5HVF,0
5HXX8G2VWL,0
F9TV3EXEM5,0
XCCD559P1X,0
UA5J4K1FUR,0
CVH1TR1VFD,0
KJ1531VOR9,0
HL2JHZ4O7D,0
1MBJ989SPA,0
GTYLSZRVQ0,0
AKN5NGHRIT,0
XC14M4HVKZ,0
IC3S6IUP3T,0
KU11A2ONLQ,0
F0UYVXDC6Q,1
AT68VP2495,0
YTM8PV76H9,0
KVRZRMNPP0,0
1X7K9CWM9P,0
S6RQ7HYYG9,0
DTTWA3EVAH,0
2EYPQN8AS6,0
XJMCRMHXET,0
QG6YPJ0IZS,0
VOWZTN75FJ,0
31WBXY2NCV,0
XIXKY6CJ75,0
8FQI9TWN8D,0
H5WE03ZTT6,0
U0U49EQ8Q1,0
6JDKAES5S2,0
QMHICT25RK,0
74LGF1UVTR,0
C5WHAOI8CV,1
OYB1H3M4Z4,0
HZUI1UM2RW,0
6CJUCUJFDD,0
6MBMNKWBHG,0
QEO7I5TT98,0
FZVCGPCWW7,0
B7K9NFPR61,0
GHC6146VBL,0
4KGT6ZB1W7,0
A6ZOAFKQ7R,1
QEAF38L8RX,0
QQBFXXTIUL,0
5QCWYYRB16,0
UO61BOTG9X,0
ZYUG5AKGSK,0
735L9H009W,0
7FFGCYFSGN,0
TF827B6AUZ,0
9J7LQRM53F,0
UB94MKHX69,0
N98RAGER8C,0
C0KO1RFMJP,0
4A5N3HT5AN,0
FKIYGMCM2U,0
ZP8KMJRLID,0
84X7KRRH96,0
Z9CBZAGIB9,0
681PEM2JTA,0
VWOP7H3CJ8,0
ZK3RQYSNN8,0
3Y2Z28151E,0
ZLOFEUP29W,0
HP5FJ8YAUA,0
OUQ42S63MN,0
SN6044T7EO,0
7BWG2YDEYN,0
RXDO16TYQU,0
JS4MXPP1TH,0
XHHDKZCCDF,0
HKQZBCSWBA,0
KYE1W8N4UE,0
DO4SQJEMZL,0
ROZSV1VJKN,0
ICSHIQCYB4,0
QDZ8XJJ9NF,0
4W8DUKNAEI,0
3F72DXOZTO,0
TMC7YNWJZM,0
H1B056TWTS,0
4OTHZXRRCZ,0
OPS7B1V84F,0
ZQYFY84ZG2,0
6SXRBPVFUS,0
3LUXZIBR6A,0
P10VY6Y8UV,0
ZRZYDGY2ML,0
BJ4IMR0WUF,0
44ONYXPE2R,0
PF2UBIPV5B,0
PFIKPZ6KS0,0
F1TE40PAWS,0
ZJQVX3CIPN,0
JFPXJV7Z9P,0
1DQ4WXX5IS,0
9AC6YTX7DA,0
7C71KZ2C5L,0
8GNLDDNSH4,0
3KD99YN193,0
WZJ4SGV5O2,0
XYE8OH26RP,0
ZGF7BQAMZ4,0
MSXRNYL56R,0
40BDVM6VTG,0
SJQSFWU78U,0
29LBPE5KHC,0
68H1KQWKQM,0
0AVMFPD10Y,0
D4SLH57O6T,0
SB3Z11VBW2,0
HS87FCO7GN,0
O5OS4CT5DY,0
Q3441707TH,0
KMKWSQP5JF,0
L0GCWGCE05,0
QAPPC0Z797,0
ABU6O8W0IU,0
AJPD08MYZO,0
6RMLHMWEIB,0
YBX2VBQVRA,0
1CZT5MG1XG,0
OKQQAIKRUW,0
HK0ZCDWPXN,1
L7XI0D0H7M,0
12RSN5M868,0
UVSEF8N8X9,0
FIVN7FO4TU,0
HY2K15YY6Q,0
725KW67ZN6,0
R1O0P2ES3E,0
9JP0SAHPBV,0
YCE07Y5551,0
WV7MJ0UTOA,0
66GAARZA5D,0
1OE2I0YU6K,0
YT45QYV5XI,0
VG0GGMYPN8,0
10NTLNPSF6,0
XAMDQC9UAD,0
CTLFTX12GI,0
XL9F4BX87A,0
PZOSUFHWCS,0
NP8A9GYVZ5,0
WZXADLQ4UB,0
V550LFAR0K,0
RFPNWD5416,0
FNT4G7ZBZ4,0
HMPJ4HB4BV,0
HDZSQK9P0Y,0
6ZEXR3SH3U,0
8QIM7G5XEX,0
0VOL0OMRXT,0
PYGKXXJJCC,0
DO4OUFTEO0,0
N00EVLNGTL,0
57OH00PNFV,0
AYJF9N37JJ,1
N6W4H9R3C2,0
YC7D15ITVW,0
BW1M09VZ6C,0
LEBULA0DLC,0
4IIOMEQKAO,0
MUEZXHVY28,0
AVK895KSO2,0
WO64XHCQEY,0
7SDKWSUR49,0
QX1ZKY1525,0
3DVW6YT646,0
IWC5ICH2XD,0
60R0DEW973,0
UT18EDC2D0,0
ONZZ6KY9BV,0
J32ZY9V2K4,0
P4NK8D58Z2,0
VHBZX7MCZR,0
HMSUTZSWZX,0
QNRCN1W3K0,0
HDQAWQHL3C,0
87ZAOUR09D,0
IX5L0YH4HV,0
H8J5LUK1MH,0
LA1RCYWHVS,1
1C1M3CT30N,0
C4TN5NGCP6,0
C5KA4WD6J4,0
W1P7YKD91N,0
3HOT4Y5BAD,0
YS74VKUH3V,0
7QWERM6UM7,0
KRFR9U4MAB,0
WEDDPA3NVS,0
VSJ57N0GZX,0
ASNRG5TKJI,0
MWGLR6KFJ4,0
3OG0S7D97O,0
99QJ1O932B,0
S7GQA403GE,0
I9VA24IXBG,0
IEGXJIYVHO,0
TJ9QT9ZY35,1
CEVKCLJ6I3,0
EUDMH2M5JR,0
AX0F0D9BVK,0
Z9LP0KP66P,0
S0ONHN4BDT,0
YH8EABM1WI,0
HTR7N6L86V,0
JHP31B48GZ,0
EFNXE3T70R,0
OYTD4EB8GO,0
H97MKUSXS7,0
9N0HWCOV9Z,0
W7AHP85YBU,0
1XKEM6XAIG,0
AL10P896IR,0
KPWIIH4HU6,0
2TLQYEC6WJ,0
DSNRXQBWRJ,0
VZY9APRYT7,0
ZE55MIVAO8,0
3EWFCCA6I9,0
D8R5CL0IFG,0
61N5FF9PVM,0
ED62WYZ7ZG,0
YIVV9SM3D9,0
J564RCYALI,0
R2IJ25X8HJ,0
Q7VM31NQBD,0
J8ORONY3P0,0
A20W7ZWLYV,0
ML12VEADJE,0
JXSDNNFKCN,0
82VCWVTAXW,0
AQ799KRO21,0
CQU25LOAMO,0
6I8T8QELDP,0
9SB05WF6WL,0
38GIWEFB0P,0
449DIDH4V0,0
H6MMSXM836,1
SBJI4P8VSF,0
L12BFH27E4,0
J03P6BK3FO,0
O3R53SMA21,0
813RTQLXHR,0
3MB9V21UGJ,0
MWFOG98AO9,0
0DALSKXNGG,0
TDU5MA19MZ,0
GPZ1WCZTR2,0
MONPDPIONL,0
OAEK5YRS06,0
V6D23JC1I7,0
5709USLDB5,0
4MQ1T0SWXE,0
D5K116O2NW,0
OPC3XELFJ0,0
OI5C2TYCW9,0
GM6TNTTDCA,0
5FBGEZ039I,0
CLVRTTD3XA,0
JFZHZPQLJR,0
H22XGU8MPF,0
C6GCXD8X9W,0
S14IGVSBV9,0
OYE1JJRL72,0
5WJT8T8KVQ,0
QLRG9BF4SX,0
5G991S45RH,0
9B952709ON,0
0FTMTCIB00,0
90XUA3IACO,0
R5IAJRHNFK,0
DYMK9LCI6O,0
R9OGDPDPQN,0
4QWZ1KLDB1,0
5SJY3TYKMY,0
L0QLUUYZ7F,0
2ZDWTK4A0G,0
P1CM53SN8W,0
AVMZO2HAZU,0
26IB6KEFIK,0
I92O1OSPML,0
KEHDPGX1PY,0
FEN5IP0I7M,0
8MPQOX6Y5J,0
7BMAZPT8MG,0
P1KXM5T054,0
KTDSVXGH1U,1
0VAEYXXV8D,0
WQB301PW55,0
51CX9M1OKM,0
1QTOBKA57O,0
EB1213GLEV,0
0C1U18EMD4,0
NFP2I887TO,0
NUSZ7L2PM7,0
UJXVY6G0W7,0
FRR98LL9BM,0
MDJ1IL4T51,0
J1BN93LN70,0
S8LN9QDJ6Z,0
I468U3Z00T,0
788JUBPS6I,0
67Q7D1XNLV,0
COHQBITAR9,1
H7RVK7T394,1
SSO41AO1LN,0
859I6M75H2,0
0SIPC1NG4V,0
C13VN8ZQYN,0
P6O8K8PCYI,0
OLJW84CI42,0
E5JV289YVZ,0
FDYFX37VXJ,0
W9JQZ9T789,0
BA8400UY1R,0
GL4O4J1H5O,0
IKJXBGD93E,0
2J1ZVVAJVZ,0
HZ2WJ13C2V,0
YH7A09NTB6,0
VTOWQTII5D,1
1CF8ER8LAH,0
84CLBWSXVO,0
J5DOTY1F2G,0
7D3L7XNQ4P,0
9POPXM6Y5T,0
TQ7QG30FLL,0
ZLJ7CMNSET,0
AJL56QSEN4,0
G4F70MBMD3,0
G0BA8AE7FL,0
7BDDM9ZZN7,0
KA02INIUWZ,0
1D0158H0BV,0
X3TU1IZKS4,0
HOC3W9LASU,0
JVHP16MJ0W,0
0OLOT6A4OX,0
LTAFFTIQAD,0
MSDKW31ZXF,0
MHQB8W0KPF,0
ZBZ97ISB6D,1
DF1LI8AI84,0
DSATHCSVLO,1
ITTJT1OOE6,0
VC0FZVBB41,0
4K7HPMV3Q1,0
FYZ3A2NRP2,0
XLE3HLCJJT,0
FAN51Y3D1V,0
SYWJ834ZIR,0
GS0OS9E6HW,0
LR901XOT18,0
98O5FGJVXJ,0
C68DDRCQ2I,0
A27APLF4R8,0
VYP20ZPFZQ,1
HADELGXATJ,0
71CD50PR5A,0
7GEP2MC1P7,1
2S07C04VOL,0
S6SF268LJ9,0
KS04SX7C6Z,0
1SV7PZEJMZ,0
J3FMG6M5AF,0
66G3GZ9JC9,0
UXJMDMVMHC,1
DTOP851V2E,0
FAM3TNV9NP,0
M882DMSAQA,0
EAO80F8847,0
C5R38M0CZ9,0
W6E3XVLGFR,0
49HRFREJ1Z,0
D2BY240HWI,0
41IL63LTYR,0
I4QQAIX4U1,0
8XJEJY4KX6,0
LEHZFWGOM1,0
MOEWJP4GNS,0
1UVG6SFF96,0
IH9KRB4C6V,0
WSVM4ELEKG,0
M3HFOXN4OF,0
0F6WEY6X6P,0
NZF5QPX2CN,0
VM3DLJFB8V,0
4CKH6N2RFV,0
8WC8HGW9PT,0
YWO1WM222A,0
WO7FSORY52,1
S2OJ6UFYYJ,0
X7ZA48UG09,0
2RN4HS2X4P,1
4KYP4T65RD,1
TCGDD9KPNC,1
1SGN4JUA7U,0
2HR3BVYP0C,0
9TE875KQLP,0
PY82MYLIHH,0
ND278CRZ1S,0
X25G7M1S6F,0
CEYU8OUZE0,0
SAHTL4L3Q2,1
7HYMRP2H81,0
MH8YPHGTHW,0
UHFKLS9DDI,0
MHASGYV8H5,0
2OW8CD3O3H,0
I6ZY5YMJ2H,0
FW11N1OYYQ,0
GABCRO53Z8,0
8YENL1CZD6,0
X1Y3K9QI0H,0
CJWKDCQFYM,0
5QE9YRXHLB,0
RKNE7VXVYR,0
S09CT4YML8,0
5FQ3W3HXUO,0
F3XSC9KWP6,0
JHCQ9BI0W3,0
MMCT72DGVS,0
V1R5C1W5X3,0
PP7CU10LBX,0
KXXO56Z76D,0
XP2SSXDMER,0
4PCE8LKFT7,0
I6O6I6QBQX,0
J44G0BMOPZ,0
2GIMAZI31I,0
1HT7YAUC8K,0
7YK47H426H,0
J7OGAVC56A,0
W4VBUDCD2M,0
18QGNXULAD,0
HHNOGALV27,0
VK016FHFMG,0
TJ5S4YJYF7,0
81I8VPGOU9,0
SMNI1LCJ7C,0
MO9E22WGTJ,1
9MYBSYI8PR,1
GEGI93LBSR,0
7AYMC6UVZH,0
C1MHHV8WP1,0
KFEZJ2R4M8,0
O6R6LS9ZVT,0
8LFZ8A80PT,0
OPJMMH2PYP,0
MEPBIK0N3T,0
Z9B9APM8RF,0
XHY0O9NV9D,0
TR5XCOSN5R,0
ZG1SYG8ZPM,0
BKJWSY3Q14,0
I1O40ESQGD,0
9LX1W85J4N,0
IU9Z3R75OJ,0
IPKDWRTQXS,0
LB1C7ILOVV,0
HJJGPNM67M,0
D0Y5UMNOD7,0
J75WBB5FF3,0
4UBQDV0XX1,0
78BE6YAJ00,0
4YLCZD2JBY,0
QQ1QIVUNEN,0
009HDV9AGG,0
7P4UXZ9PYT,0
PS2KWKM3WY,0
J2APPBA6ML,0
UWLFEIT2NR,0
O3EK05YJXS,0
414PXJ03SY,1
WCNOGOIO90,0
AJUNI79A91,0
E5S6U7R2NP,0
0TUOTROGI8,1
R0JV5BPEKI,0
UEC4100OQC,0
C57BGC2YIB,0
7GW8ZHFTOG,0
2P2TRE5XIP,0
Y763YDQHSG,0
MZOWLCCQN7,0
F3J2ZCAIGK,0
E5VF96GDO4,0
WFEE7EPYB0,0
J48PSI0ZUA,0
J0POIQX6GW,0
28OUH7AFJ4,0
34SRG87CHJ,0
SHTAF3C82Z,0
WBIP7FRFPL,0
HQNFJE3VYV,0
W2PUOQAP4M,0
QGYBE4QZ9P,0
7KAGBMLABB,0
0NS9OBDN7B,0
X4ZFS6UVAE,0
XHYKUNTG8W,0
9JQUOEA28Y,0
1E81RTFLO8,0
UBDA2RJ0U9,0
9V8JWX3L07,0
VF7GMUK4T8,0
VFW925UCT2,0
R0SZWWKCEZ,0
ZOSNANRJTP,0
4Z9NQUIKNR,0
EZ1VFGB2ZV,0
TEFFSNKE1Y,0
8EX2NE0B54,0
D1C03XDMX8,0
FEJQ0QK2GM,0
WPN7YJ2KBS,0
5UJVV8INJU,0
R8CLDVNZI7,0
60H7HU5WWZ,0
R46XJGP1B8,0
RZXYO60VMR,1
MNT21BE47C,0
U52FH0C2JV,0
5JHJ2RK747,0
S3XGBKI626,0
74BM0OMYXI,0
HKELN93WHO,0
SA2J2DWBL0,0
LMD1NBVO12,0
3172Y6RKQC,0
4M3E2SCOVK,0
EU6OTWGZE9,1
YYAIME5QXQ,0
4OXVUTEQUT,0
9NZZZ85IUC,0
FIH34Z37M0,0
DZ19G3G6UW,0
3AUFR0NN98,0
3998FLFPNK,0
3QFYNMQ846,0
HVYICCBXSP,0
OECUN1OTK9,0
JHH0HG8T4M,0
PF04HCC4KC,0
1882N5GSOE,0
D1J3LDYTMQ,0
52O9HLU51T,0
RCEXLKSUV6,0
7KZU9K5SW8,0
G6VL62YG7A,0
KXXCML2UKJ,0
FNM8Y3ICUY,0
5YMRZDI78R,0
G07I55LI22,0
I02KLNSGJ8,0
X6S63N2ESL,0
CN59GAQKV6,0
64FJE2O4JA,0
L1NX1909O4,0
KU64UYL2YV,1
GWQOBD70RS,0
13YWS11BOC,0
PI16J86H3I,0
4HQWH6MNTC,0
WU6NCMMPCA,0
LPZTXY9LZB,0
ML5BQU3LKI,0
R7U6US0PQG,0
B7QQ4N9AFO,0
4ZMFIFCF9X,0
C4H39DH5MM,0
JC2QPCDSBX,0
I05Y8M68VI,0
T7PFTB3UKS,0
4BQRNQPM39,0
3BLG9PBAYC,1
NUG8S09VLD,0
0K0F9H5OBJ,0
WI8I0Q9X5K,0
NK9WC4QFOB,0
I5WLLOYRD9,0
9VB88AO3V7,0
YUO4KGYZQM,0
LVIHSDAEB3,0
IOICS0A2I5,0
0PRW88KGWV,0
PD0RUN1YAZ,0
E5WZONLHK3,0
RM0O1ST50O,0
2FLDCWO55Q,0
SH4VXPMD4V,0
THWRXK6DD0,1
8HTY66PXNN,0
P67GBIKJO2,1
4KANASEOWE,0
HRMBBMI2V8,0
N6H7IPH9OU,0
BIMQW0ZZAG,0
UN9MV8EDA2,0
GFRTFOT317,0
DCOSDWZ1GN,0
H8RTITWQID,0
GK8RQV9YW3,0
0NXWNDZXBX,0
CCXGYTNF0P,0
DCNBB2SNXF,0
2VOTRRW60T,0
J96WVHMBKL,0
HSZOEFYS4M,0
1WVEE95AAM,0
5BG7HAR80X,0
CZPJR1L4XM,0
I32Z4IRRF1,0
UO9BKYWBTF,0
08JUMEZEXA,0
0O5RLN9ABW,0
VDF27PD18J,0
YCYZLAZOSH,0
R9BV3775NR,0
J69SL4Z75J,0
UP1IH8MMON,0
Y0HSNP5LNV,0
NYVO6DKTW4,0
ZG84IO8DQ9,0
LEHW1E4WRJ,0
KT4AKX7DP6,0
B4S8WT0RBO,0
2225BEJM1P,0
J39DS0RHB9,0
LPVCF3SE55,0
7F1DZDR9E4,0
56W5R4ACP0,0
5MKWQA6GNH,0
0KA2I9P0DJ,0
ULTFIKTWS4,0
915Z0W5F6M,0
S9S3JOPILH,0
Q6BHD2NEAP,0
MPE3FGNJKP,0
1OXAFFDC3B,0
MA8XRB77D7,0
X4R40LG37E,1
8V6POE57S5,0
FTSVSN3Q9O,0
VPZU2CH0GB,0
YN1SA9N3PF,0
83GNSES753,0
SC31743RWJ,0
Y0P7RXBAK3,0
0ISWABIA9F,0
AKUD3RS06B,0
5FLLJ9MA24,0
B0ARYP78OK,0
S97G0UURQM,0
G3XQF63CQQ,0
DANUUC60XH,0
HQVCXRLLPX,0
IV5LN0LRSG,0
BNFZF48209,0
VEZPZKIV40,0
G4F7LCA1CQ,0
QCK0J3V83R,0
W5NJXHHVVH,0
2UKKKXWQ2R,0
726SAEI9HI,0
CU3RBS23UZ,0
F31QITLX7M,0
DY0YYF2KRX,0
81A6OIY6LZ,0
XSZ8OASDFE,0
SIRFJ1T68G,0
IFVFDOKDDG,0
XUKZ3YW16X,0
S3OGOSXWQC,0
Q2S6FQP2F7,0
F1DQMVM50P,0
M87BXPR85H,0
TUIRKG69DN,0
F5VJGH3B4L,0
VYFWIP9DEK,0
O1MTQPCBKB,0
9AFKRGMWN8,0
8HNRXYIEH9,0
KRGS78T0M4,0
OPRX08OL2N,0
NK3ZN79QS3,0
FIZ72Y84UB,0
OW3P76IKLT,0
AJKAAFTIPL,0
92RUYJT0N3,0
6PYIFORZPI,0
B42KEK8SJH,0
21HXNY55TJ,0
HKXFECOI6U,0
52SE5SXVQH,0
D12P33X449,0
1H2W39P3I7,1
961106OEEC,0
NBXGQ6K6LB,0
8MJ88IA3AD,0
N1Y8PPYWTC,0
XZLP3SMJVR,0
I0RIV12NE9,1
ORZ3V62XBH,0
JIAK2VRWGH,0
1EBEOKGL0Z,0
7E1RNZYBSZ,1
9RALEWODPU,0
5B64Y8GJ19,0
TTCQYE6BXZ,0
ZT7Z4HTCKP,0
Y0UEAAJ0N3,0
OAG4YE26IR,0
HQN2FHD9NL,0
GCC5VUB9QW,0
95V9DWDTGB,0
XJD0125FK3,0
KM0SNR0F21,0
D7UHF17D11,0
DA5MEQDZMT,0
4K2N7GNDN9,0
MZ9KK2KPHN,0
TU54I2WH9U,0
9E4BXAK87W,0
BS1X45LABZ,0
FCTGVGF3XT,0
3TJL1EPBKA,0
ECE1G02TAF,0
DP2RPJD1XL,0
C5W0SK9BK3,0
DYX4YAZ83H,0
JVXXDEWEEN,0
YGNZ8ZDIUZ,0
W3DBNM7HTM,0
DRXF3OPW7H,0
GHDZI54X19,0
0SO9K726SG,0
BQMSF8JR0C,0
OW5UGLYIK7,0
SSZI7I1D92,0
495A1GNIN8,1
0YRQU642VH,0
AURW20CCMD,0
EXLNRGHTNX,0
6AT9J741IZ,0
XXA5YM0FMY,0
AUWWB9YM5V,0
CEY48O1HQJ,1
4HHQXLQPNF,0
BVUA063YTI,0
N4LY5TOVU0,0
RP462HDR9N,0
SK5O4RQ37G,0
938TLH5IG7,0
TH1NODGMKN,0
BUVLF39IZ8,0
RN7EKCGVFW,0
1H19HGQMSH,1
VPLVFBRPF6,0
ZQ5Z3R01WH,0
8O77BH7TCL,0
00XSE6SOL1,0
4N7V4VOQ16,0
DYT43955OB,0
GJ4QZBO84W,0
BLD5WLEXD3,0
KJX1KXGA9A,0
H9R29FXV0E,0
L4YB0C14XO,0
89PRL4SKEJ,0
MXWIJ9HQNZ,0
3N8V5787IO,0
DEQ931F0TW,0
BBUVLWUFWA,0
WJ0DLULZZ1,0
3CF42P8LJ7,0
2B5GDIE28V,0
G865ESUUYS,0
1FY3SDEZHU,0
1AFKEJGUBK,0
28AFNYZ0SH,0
5ROYT9BVF2,0
UENL6XNS07,0
FCZ341GPRZ,0
I1DN0Y29D6,0
B8S1QB4CUG,0
33BSFINSV5,0
4HMDEE1GOH,0
CGHWG9WM5Z,0
RW7MDS7F1Q,0
SX5JGCTDII,0
D44PS2DJOI,0
4072FIVL1A,0
IXFH6TR9BG,1
IGK19V7MZX,0
3DI6KHSJ8N,0
846GJ2G0J9,0
S0BMWNZ1C5,0
N61M0ZSQAD,0
DHCTFDEVGD,0
9LLK8MBYJ4,0
45GLGEKRZP,0
GVJSNSQZCO,0
F3H55WI1KS,0
R9QNEOVBL7,0
5L3AKU9RGI,0
FBVGRTDHFC,0
IYLSMPHKT4,0
KKJ243IMTT,0
SUFFMJXMT4,1
A5QCMBQZJP,0
K27GTLUM66,0
QICF8J8R7G,0
0AOWXB9A9F,0
F5LBHKLXS1,0
HNRMT42HGY,0
CY5W7PSOFN,0
UQR1CUMIAL,0
91TSQW5RU8,0
0CIYJGORTB,0
ID5991VID8,0
E5QEE808V4,0
JYE97RGN57,0
AAT1V5FUUU,0
YJJHILMEJC,0
CAWLKQXGH8,1
3ZJARLJDJK,0
F6IJ7UXQWP,0
7ZW37AF6ET,0
WGIFXZZWEA,0
K2XNJC7UXI,0
LRLAE9OOU0,0
U2IS14BVOD,0
VRLT2FICHZ,0
JQ2W5AXZKY,0
L8YLQF5XFD,0
ND0FO03SG2,0
E5O8I1M9GA,0
E9VQ9IV2O7,0
039B69VZIE,0
P2RSJMUTT9,0
S7H7OXJEDF,0
ZESLMLBRDQ,0
40SFYKD9D3,0
OVION14ZE5,0
CAQEITYINR,0
TDZ89Z6I6J,0
LM3KQ65TOK,0
OKLEVBKQL0,0
5BP76LOU57,0
EGHLZJ1AXS,0
H8I3GMAPC1,0
KCCMG45X3E,0
PQWCKEH244,0
QW37XW8L9D,0
3AQBDU9H18,0
7OG61QF1CE,0
U2VM6F7PP6,0
GIC7EDKJ4A,0
N8G82B9B3Y,0
75E5N9O8NE,0
GAJEQMS86V,0
T05XPJ3VPR,0
6T4N33FAWC,0
39Q50F4USS,0
HWJLQIC2UI,0
BF66V5CNHQ,0
S2NK19XRZ4,0
7U1YFM6LFH,0
TYNFASUGE2,0
YIPOZ2MCCB,0
Z8A6YAG0LR,0
HIAE5ED85G,0
B43EWXG446,0
49JAHNECZY,0
GX34FY4QUH,0
Q5LAXDS0LT,0
G5AJRUH8KM,0
MUK334F356,0
4E68QKM6FI,0
L8UL6CDKE8,0
PQQMWL8UMK,0
TB9RI3POYK,0
KMNFDXMPMK,0
R4MMRI17T4,0
SR0GRB6TDQ,1
6Z7NNAHA1P,0
LQE7I070RA,0
11DEWFVH2O,0
5J374Q9T4I,0
QNILO7H3GX,0
KN47RC4H68,0
L2K4E6J7VO,0
G50MPRQVAB,0
T44MABTUWB,0
5B8PI5AFM0,1
DLIV50LLUE,0
3I6NY9A3DW,0
WIYPPDYXAP,0
NX83FHKBQZ,0
OKXLP71F45,0
DRAB7RQKCH,0
MUYFLCUPLN,0
VQ9IT5IB0L,0
P7146AVV42,0
S5XWKLSURY,0
88QYRYL0O0,0
S73N95P534,0
XRXLNCTTFP,0
UYR0SJDPHD,0
V1LT6OH2KB,0
182W73NFXD,0
8A9W2JNU24,0
U7E0OBUO02,0
ZHKP2SWVF0,0
7ZR4YRID1Z,0
YXFGILUINH,0
8B9YLA352E,0
QZ2P88RI5N,0
WJ7WRZNHFW,0
DP327PRAY6,0
O8YFVFWC7T,0
47OKNFM6YK,0
TXJYOC6NGN,0
NMO91PJFBT,0
Y0NZYBEU73,0
X0BJB2808H,0
VOUNWBQ0YA,0
5XYTL2T2KX,0
B7LXKDCZMC,0
39L4YOQX3J,0
5PX8PJSMXR,0
AKX5VI98K9,0
J5R158PVIS,0
XDP7A9FQ6D,0
FE0W4UO47D,0
S2GNXDRORN,0
4V75NB6AI9,0
5LITBDG535,0
U247HHYSU8,0
Z2BKDFU2LA,1
ODED3DOENT,0
ZFEVL7N2XM,0
6MF4HN596U,0
SQL0A2V96W,0
NMJIF7TONU,0
YE1D716XU1,0
7IGXY0H058,0
6PVZKPZPR7,0
05OJ9XFRG5,0
VG7KJY9QSV,0
4LV4FARAUI,0
CLFB0YQF7S,0
2LDZX26Y80,0
RF6U408TL2,0
7IE9MINF8C,0
F55FPON4PL,0
OPY3JT44V7,0
WCM2VENHC7,0
ZD732YW81Y,0
GMDZ4DIUH7,0
AK3ZH1J06F,0
I7GWP26F39,0
0JLCJ8DCSU,0
4MSVDLT3EY,0
MIM0VQLRCS,0
JUT4OLBMOJ,0
OMREILNTN4,0
NPC87F9LNR,0
8QAU2DC3ZK,0
PAKSC86SQA,0
88RNQQWZTV,0
VCPKCZ469O,0
F3NZFL5UAJ,0
CGIJEWPL4H,0
ED37BC1628,0
WBYE8LWCX8,1
QW02RWH2OB,0
BSH5VQ4GAZ,0
MRA00EG28A,0
92XYBO2OYO,0
Z15PUQ2RTJ,0
FSB14RFOFS,0
O3NO6V7WYN,0
VPK7O0N3HG,0
TIM0ZBTPGL,1
X68A7H2V1L,0
1U2B0MWVYK,0
IPBJXSLMYU,0
RS7N0ZIT39,0
TJE2KVWFU6,0
E3RNHE0XY7,0
9UCO3HRUAZ,0
72FNBPK94W,0
HT46EZO01L,0
BI8VMEXLEW,0
73IL4CSOCM,0
PSZ6EZZF32,0
P5IYRYWR3B,1
9ZLNN56KW3,0
4NLFNPQN8T,0
LHDDTHK6ST,0
RRTOU97O85,0
62OCBORXDE,0
A9T9BMWENO,1
LCODJXK6N9,0
1RC4ANMZY4,0
57DR9MW2G5,0
KALULFPBCA,1
5OJK7D1WFZ,0
HWWQXMUZTE,1
AXE12LS56J,1
6H2QLVO0QB,0
EIZIOQFQDU,0
3QIP1FHD50,0
UKBDF93100,0
MN6DGLK1GA,0
ULBSMYEVQQ,0
PUC41Z8PMK,0
QWFN8IQTVX,0
85BP0P49S5,0
PKYXG7T7NU,0
MN12BJWU3A,0
LPAKTSI4F5,0
FNJFYL3DFQ,0
8BTCVHNL2K,0
BURLV8N39P,0
SHQPC31IMA,0
SYFPBB7V8L,1
CF7FX945GE,0
HRL682PIVN,0
KO2KEW91I7,0
QVGR63YWWC,0
VVKX0QFQNP,0
WOD5843CFU,0
07GRV56JV7,0
JZEM1AUVKR,0
ZLOFO8014F,0
A90LU3ZNTC,0
BFRCP2WQHO,0
E83UCM4L12,0
AD0X0RYO2W,0
0MZBV1O5M7,0
FJZP45R3F4,0
CYY3GAE616,0
7D9D95PQNW,0
OKXFBBN8JK,0
CMHT2S1LSP,0
JDQSGE0I40,0
SBGKIC20UA,0
5Y5U1W758Y,0
Q9PO3DO3OJ,0
RLXGXGFM5E,0
8O33A1JWMP,0
IF1VN8QXA2,0
B9HES3EV47,0
O7TY1AN3IE,0
Z3BPCBTOYB,0
5J95RKV9FP,0
GFRR6XZVBG,0
GZ63V2LYND,0
N5XE5G1PG8,0
ZJAY6LA7CE,0
SB7RVAMMJ0,0
4NP8DWZHDU,0
SHKJOLXUXW,1
88HGO5RX00,0
TI3YGTDCHL,0
OMEWZQ30GS,0
PP8YHBS1XY,0
6TARP5IJQJ,0
6GLQJ2YL3C,0
FWXECRSZS8,1
YVNFCSLPGO,0
6BZEIZLPFU,0
Y865H6QHFY,0
L1ZDC9XJ6H,0
QDZUC3RY33,0
8BYEWBJ32U,0
ZNMEEXMMCI,0
Q2GOT8ZHQX,0
TFH9UMTYFB,0
2O04WHHKFN,0
TFPJSYSE39,0
4BSRN2M2IZ,0
QQH68DAAL3,0
7DKKJL12AA,0
QT40IKPCS4,0
XFTN8ID6CW,0
B8TN4E5A32,0
7B19Z3ANZM,0
7X84J9ER65,0
68XQKG95IL,0
AF7XJL2XR9,0
26H88BSLKU,0
I0S0ML9F66,0
VZGZ3ED8IX,0
ZNE4DCNLLD,0
SOVFVXQ2Z3,1
C38Y38HRPY,0
CLXOTHNBWL,0
BFPXE0XOT8,0
16ZJ85J504,0
3V0YQIDDR8,0
YS58X3D7QL,0
FA299S058D,0
YMK8YY1009,0
WYUTRJNQ50,0
2YOHHHXI8A,0
JI6Z7PATIU,1
M8VNFPZXD2,0
PZW3P5F388,0
H97ATONVX7,0
ONZPA1HVCZ,0
FR34KKPRKV,0
7KNFVOR5H4,1
ERJIH2IT5L,0
P2QX9LSRFB,0
M1IOPZZU1H,1
U2YZ61I47K,0
TPW3Q6Z373,0
TQ9QCEI22W,0
0FAA7V1I8L,0
1WRL8V5FOB,0
692G8KFW9K,0
DO69TYYT4Y,0
1Y3DBVVAZC,0
11NCSKDS9W,0
A2WI7G0NUO,0
4LOL2DTDBU,1
22TAZYXXT9,0
NKG2IALIGA,0
49RGV3URN1,0
IE3Z3L8WRE,0
SBFGGTWW2K,0
UAYGZS5F4M,0
G3H4PSWR24,0
XQXFOA1W0I,0
HGMTH8MUHQ,0
WERK74Z12Y,1
DMXT91CA2Z,0
LNHVS3WR8F,0
V04CQZWJZI,0
1UYZ0JBHD3,0
4YAQ9ONLZR,0
BY6541NLO9,0
I5F8MSE6NQ,0
JIOTD1E5P6,0
0XAB0T5ZJ0,0
BILXH01F97,0
1YQISN6FJB,1
UWTJFHSLTJ,0
7HGPZFNHKE,0
2VS4J1ONQZ,0
LTJRT24MX2,0
T8Q8NSY0JC,0
3UOVV2UW64,0
N2C9GBIBP5,0
I8DEH1SLSY,0
YNCY62JMQ4,0
UU6IBK8QTD,0
SZSMIP8JB3,0
9UCZY599TI,0
OAJWSJNNHM,0
DB5QK4TIX5,0
T16STRJWKV,0
1IIMRBDO0H,0
OOE6A6DO32,0
B5Z0CFJC9W,0
VUJWMGE8RS,0
5SLMK62ZEX,0
YLJ49J3QMO,0
IAYQIYO212,0
SPB5CJ07EF,0
JHC2NYO2KL,0
WE4OIHRO2I,0
4BUFQUOCH0,1
VSF81MZA7R,0
48YMTQPZHF,1
6Y75LVZZ24,0
28YBIJ8TXK,0
68KKEA3WCW,0
78CR5O5MIS,0
NTC3JBYTGI,0
NT4IA6V8NH,0
I8YRHKU1V5,1
155XRP86BO,0
LS3B777NI3,0
2XJT1ITWWU,0
LUFEDKR1R2,0
WZ8XCGQMHC,0
LD5E2GERZD,0
LRYP7PE1JB,0
NVKLVP5DPG,0
7W8WT0F7KD,0
JG50J1J4C7,0
0LE9XZ89KX,0
ATZC7UJI05,0
XL0LIO7XMD,0
50MWHKRP2U,0
95QLONIZO5,0
DY9EAONA3S,0
EHEJ0GB15B,0
SC8OXOUW6E,0
NJM0IUNHQ5,0
43KW8MAULK,0
Y2QCNVLPE7,0
N6LHI33FF7,0
WGRN5Q6UM3,0
WFLMHUDDJV,0
OH5XG9BROG,1
D9ZVSENV5L,0
Q1HXRX2DC5,0
NZYXXZ33O7,1
ZE40YWI9AV,0
QF83BTPN36,0
YSHQXTG36O,0
TYZAR09VID,0
Q9J6HFZSP4,1
0GJ17LTNW8,0
CLIKVFOUZ6,0
1S7EQNW82R,0
2FVWEL5X2O,0
ZDIPQHG1U8,1
IVZONNP5BH,0
VXC822JUD4,1
XZYVFSV94T,0
7TV7O9J2QS,0
ROQE8NG9VF,0
OTUVW6DCUU,0
AONHGT737B,0
0JIN8I2NQY,0
F6G1N0FYTO,0
QGT43KTX7J,0
3FGUMCJ4EW,0
ELZVV6SEJC,0
YL9T8ZLN96,0
5L1CO0N6VK,0
M7D2MG9O81,0
ZUS9Q1NO02,0
MN8ZU4WOA2,0
8C5RINHK16,0
N2SFLXD51T,0
OQXJDAUKJF,0
HS30AVHH4G,0
EUDMU2ITO7,0
GWBKARY0Q8,0
TPWGY7U5ZN,0
W21F14DB61,0
VSQ3JN2564,0
0ZUEZIHM9E,0
VG95O92W9V,0
TW9KZJFSHA,0
JHTG8XRZ7K,0
92C45XSQC8,0
XNFJQ7F3JD,0
BV6HPHGVZ7,0
2LQWEAS96X,0
T0232R36GX,0
T9WMCOYONO,0
AAD16I1JS1,0
YNPUJHQM3M,0
SQQ7FG4X6R,0
J6QMU5961S,0
71F5H6MR8K,0
AM0W2FXS7R,0
AU1NXWF6HD,0
JP12705EZI,1
GUDH1Q3A47,0
NG7K1OQYW2,0
7FNACEN5OH,1
MFBYA88XVA,0
H660UD19PR,0
1W898JE8WR,0
I515F6ACGE,0
0V614ZHZ4N,0
VQKGEXCRO2,0
IMC3939NV2,0
3V1DJOM7ZE,0
RL9LO8SVD4,1
JFQ5FP0NS1,0
QI2RZZDN3H,0
1SD3JJZEEE,0
3967A5QHD1,0
C2FE6V7UXR,0
J7EFYAH725,1
CEOC7UPT7D,0
4OEI0CFR3X,0
NP99ZYU2L2,0
8U8O74YOCH,0
Q6FHUXEWN6,0
URHW0UTYX3,0
9R5L6COUMP,0
WRIW2YVQAK,0
DEIH3ZQ91R,0
VIXMACZO57,0
IEMVTO5VQR,0
GKSEBK9TIG,0
2MX1PXF53P,0
A7S8UM343T,0
VDME4HP4UC,0
RUH2UT4XHP,0
O2WZDBJO2M,0
7S3RF0AA9H,1
5045LHAFH2,0
75KVOLJPPW,0
KEMLVQ8HZL,0
LQPUIY91JE,0
7J40C5ECUU,0
YAQ7NLPJZM,0
6KK2JL0AC7,1
X3VDNQGBPY,0
9ZSGEL5YOO,0
ZEGIQW8LNI,1
29U226ALT4,0
H6BGS30EBS,0
3NGES1TYN3,0
H59KKN7ZLZ,0
DWF3715DXK,0
93FUOETNFN,0
8Y867XNE2R,0
8U8UZZHI4X,0
FYS675N0HP,0
XYZRV0SW4U,0
L907ZHBTSX,0
0IFCBLHIBN,0
64KSMF9CP7,0
0QM5A9GWXM,0
T2EWHJV61H,0
U7T77ZEKXN,0
1LOBRRKG6R,0
UBGCONZ5NA,0
NOXNZZWNM6,0
5UXEVIJU78,1
307O4NVKR7,0
NO9JCYHMVE,0
5YBNPL25WC,0
LVC2KATDK8,0
5YZDNNNUZF,0
GGLXU1LJMO,0
P8QRWYRO5S,0
QVLJ3DJW9F,0
02FSH99J7D,0
6MJ13W2G3B,0
7NL304U28R,0
6LUCAW3KRS,0
7UDO85UXIC,0
FZVULBW6Z5,0
OL0UIK8R9P,0
S61HH5LT47,0
SRQO5K7MBR,0
912G2EQLC2,0
SDAW1MQ4Q2,0
XXMKPAELE8,0
T6B7TX1B2P,0
DO3YN07UQO,0
AEAIBLDHCZ,0
ECDCDL6Z0J,0
TM4ZXXPT09,0
64VFIFWAEA,0
GB1FY0N9JJ,0
65893US37Q,0
3GNRV71TEG,0
IXDBWJ50JN,0
IJVVX3A5ZS,0
CZC9PGR5EL,0
GHBIJKW89N,0
BQYSL7L64Q,0
FLPSEGKMHZ,1
0P4X2FFIIQ,0
KPQOX4D16F,0
3CG1KQ60MK,0
LBY2SM318Q,0
DCFCET0832,0
5EUVNEV7PQ,1
NO2FJO7YQL,0
RSFHB5ZMY4,1
ISK4EXVKG9,0
NE1ZPCOJS6,0
TXOL1VMG1D,0
CNHL1IX0BR,0
NNR09PTLUT,0
X1Z691CDJ8,0
KM18AD0BTB,0
IOTXJLIOSF,0
MECVZLVECM,0
W24A5EQFMY,0
YP7IL3KO62,0
FN2RACTW6N,0
DQ5U6VJ8T0,0
HEB0NRN3BV,0
HOPQRV1I67,0
YUYR4F49C9,0
6B5IYVVI84,0
WTS64QL18R,0
DM5OUVH044,0
RJ5YBRLK74,0
BUF754QYBN,1
S063NO0DC6,0
DRTD539HAN,0
J3ZFKH5RI0,0
8POONN18UC,0
AR7THX6C6I,0
SJ43Z57SSM,0
IAE34R7JWT,0
G0VZLED2JH,0
36V52FHC55,0
ARQZQW5XQR,0
J9IHZGSLQE,0
J7S6HOGW7F,0
5BU0AA3HZU,0
8IP1FMV0D0,0
D9MEVKTZWJ,0
WISCSSFF3K,0
8Y17TENCQJ,0
VHHULK0S1Q,0
GMAEX2HP90,0
DIP3V27G8P,0
SQLI4CPVF6,0
GGHX2JD02Q,1
28E3429T33,0
7OTGXK73F1,0
2VP3TU5MP5,0
2KVX59746L,0
CNM1VMMU2G,0
NHAI1RYQKQ,0
RZLW5KH6CX,0
SOXMAIMOGA,0
ZI2LJ8BXON,0
TNP6Z1A6Z4,0
XJEDJKA97F,0
LOAEMR19MZ,1
98O9BD4Z0J,0
TF0ARNMLHV,0
J5NQTI3HMQ,0
J8Q5YASYAR,0
NF6OD5EEOA,0
LXUMT4ZES4,0
ZFG2CDHTLU,0
Z6SMR2XFCJ,0
MKRD8KI1GM,0
7OTF5N6LQ3,0
SWCXP5Z62V,0
F5A1WYJ68R,0
XR77UYACZ3,0
Z81YE3GJDO,0
H26XVZOR36,1
WDJPEULOQX,0
K6KUMEGFBI,1
XXP04ERA3D,0
EUPT6DKXFO,1
146AAFXG5I,0
DF29N8WAKZ,0
ZPHHYWIDF2,1
K4NKSF4KK9,0
V41VZ9FVRU,0
X1D5NFBJVU,0
4RPHVYM8MY,0
0AMVBGY5P2,0
7RIYFP3O1V,0
KVDOJN5KV0,0
KPTZHMUL67,0
IC4D62Z817,0
4QD6KHJN0O,0
MPNDER3WUU,0
31M3K8O8I3,1
2PLWTJYF57,1
4DY9YZ4J15,1
QFYDOW16LR,0
I1L77ILUOD,0
CVX92RZD2E,0
3SPMV0P335,0
MLGB6GBIX8,0
EQI11PHATD,1
5QZWMGY3CL,0
3RWE394NN3,0
Z5QMUQUFCC,0
ROPFNKGO0J,0
A3N5DLYQ1B,0
8GZO5964U9,0
PIHQM0I9N4,0
A5MNSAHPVG,0
OPQH5NB5EE,0
EY3GHXNVPS,0
K1BR4ZUI1Q,0
8LGZ74YZ0S,0
WP3ZVLD6L0,0
2BYOIERM8D,0
FAQC9ATJ8W,0
7XQUFN22ZL,0
6FMMX2ZE2C,0
9WVQCKU68A,0
9TVW00L4K7,0
WBC6JXK68C,0
UO27LV1DTT,0
RR9HR9ZME1,0
F52SC7PB7E,0
0KDAR8T23T,0
CMF3MLP8WM,0
II2K3GFRKO,0
SQN54FHJM0,0
5ZQBFB1KZM,0
KXR3NT07N7,0
JEF1YM11V0,0
GAQ4XQWN9K,0
NGSRT0F8Y0,0
ABNQM983CT,0
EUVJG2HJ8S,0
YIV6BL1KRZ,0
4EYA7V9G4V,0
89LX6XC4Q2,1
HF85J6355Q,0
DWXKGH8YWV,0
FRB7J6CUBT,0
SWMT65LFTE,0
5KYDB38ZFP,0
KBZ7EWH3VT,0
JVG5M4MNM0,0
ENISIEWULJ,0
S73Y32Y0LH,0
G3DI6LBSJO,0
V892G0WKWC,0
YM2EIVANBT,0
AE3FUGMPAB,0
H81MTXCGO7,0
MODHXAESQG,0
J29YRI8VGL,0
REZV3XIZK7,0
KKFRRQPGIU,0
YYM4W0UZSY,0
046TGRGAPQ,0
DKTVDD7MCS,0
9GQACXSCWW,0
HG5RIQEZT0,0
YX0BQFM4YI,0
D20QCTTGEK,0
UIYZNJ81QO,0
P30ULR19D1,0
T7QDTJ3349,0
BIRVY22RBF,0
16HB6517QT,0
2BOTNDUEIT,0
439OI1NRRI,0
Z7PEGMP2XF,0
K1LTF7ZB44,0
JLB50BQUQ0,0
559JKQ0RBZ,0
ORK6FE7AYL,0
XYK209FDH0,0
CMKD88AZMJ,0
FTMUQAB5OQ,0
CVK624CA3C,0
S0XK44C8B5,0
CHHFZKNC2V,0
AQ2HMB6LBM,0
ZTXBAXKRDA,0
7QRY815FN1,0
3RSRXC33LY,0
L033FD8DTO,0
YYXTDN1IW0,0
WFQOON5DVZ,0
SWNVH3F4J2,0
MRS50KBAVZ,0
VJWDF1CVII,0
1BG1ASZ1YL,0
8G2PR03HA1,0
0SRGBAJRR5,0
7CIDDNN6YI,0
HSFYCJBAQZ,0
Y9R1S0W92G,0
9PYTB1DEM6,0
KV1UPVP5UY,0
RC1OQVQBNV,0
SZ9TOLNGJQ,0
9EOZCJO35Y,0
5N7YU2YRPC,0
FG7SYX7U92,0
MYYG2H2PEW,0
PN5U7P744G,0
7HN85MK16X,0
X7V0CGSHO4,0
IESEJ5I28U,0
LX9Q6NK8S3,0
7P64Q1ECU7,0
9LYNNNELQ2,0
3ENUUKNQTT,0
JUABE5JRE3,0
WTKDTDU2M8,0
IC6RS5DE0V,0
OUWLXS59CF,1
IXU3ROJ3T4,0
K445MABDRF,0
Q7PSGOY0JU,0
V0CGQCHH45,0
89DQ8F27Z2,0
CEQ4GN54DR,0
0SM8RX05C9,0
L14OEY0S8C,0
5RCSO4E2WG,0
78BID08R7R,0
TB86WZ5EQB,0
4L5AEQSDDS,0
CKI8S7JJYB,0
EBH55JRBWM,0
8SH3PFMB1M,0
PWTEG3N2MX,0
RSOKFJX8TQ,0
D7SACMNRSB,0
I5MFWA857S,0
X5AVAKEUQF,0
4CDFQH70AA,0
VM4VNR5N2D,0
ZQSELBB8QS,0
JGIEQ7YEZ0,0
GBCWVJ3H5S,0
BHE7RQLU1B,0
6HNYN28XIB,0
0INBL1LOS8,0
D167GS8MZT,0
W1AGWR58N9,0
NQ7S7QX4KI,0
8422Q340YJ,0
D5QSSHXXWQ,0
M8QN4C4M7M,0
G3JGPDQD4C,0
SNY6XF1IGW,0
LXK28S5NLV,0
5LHQ4LTOED,0
BEXS8L5VIN,0
M4UQQNG5EF,0
OWPACI3JQA,0
TSXNLAY53K,0
32CEW71LRX,0
4XE2BKMGE4,1
U8QZ2OMGE2,0
9G8DFSIB8Q,0
75XEK0ISUP,0
FW2OHWGS92,0
10MGY05ZPM,0
LFZHCRJP8L,0
HZPC5RUYT0,0
G7SHWIY2SV,0
KP4O6YYNCW,0
UQAR5OKQXE,0
6U88T8FNUB,1
YR2LECN538,0
PKJ911Q84K,0
4B69UVN4K8,0
ZGDCA9XAZ4,1
SZO7TXFEWX,0
9SRN42I1BV,0
V5DFSHAUSG,0
GE1TJJUHOH,0
HSAKT3XI32,0
OBEL3JWCQI,0
I0W90P1SJK,0
UU72UYMWS6,0
8VEOZC6ODL,0
L7UQJ5ACZF,0
69DXHI2896,0
ICTONKDBQM,0
HDI3QRTJ5E,0
RGX4GEQTT0,0
FAC0UJ3MB8,0
9HVQH98AN2,0
BZVJ60H5UO,0
7OSC6H7WKT,0
OF24KTZ4V0,0
LMHVZCXEOO,0
U5CHA4TTHS,0
LP37TW4SMX,0
RHO8TQLYVI,0
SLTJDFBBS8,0
AZ689QY496,0
MAM6VVLIWT,0
OCUD5WN7ZS,0
XUF4P4BQ1I,0
UONQI279DZ,0
59FXBJ4FBR,0
00RG36VU7W,0
3NM7I6ONB2,0
1XD2R9P0WN,0
NOD8TTXUQR,0
JAOJKANWF1,0
R6IJ4R0RPD,0
Q6HJ008F2I,0
73W5CQ899X,0
WTD8KXIDIT,0
UJBUEBQ2TG,0
NL4VE5522X,0
EZMZ2XKT1F,0
BD8NV757S6,0
QM00EVLYDC,0
Q64K19JS9I,0
WQRGPT61M4,0
5DPFDZ0XU0,0
8Q8TZK7RYL,0
I5YAJYCB85,0
SDAWE0067J,0
LFPOPGBDUO,0
FJ4MLN9XRP,0
4Z0U74D3DM,0
LUM8BXN8TN,0
YLQ9ET4NKG,0
MF3BXVHT5J,0
6W5P7VRFA7,0
O3IXX8Z2OL,0
11IUGTSJGY,0
YAMF9JJMTN,0
N5NL6U9AMZ,0
KL1QYJLIIJ,0
NY09DOFZM5,0
ILIOLEWXSC,0
5ME1BD3L6X,0
DBDOXDQPZP,0
PJAJM1T998,0
4RGZCY9M7C,0
VROGU187BJ,0
J6EB6VBDR6,0
03DA6S7E2Q,0
SILGSB8QRR,0
X3S0D1RYCS,0
KEWZQIKIIA,0
004WNVB2XS,0
CFWRUWQH3W,0
NCZCL6RLDL,0
M776WU5AX6,0
11C1LZBLH6,0
TGKLMKWIZY,0
J01JFCR22W,0
VCHBBEH8X8,0
CFWBPQJKJI,0
IE6K7AWEJP,0
KNWFADIB39,1
MHVBT1OPV0,0
203O1860OI,0
LI70M9FM0K,0
POWHB17ZSM,0
0U2HKCX1EB,0
BAJF24POHP,0
WPPOU02AGL,0
JBSD6DMK7X,0
5BR8J440HS,0
8T3I589YQ3,0
2RZ6H3V53F,0
8WUEYU57WX,0
EHT06JQA5K,1
K47V2YAUZB,0
ALRQ2CHIDF,0
GH3CANV7AH,0
XZSRWEWXNQ,0
MBYESOCAFK,0
EOBP5EKKES,0
R5HJYUCC9U,0
F6FQ5F676O,0
WPSHCFQZRR,0
KNFTF9JQIF,0
7OSKWBOW37,0
BWV9F90CL0,0
XTD37YS129,0
54RQCVWABJ,0
V6HHET3PQD,0
BPXERHRCZ1,0
2596O8NLN1,0
VQJE0GEKEN,0
K1W2INUG7D,0
9YLRBJH5PD,0
M7E6MHUZQA,0
IINAFP1Z44,0
A4JO93TFC4,0
HUO0HHWUWQ,0
CCGAIBHBEB,0
16U5W5KGP0,0
8VNQPIZAY5,0
CJWVMR2NXD,0
582QM2ZN4A,1
7QXL9LEWE4,0
AECLYIFZRH,0
CVHGMDT85E,0
LIRP0LT6UP,0
8BEG3Z47R7,0
PPZHFG0CEX,0
F348BEQABN,0
G8Q53F0RUP,0
4INGKPIAHA,0
FD0EVSGE2S,0
I5YERRCCUB,0
RLRTORPGUM,0
J0VN1TA7UW,0
0YM094PFMY,0
2T3C1P9MPT,0
PJGCDW427W,0
Q8NFEWERY1,0
FE7W6MKVD4,0
20RYKCJRNF,0
RW7FODDZ7I,0
6JK0TSENM0,0
FUBUWSGCZK,0
OSQZ7IY224,0
IYH57Y04XI,0
8PEQ7ZIPOV,0
K891AM2JGG,0
MQNLQ1YHGG,1
RHCQ4BP9QV,0
NY8XOHPGOS,0
9ANEA9H8LP,0
ZB17ZKHXR6,0
503JKNIW5V,0
QIJEJGVKGT,0
GA2GY5J6RQ,0
A0XDF2XQN5,0
TBKCRFYDMR,0
189RYGFE0N,0
6IRETCUU0V,0
M13KM6H3BX,0
HMHTSWQ475,0
UQ7TAGMQYB,0
1X8125BYXA,0
CG0VWKPP1K,0
0GX06LPM54,0
3WMBGUB1U8,0
5NUUV7A6AN,0
05POZTN4X6,0
KE0A0Y1JPQ,0
UBLY4CLD36,0
WYZJVRSPS7,0
PJHWIKN9SI,0
7IBDDGI13T,0
CB2EQEI4W5,0
S0HTBU7APB,0
RBYUZEB91Q,0
K0I7ZGVQUU,0
34TQ54KE3Z,0
LAM96N6SWH,0
8JC8K15MWF,0
0ZT1H9V4DK,0
JO1V8A0LNT,0
CIFXUJU6HT,0
1DLYFP14B0,0
O2CQL3F9LD,0
KTBRZDDRY4,0
8JV8C7GSM1,0
BCMQWQKOIU,0
DGIT0MH99E,0
ZR1QVBI7OI,1
IM4W7IYSEU,0
F2BIMS147L,0
8DPCUSYDCM,0
C3AQ0E33HY,0
LUO9A7HZFE,0
JQ8MGE07R8,0
AY956X5AKP,0
7BZ7DRFXWO,0
2UGVKYXXN4,0
4KXN08CT79,0
BHJ02FM4B3,0
L6VPF8ZJUQ,0
YFROV9MFAT,0
QL9MOQ7JYM,0
3QU99P12EC,0
DQDF7J000Y,0
DL7997BS4O,0
GSO0VRA9EV,1
EOACK8V0YG,0
17JU9PITQS,0
KAMZP1UGQE,0
4TZMHJIK5Q,0
LM6YE6XA64,0
OU853D05XW,0
DJEMRVWM19,0
PWY0I5IQF0,0
9YDBIQ0QLK,0
UWAR664JWI,0
95FNLJWKAQ,0
KX57XK8HSB,0
D2E6W5KUJA,0
BEJO3Y1IBW,0
L22B5VSNGY,0
LLJUTBG7HT,0
JM6D7OV9MB,0
RR6A343WR5,0
ZSRDSRVEOF,0
JF6N4L2RFR,0
KWVN9LCRLA,0
XTI44SVAS8,0
97J5IE7FIV,0
7RODHLE9A9,0
QRP2NZ310D,0
U9F21SSWLC,0
EEOE0QP979,0
TP0JL85WVD,0
NZ662YH8VR,0
EYDCLVUQVH,0
69FBTFPEHM,0
PJX7B7SRB7,0
50HTA4IWNJ,0
MYD7HW3URJ,1
HQ3LYW4IGS,0
1ACQFRDP07,0
TQLE29ON4S,0
VVIML34SGE,0
JNW3DASG2D,0
P6SDYF8F1O,0
0F8JF5HLW7,0
Q5OC6Q0X73,0
S1V43559KQ,0
3U933I167Q,0
L2MVPEACK8,0
7QHXSHOZOI,0
RKHGCLUV3F,0
FHO4BZR440,0
WB06AH7UX4,0
4M93T3GAWR,0
4TETKHDBHX,0
QTO5B63M33,0
6LKUBHALJ9,0
9AHWQV731D,0
S4G13VYSXQ,0
08F63185KA,0
CAC2EPW0U8,0
RX90E3X8NE,0
BOGQVGGH9B,0
VP1171814U,0
PN5D787N3Z,0
96QUZQE8GJ,0
O8ED8O7PYF,0
LXSG6CRR0T,0
L5BAE8OU1J,0
AWYHXLV15C,1
OUEUQ5V07F,0
IDXJ649NQ9,0
A89H55GTKK,1
9FTYZ6PWNW,0
K7PVL73TSV,0
6SKOR40XEY,1
WUVQIIRMPJ,0
WQTSDRXPN1,0
ILH0RXJ8EN,0
ZN6YTH3205,0
P4XU7EYRDU,0
8ZEIFF8TYT,0
Q6SAQ1DQ1T,1
WGL3YNAU3P,0
XC74XUK6N1,0
YC23RRX56J,0
E44SYFLRIQ,0
EXZ7V139CN,0
OXK4EL8FZQ,0
VP01NA0F32,0
F1A9GU1CHI,0
6OSSDDMBGS,0
M02JX7GZD6,0
8EVX2V8SC9,1
EORGKLE3FE,1
MPMZ6P1FJP,0
05VAU0WSAP,0
H06XD8PA32,0
Q9JEYMNFMJ,0
MZL0NNMK5X,0
1KE81TYREL,0
8RIOW0KXFL,0
LES21O5O1X,0
5FUEL3IS59,0
ROM6Q1B3GM,0
GDKT60EQAA,0
B3LR4RXD4Q,0
KM472MRPEY,0
AU0DEMULIU,0
FY65FHS0HX,0
ZIL5QJNLJK,0
JUWDW6HLRP,0
FHYGL63XUN,0
QAAVINST1K,0
46XZWXWC7B,0
1TA8ERV0T6,0
RBJ4FZ1C0U,0
RABPOC3LZF,0
C6YR9XLE8Q,0
9OKUMYY0NA,0
3PZ28QDSFF,0
C96ZTCWC5T,0
Q7DPIHIZZF,0
V3T4OA3NGB,0
3KZ0SPGF91,0
65ZA6LQES8,0
FN0YI8Q3EX,0
N63U51NBDV,0
S5NGSQQY23,0
ZNOK7OICJX,0
383SE1LZ9T,0
LXWLTB5WQN,0
AUZ4P75QAT,0
1VURB70T3P,0
RJU48HSV8Y,1
LXH75LUN2E,0
WM56JACXGO,0
AS1TKDVA2L,0
WLIJQAFRDR,0
VRBGOFSSMA,0
ZXXVF6UQ6E,0
RDURIM5K0L,0
JJPARK3Q00,0
SY6T4OOUFI,0
LINLF4SZCV,0
D0O2ZL5XK3,0
TB1WP9LKZG,0
MA9ZXVDSUD,0
QPQ7XZSZ23,0
DDRWB3WBCW,0
8R8FUNXWYC,0
DIZM7GILA4,0
SJTEVIXOH6,1
OH9FMYGK4P,0
WX9GIZEHOZ,0
HYO5LKF4Q5,0
TSBBTIHGJ7,0
FAYFT59E1O,0
6C9ABVU2YD,1
K2WF5V0SCO,0
ZPF33ER816,0
WARQKESVIV,0
8OBXTB0ZSU,0
6TYOJ93E2E,0
CCBBPZL0V1,0
FCT3RPJQB8,0
XTFM5794CX,0
QB4QI4DP1Q,1
5WVDBVUK23,0
76N1EZXD1A,0
VMR6MPWQNR,0
7FI128LN0S,0
8YMG6N4IML,0
PK6IPBSPD3,0
UVTN3HQBXA,0
5G4AS34TNQ,0
63PN1MSMS4,0
IBQV4LEUIP,0
MZRKWYRHSV,0
LYRUUE7FVB,1
D5X8DUBDY9,1
F06693VQSD,0
YAS4RKB2Q6,1
6QV2L0RTLV,0
R2DNFZZKXB,0
FXDGW1OJV4,1
7NBSG47DRP,0
M8GNBB3IQF,0
UF1AMGVX43,0
X6P8O770MS,0
8V0KJD17L0,0
GX1KZKWX4O,0
WT2DGOLPEU,0
A2G6VIUP3W,0
A1D61CZCIZ,0
Y8BVBB80PF,0
ZFPSUX3W45,0
Q5PGQ62OIY,0
ST3D7SRFAQ,0
23JU70B6OE,1
5RFWW7G8OO,0
NCFCRXSCY1,0
9ODZUBVB36,0
XCZP8PADFA,0
NLGD74KTM3,0
0LA9L8539K,1
RMWHCM1SQA,0
TURKFMOQ9B,0
72OZAD7ORH,0
E7H1AKKEW7,0
HN7CLAYDPD,0
T9T40KFPU3,0
UMGNPNZ7CH,1
FJ5E1C8CPT,0
52TUNPCM4J,0
5KMV8O13AG,0
F4553FYRFW,0
G3BTSA85CH,0
OK22KFVZFF,0
4Q08AVL8E9,0
U1IZR6H4P2,0
G2NSG3H6PR,0
KOYFK6WY67,0
4C2GL5HOY1,1
686VR5ZCO6,0
1MUQEANBHJ,0
OX8QI1ZT9F,0
P2FP92GCUG,0
ASH808OX2D,0
XVCYU4U0BN,0
KRWXGRAW4H,0
0396LOQM3J,0
8MKXBNRHZ1,0
LN4OVU42XL,0
TJ3Z11VRRG,0
G8PPO1G63H,0
XPGCQ27N5S,0
JPIOFVS3OT,0
RD8VMLXGJ2,0
6YM6HAL697,0
HIUGYP4G8L,0
L0E4F52Z5I,0
74WA6YFWO1,0
KCMUKDCWER,1
V1FU022K7D,0
ICOGH9QRID,0
5UOMPQIUTZ,0
75GC6OLBX3,0
YWSEF5Y3JZ,0
WQY18TUUU4,0
EIPR4OA84C,0
0XIICW1NAG,0
NPNYF5JOBJ,0
LG7B6TPIMJ,0
XPWTPN7Y9O,0
MEOX3Z8DB1,0
YGXLVNWW71,0
08W30Q79QE,0
B6MBIZW673,0
632KR8QMOS,0
S5LOSEHZX2,0
9ABDE7DCYE,0
FKIZQ7RKR4,0
TQ2EL5GH75,0
5QLKGKI5NX,0
MHB9CVUOUE,0
P8VW2JXF5F,0
HZH4JIMQ2A,0
BZZZVABLHJ,0
6QMD3PRCAW,0
X46J9JKOM8,0
ANF3980H2O,0
H8WU1RNHUB,0
U7W1LQPVM5,0
CIUI5DZ6ZN,0
UBYUXZ6N5K,0
D75JT62N83,0
D983I17QSE,0
MO3PZ3GQAG,0
LHQCN5EKV0,0
ERCU3YQEUZ,0
GVSX8LHLPI,0
S05FM2YGVA,0
JKUBV8PE11,0
BEZHQZ19MJ,0
55SK6F0COF,0
OO0UPBZL4J,0
LA2QJ08SLM,0
BJTCGQA6LE,0
9MU5SJ8FTF,1
NBOWZF1WVH,0
67T2GUMDH1,0
CY1GYXKDA1,0
FPFLDUTFBF,0
SQGLJ4210X,0
1LDAEIX57J,0
SSB6ZHVD39,0
R8ZYZ3DTUP,0
GHIPATI72C,0
28N64UPP1C,0
A5ZKG1P4EG,0
JCU65MUKS4,0
X9WRIRAMNK,0
LU1PMGB8HL,0
9WZVT27T45,0
4736C9LHOX,0
JAV83PG1CU,0
XX0BABP5L5,0
NTB8Z86DAY,0
G5FAQ2WJRI,0
KIMIXVVC22,0
5M3EWHK4CZ,0
8QOC2OF8YS,0
FX9EVXDYSD,0
UXJT22Q7V8,0
XJ22RN1CQY,0
Q5IFN6QSEZ,0
0BLUQZ7IXL,0
YEOMWB7INB,0
MC37CJTHZ2,0
ZD269AMPU0,0
HQKAKXUWD1,0
EPZY5SLNVC,0
R6Z0WZ989J,0
GKSGTTZE0D,0
PAG41G1GGF,0
4T9TSKL347,0
W5TXIAILAH,0
TLQRZ6NK6U,0
KVWEX7DZQA,0
UBSCK98UZB,0
GZIKY5164S,0
REM9UDBAMW,0
T9FOQ5DZMQ,0
Y0V78KL93K,0
SGVZ5YQDYG,1
QUURCQ0L7V,0
LFPX4W34O7,0
0FX95ZS2QJ,0
3F1ON5LMF7,0
IV95FF7BHK,0
WBCRT659E3,0
37KVSIEX6F,0
RZ47KL4FTA,0
3NGWW9K5T5,0
V3MM1HCERL,0
YIEPDV6624,0
FCSC57RMBM,0
F9WDWVTNM9,0
93STG3R0C3,0
D0H2QIKVN6,0
POYHMH6E5R,0
76QTTX6PH1,0
XAHX94V8L4,0
6I2QRMW8OX,0
YMH07LT2O6,0
LVW3FK87AM,0
IWC0CVU1ZL,0
TZKAWXDL20,0
EQBAD0Z4N1,0
9CS7UAJ4MY,0
9ANBECH8VX,0
613JTOBG0E,0
IE7APCL0TB,0
S4H6PZXL9A,1
XPPU08YX2Z,0
7RRCJLIBF2,0
LM0DQP7HHZ,0
IWRGFJKU61,0
AW2IFVG14U,0
0ATFYOK7XS,0
NHUNNVJM6C,0
CYA0BAGFS2,0
RJ9ZT3ODAZ,0
1R1DX44KGL,0
6SF9PMHUC2,0
C6VZ2GX0W1,0
CVZ4RRQJGX,0
7V82WA18HV,0
IA545KFUTW,0
327WGLAMUB,0
80HI7B6NZW,0
Q1T4KS9UYE,0
1Y8V7A99CH,0
V04LCTPDRH,0
VRZS9781FW,0
QA9QG31KOH,0
U8MCHVSZK0,0
JO1XXBQRT8,0
CLET973JF5,1
78RZS43U10,0
U0K7YYKD2A,0
O6MPR1VOD4,0
NOCA0K42FP,0
IT9FTMBKVR,0
A9SCJMA798,0
TR486TE4AQ,0
M3NQMVPZPY,1
I2UH2F18MQ,0
C9OXLUPFVT,0
HLWSHFTBP8,0
WYSNHDE578,0
VC8LSL5VMV,0
VIRV7M3PJ3,0
QXCB1WVAKU,0
5BLV5PERGJ,0
AIPHS9QDCX,0
2VX1TXO647,0
3L51AYH0D9,0
FFAE0IHGZ9,0
1NXT8PKWAE,0
DQNIUSRUBY,0
0STWLGSPY5,1
X032F3HCKK,0
T3P1UHDRPC,0
CEUG1RFY0S,0
JKDVCJBT0Q,1
8O4MIYPA7X,0
ZLP3YJ0SZ0,0
6P5H3TRH8S,0
2JEZ6RQ3V4,0
H5IWILTLFI,0
SC591NK2YS,0
833UTE1T10,0
9LVC8Z8GE9,0
XFXX0OTAX4,0
MWYVGYLL0J,0
B7A7XAIXOI,0
74SN772Y06,0
OOCY60RXQ1,0
YJB9SZVSKZ,0
CFCTUWIC7J,0
BWFH8WQ2H1,0
V0DE2SZKKO,0
TA7ZCITX00,0
5ARXCSII72,0
E34JPPG6FK,0
8I8FDI8MHW,0
NEMNS3X65K,0
YFC4Z3T20T,0
W7P0388TIB,0
3V7C076P9T,0
CTN6V4I5SN,0
SUOICAMS1Q,0
RXQ9DP2LEC,0
L2YPV3K401,0
DO5CEJRIQL,0
VDB40UY02O,0
JP0110GL5O,0
YBWQF1Q9MU,0
059GXL3MYH,0
0O3M38Y8ZU,0
P5L5VJ9KFX,0
UVLDYMLS6D,0
KYE0ZF19HX,0
INYFF4MYI8,0
5ZZ8M2A8VM,0
OXZI3WTU5Z,1
1KEDMBAE61,0
4O1QZEFLWG,0
E4ZJJ3OHP3,0
G9BQ0ZKLVZ,0
GS85NKBHAZ,0
AH3TO15SSQ,0
3H6ZICB2RX,0
XTSZPFBK7Q,0
2QS3RHV5KK,1
PLEF4CYZ72,0
KGD4HWNR5S,1
ADDHREVTJJ,0
HSE9EE08R5,1
1QW5APLHZS,0
5V7J3G6MSU,0
8OJF441ULS,0
L2KWUN8CF1,0
D8M4HV5KSB,0
BWBTKKAEXT,1
T7TX2UL5ZJ,0
GA8UT6602D,0
T0YFLBIBBE,0
PDIL9SM09D,0
8EOJI87RYM,0
XV2YT8WBWQ,0
9JA9HQA8X3,0
PNQEF0US1X,1
FWSE844TWB,0
2AUKWRVM3G,0
70YPV9BSXZ,1
MGCTRPBM59,0
AMCD2RT89I,0
CPF10XKKF5,0
FL20P1BBOZ,0
0JP34DLOF1,0
ZE3TL6UVL6,0
4DYRUOWQ1C,1
QNG0XTM380,0
YIUBC8PENB,0
EG8RI00Z39,0
XAIMQ0O5K8,0
5XVQHMSYW4,0
JPRRINN0K4,0
0BO9FSF74T,0
BKODTKGFG9,0
28W4EHZ5VU,0
APC51X9VJL,0
E92P7EVUJ4,0
TCFEFF505R,0
GMRB85YB7T,0
BNH32IZUMW,0
VALOUOGRZ4,0
RDJIVGVNM4,0
AVWL5HZ0BQ,0
0FE4AILFT6,0
X91F2T8Z3I,0
JT8GOLGQW4,0
U56IMSU13A,0
2FH3EN1O9N,0
DNABPFD5A3,0
MLD1IP0WQ0,0
RWJ6KDHGKG,0
3RHDI06HR7,0
3OG941KGOH,0
9DUON7XB6P,0
YEFLNVZO05,0
HOOKY59OXA,0
ULN4MXGO53,0
WGE809GRQC,0
B9MHL99GDM,0
0A2MLC9J01,0
7AJIB7OTBE,0
UW43M1ES2K,0
MBN3PXVORN,1
IMV4GTTKNQ,0
GYDXVCCOZI,0
ST8DIUAOLU,0
JZKVJLDY98,0
OH2Y0SQC5P,0
T5XXTTLYJV,0
HMJCW384J1,0
IJC60OMPYP,0
XSM4GI2PMV,0
ENA748ILDY,0
R0JTMX4LXX,0
HORBDQ0I0M,0
NOIAXC65DK,0
UV6JRZRK6J,0
JRCP0XC91E,0
RIJ86VYIPT,0
Y96Y6HLFCN,0
72IMKFXMZ6,0
K29Y7PG6VP,0
Z0FV12GL4I,0
YHCMX42AEX,0
P9KYNMMQH3,0
0FKUBYC1Z3,0
92J8QZK44Q,0
340UT11OHK,0
LJ0O8IOD3M,0
CLWG8DLMI0,0
VVHP5MNLUM,0
WCGW2WMFKL,0
4XA0NSBJY4,0
JCO53LG3ZZ,0
XL53IJ86BO,0
DQCDVS031V,0
39I79CO71H,0
CP8YPNZHA1,0
RDE4FV0EG5,0
09TZXH3DVR,0
XZORAIMP3Z,1
XYMXTTTHVY,0
MFNWVI5YJU,0
PQ49J2R9ZD,0
9FGFTRZOD0,0
CF0IYFJ0ZL,0
IQ6ZNCA9ED,0
YYYMCM6OWQ,1
TB997RNK16,0
XKLY3R08M6,0
DGOR07IKBA,0
XM22XR03IR,0
89HUIUG2Z3,0
6H25V46WE2,0
TZTYVQ901Z,0
MCONWOPC5R,1
E1W225RXAH,0
3FDH4O7WH3,0
JNESSHOHMC,0
UTUL88Q1HF,0
AZBV5B679C,0
Z5KNFFW8SY,0
ETCTGNMTLI,0
ZD57DKB3XQ,0
30WAR87E5N,0
3Q4RE7UYZD,0
FWO27NJ3X7,0
IWI79YNRC3,0
1CXJD8PKXU,0
1NIDEIOXEH,0
AME00JPNXO,0
PY197SLP56,0
RZMGWVG1Z9,0
4L0GWXVUG4,0
FPFWKIS2CX,0
YRUVQNGQSP,0
AZF2WMATD5,0
AKDKZWNHW6,0
8TNR6U5NX5,0
FTR0IA1HO3,0
SKZ07SMK2Q,0
SK5BVMMLE1,0
GZ2MD9WYDB,0
0760QDNV6N,0
KQUWPR57PG,0
ZUOXCK2D7R,0
ON8ZK4BUF6,0
0UEMM93LEO,1
2QQW10FAIN,0
YYFZYCUXNY,0
KBVDJ8JBQ3,0
11N6PFKA7D,0
168DCG0HYE,0
JMVDMBHAJN,0
MYDFFG4DJ9,0
9UPJLG4JX4,0
MRP3A9CRJM,0
LORNNBQ53F,0
PADQQMQPPT,0
062UGXSKBW,0
C5CQK8V15W,0
B6838JO1OH,0
8TV0LLKF0Y,0
N7QKT4TALO,0
4GML14RVRN,0
ZQ42ASZGQN,0
8R86ESUY0O,0
PN3NOXT1ZN,1
9VA6QU5K4W,0
S7UPT55XHR,0
WHWQKRZ9QO,0
FNE9WBL2Q4,0
WHHALL2A66,0
GFEKXUQ5RM,0
HG8LRMOJ6E,0
ZR80L9JJ5D,0
HTYD4OHPN1,1
H0US7YAJ11,0
GK50A8XYWV,0
C1H8XV0ZQ0,0
EQUJR1EAY3,0
KYOWHYDNVJ,0
EW48C9X0FE,0
D5UPAH4G60,0
BVD0MHW36V,0
G9VYICVS1X,0
APPWNJTZYT,1
FF0DVVN813,0
NPS2M006N3,0
U195YDCAN7,0
W32PBSU5GV,0
MCQ7R1Q738,0
S3ALD8O9SX,0
LZUFC3FAXZ,0
JAFHYXBKIC,0
QI8V03RXD2,0
1Q0QAYRTKH,0
2D9T15X8CB,0
4DAABN1JGT,0
B5A154HRXE,0
SG313ZAWTS,0
1FUN8TFOR7,0
MORXMDU31B,0
PFOTWZ1C6P,0
TE74F72J5A,0
Z4N9Z3CRVZ,0
360BA82WQG,0
QM1OUA86M4,0
UMNZHE5DMM,1
BIF0JL9PGE,0
UPPQBVS0HC,0
UW8P9JQWJ5,0
O8QLK2XX1R,1
9HGI365MLH,0
EOC12V7ZEZ,0
GA5QDBLKUM,0
6LCVUPDQGZ,1
CUMU2KDSMZ,0
KZ9R91QDTH,0
8AHQUBKHXD,0
VBAJZG4FKH,0
3EB6B5PI7I,0
4IOC4RWSB6,0
BMW9IA17CQ,0
ZYHLFAZSZB,0
YWADN5YTC1,0
GH10ZN0ZJB,0
36MMUJFZP3,0
GXGWGG5VCJ,0
REKTOATXPJ,0
EZY644FQRQ,0
XA6XZPZ77Q,0
00DCGPVJU0,0
BRTE0VQA0W,0
HLQCIAUPUU,0
7SPL8RY4QQ,0
8O1S4L2D1I,0
0LE48X2LR6,0
6QFIKWS0CF,0
XEF64M77O8,0
9WR5WUZY52,0
S0ZCGIWL9K,0
6FY40LJOFB,0
U5L9JH6CS9,0
YED8X15A4X,0
36JREFTMGD,0
M0JQ67QOQU,0
W6JNU8BSCD,0
2Z3COM2ULY,0
QJQBCL867X,0
I4QWOCZ658,0
RWAIYOET59,0
LAYP3QRNHF,0
7H44HPZTAK,0
930NA2FV4N,0
75IUPQI124,0
UFT9O7P9PI,0
EYZLCQCNAJ,0
EODCGPZPBA,0
4T16B2SLMF,0
UFBRVZ93UA,0
KWGA40C7UW,0
M7KJ7R9GWT,0
JI2PT5VUYV,0
CUFNI6MOP2,0
5DW1YBXZNZ,0
QCYRZ4WIEP,0
00BV8S0HLX,0
51VOHX8ZDM,0
JYP72AQO2G,0
WEXXVEUIRW,0
SRYXFPJYKM,0
LB5OORR9QP,0
SKG95WNUN4,0
1LI5Y8FL8I,0
WXYH2ETW1F,0
3DBP71PGEW,0
EJCWI94K3D,0
Q1KLKA6Z6E,0
YB01DEPRDP,1
6NRQWHWRBR,0
A43XC9QKZH,0
7AHK5F5PII,0
FEDAFE2PKA,0
61BL974TQO,0
QPPW0GEE1K,0
L3YGMRDYOX,1
AG2SCDGPN8,1
RQ7B2H0R5A,0
7SZSGIC5FR,0
HQ18B939NM,0
K1RHZ35CE4,1
FSUQHZB4XU,0
TCGAXX3OC7,0
SYEZA2XTYQ,0
THDGZZ3QB2,0
0P8AZY0QAN,0
SYU1BPNXDB,0
4VAO1JG006,0
43N4V7KP4B,0
CG3SH23X8Y,0
CPCGI1XHXZ,0
PZ1ZT2L0GS,1
EQ1LN9WY4B,0
Q9DS8N1PHF,0
MMIMFKEX2M,0
OF06MVSNJK,0
8MLCOBNC8B,0
7FP7WN6710,1
RV45TUHFA9,0
K1F3B3FGBN,0
K1NPOMKIB3,0
MH1CEEN9LT,0
WUWUGP8I74,0
JKHBL9ENBG,0
RZVIZF6HDG,0
B2V8GZN67M,0
EXTV2WU1QW,0
FDK3W2F1EH,0
UI8X6H5IJS,0
9H0K8UZMYB,0
X83X6LY6XL,0
ETE0ZHOIXD,0
IBUXOBJDTP,0
AH6WFO6XX2,0
90LDO0RKVP,0
NF6CA8H652,0
BL76VNHLIO,0
AH4HETO1ZQ,0
3ENMUADBIM,0
31WK8I1H42,1
24BRSMQXET,0
K8Q3JVDA2L,0
4BL8JC2SWP,0
YEBSSMCRK5,0
AG9AT24713,0
H71RDZ5IYA,0
XK3EQGUH5F,1
LCCKIG9QD8,0
TWIJIHM60Z,0
TAMZK4GEY0,0
TN5BUNLSF5,0
TJUNJ64MRG,0
5UBKWOF14C,0
PO70W8CES8,0
YEKH9QT2X7,0
ZZJ51FGR2V,0
HCT7FPYPJA,0
ZKVYFCUGOJ,0
9DNIJHS1AP,0
B9KMSVH59A,0
ENY73TSKLK,1
LEP0XO8IA4,0
5ZBN171OEG,0
MS5TAD61XZ,0
P4TAFJLZ60,0
8ZTPUWYVNS,0
0MDIQ3VQWV,0
9JOTONXQLB,0
MIQ96AGVN8,0
PWNU1JQBYA,0
U5UP2Y0XD5,0
QE32SPYEMX,0
54L8V52HNA,0
LSYC1TKCGH,0
JUOBHIM5E9,0
7JL704SNLT,0
BTEE7XGBLC,0
DJ1I6W25AS,1
YOUM8ZP7J1,1
8FNSL28A92,0
O0NU00HG12,0
BGZ2PVYF0J,0
ZU0TC9EZ0C,0
FATC9GGB13,0
0TK7G5QGZS,0
NC5W8JDE6U,0
OGWOF1KFEK,0
PZRDM31W5D,0
CGH0ALKU8U,0
NPTJLLMGVG,0
KWUGSGCVQJ,0
GR8FND4PY9,0
95I33433ML,0
RRQBHMRRHM,1
B6MR3PIXRP,0
ZYPE2NYBHZ,0
ALSDGBBCD3,0
3JTVOP4OU4,0
3GDLPU33NM,0
U60KZKSFX6,0
XYV4OMR2NG,0
SW666HM3T3,0
CBFG4W01Y4,0
7FAO5A9H9T,1
PA8VY67TPS,0
9HIWKPM49K,0
4BRZ2G7SML,0
YJ04EG7E8Z,0
5RIT33ZK1E,0
951POHTH8N,0
KZGGLS6BLI,0
ED51OBJIQ8,0
9JDO9EITV2,0
44SZ4PPAKL,0
A1RE1CRMLB,0
3KNIXPVDVE,0
A6XG7UNAIY,0
4DCSPXQ9EI,0
L0G2B5NL6D,1
ANF0A85LMK,0
KJPRQH3VRY,0
W9X5WGF9YT,0
AF4AD5BVUR,0
F04OM6ZO35,0
3HBKFX47M6,0
KL6VSX19OP,0
VA6XN6GRNI,0
QAYTQ9G0RP,0
79AG40RWD3,0
LST7LOUKW2,0
TVR80W0YFF,0
NBZYPY7IX7,0
8ETFSVHOER,0
WU1WZIM8PH,0
ZJAK8AHTVS,0
DOK3H3MHVS,0
AP78VZOTDO,0
TJOSM0S2QR,0
0TEPXA7ZYW,0
X6YV4AXBIE,0
WWPQGLOB6Y,0
YEVTSZRF9R,0
MVGCXEC0RD,0
XTMW7W1LY5,0
U1CFFEE7E3,0
XHOTGPIPXB,0
CMB5AGYHVC,0
Z9P75ADA70,0
3QOKFJINH7,0
KIC6PWUJPD,0
BCEQYVO2VA,0
U0VIRT35Q7,0
P5DUDNQFJY,0
SK6EDJSHY9,1
VJ5X1239XE,0
TY4B4VQUGD,0
X4IJ2RUUAC,1
LLD57JV6M1,0
B4NH9JBVQE,0
GNLPIB2439,0
4OAD0W6YJP,0
QMT1GTQFM3,0
L1673BM964,0
INYAMK5AQI,0
1JDGMT6IXH,0
KZ76DCV7GS,0
3KMJFJH0AB,0
2Z15T3D5Z9,0
3MGHWHWH4H,0
QQB77PZ00O,0
YW9HUPZNYR,0
77N2H5JMMR,0
HUGN9G1YA2,0
EH3NNMBK6H,0
P69HI6NQ94,0
LU243OG3ZK,0
9XDX7L0GED,0
5YB7Z9DX6S,0
NE00I4O5IG,0
GHMNI51S89,0
PG4LRZZL7S,0
XOEG3NS7I1,0
Y8Y63SWASY,0
3NOYCBNRMK,0
JPDZC1OIXN,0
UNXYTNGXON,1
P2SZZQY2HV,0
TV7Z481DYJ,0
V8W4EO5T5S,0
8W4QMUFXJ7,0
FSG8I0KJYU,0
EGGSDSS4MF,0
UV5Z6CLRAK,0
OJ06S67A4P,0
PQ8XJXNJB6,0
8KZTZMNQTR,0
55MQ2Z5R5T,0
JVM3J0RQAO,0
ID3UQVS6VL,0
QT0JRU6ATK,1
TDODTMEOFC,0
6OXHKNBCXW,0
7QGNJ1UH6Y,0
L5LSONH94C,0
FQNFPW7TL9,0
2LZ1QP8MER,1
PY0C08S9G2,1
NFTI77VIF0,0
KB9KWKVNT1,0
SW186D4798,0
C82OUAM7R2,1
U054YBU8XA,0
F970FV066Q,0
M3U5QW7CB3,0
9O62BG2G0Y,0
EQZI2M8ZDJ,0
XN4O80BTY7,0
U5DUTEYKYN,0
9E3GK6GG99,0
QQ635D7DJ8,1
1OEC475691,0
ZG38P9OJ69,0
ADX4DVJF4P,1
E78GX2VTZ7,0
KRAEWH0J2W,0
VO36G5G5GL,0
ZFLMPYCR6C,0
CR04Q9KXC6,0
SRQWJ7JK27,1
DLN69YPPAR,0
02GTK517G2,0
I2UO3L0A9R,0
8PED2DTLAC,0
98NK2K6I2C,0
HNHHZJE519,0
B4VJ7CJ2QW,0
EOIAFFV0JE,0
99Q18KGAOO,0
TXB07434BB,0
UWL1ZH385D,0
Q3HEX8XHFK,0
K0ZOTGJCK7,0
FZ85A77FM3,0
RQZ4GK8UAK,0
R6F6FHUKZO,0
PQGBHBXHCD,0
RWI5U0S53N,0
GYNBWCYTKM,0
NSG2LYMORH,0
MRBKKO875V,0
PGD7EXDL9Z,0
47CQVJ6TW1,1
O16Y9AYUZ9,0
KXX4Y2685F,0
FR4LH86QL1,0
T7QRJ8NKG6,0
KA63SLDQGL,0
9ZWAKXF3NJ,0
V2QQBNUR48,0
4TWY8H1BOD,0
X8JG6CU37E,0
61N47EK2HP,0
GH9X7E86HH,0
KQ2CAXT1CX,0
KRM07EWRCR,0
82F3UXCP4R,0
BJ5WFNPPU9,0
242HZ9X9MT,0
OV3OESFV3W,0
C8WM5LMAM1,0
SXHO6TV4UY,0
BMGG7XM1DJ,0
BF4D4PPMR9,0
QEIOC00AR4,0
B0QVGPY8B5,0
8LZIH10EXD,0
QGLZCIB1M8,0
PYB0FPFG72,1
NJ3SNF8IE5,0
LP3Q7YYTFT,0
1561OFBL9W,0
2L2LNE2R1W,0
G3SA8QK49G,0
GDTLPJDH91,0
999GP9YBW9,0
WJU0BOC2GD,0
C0MY34KK16,0
MPM4VKDMAW,0
WUZYR8FP37,0
TEPVJ7O2S3,0
A7LOTF6KJD,0
FK8V6JQ8TL,0
ITM0S11KGA,0
B03DIVLKOX,0
N3BTOYQN27,0
3APHXPP8H1,0
FDXPBVRFQB,0
B85ZCL6MD7,0
I6VK1E0N6F,1
7OFOH5NDVX,0
7VX3URBGMY,0
8HLSOFT4BO,1
DCDWBTV3XD,0
VX9FYX5WW8,0
85B4LJ1QPK,0
W5K20UCO2Y,0
SJVWM1Q303,0
A1CA1W8EI8,0
9BKEECSMM0,0
BF7BT8K6OV,0
QUSGZ6MBFU,0
0EYXZA6O4G,0
0LI3ZXGF7F,0
VAAA1V4AN0,0
C4OSIYHZ4Z,0
R7REYIV6UH,0
N7T7Y2SULH,0
UJLKAQ5CTN,0
NVDUZCHSJZ,1
MN2W7OXPUL,0
EE1V7R8GB3,0
SJ3D0PV3LP,0
WW073YBIBK,0
QIXPMJ3LAU,0
I75GQKBV5T,0
9XSLHWJWTE,0
BGAC04R1TJ,0
ZOHRAWQJLJ,1
UJY8RMECU8,0
LZTIKN64FF,0
V01TB5X0XU,0
OR3PVCLMSC,0
V3AJEV0DCQ,0
40P4PZ1VFN,0
D9QBXV9AOQ,0
01E157SVL6,0
DICMY537HP,0
A7EHAYJQQD,0
OW6EI7LIB5,0
HZ2UA8P8QS,0
RZGX78T47E,0
AY9YPAY2U4,0
1EETCD69TJ,0
YHAVZXK1QP,0
LAWIG1PS72,0
0QB5Q1ZK7H,0
RPFO4N5MVX,0
BLE0OA110L,0
7S1NMGGBZP,0
B1ZIK7ATEK,0
YFT7WZS0SO,0
BPEB54NTXK,0
8DMUDLEI2W,0
O3CZBK8RNH,0
M4OJCEUUL6,0
8MXBJ7IMKM,0
O3GQI6SQWD,0
DMAO213B1B,0
0IBMOV8KG2,1
3QTSSGD3DM,0
DTJPWMCGQA,0
B0S6FA87SC,0
SG44YK21UP,0
331DYZZ2GL,0
FYF9E6DV1W,0
7L9L4OGBFL,0
XPIBOZ5OQR,0
952TI9OCDT,0
7QM3SGA1AU,0
Q699HMP5RC,0
TG487TXLLT,0
N9A0H5G4ER,0
CZWERPRLP1,0
Y1HE8Y8U73,0
P5UVK5IMNN,0
5J8VZQFIU3,0
3QYN5E742F,0
T089NR06CG,0
CEY80SLAZ7,0
92NAKE81KB,0
83J0XW2Z6D,0
KM1JB3Z8OY,0
JOI7D4K6OX,0
ONBDY6NUCU,1
C5DS1114AU,0
EC1YGX33ED,0
M35R5FFCXX,0
SC37L2TH6E,0
Q38TF9HBVO,0
3Q7NG4UBIA,0
U0QFNKT6UF,0
TNBPL7S29V,1
3KDR8DI81O,0
QYM8HVX1P5,0
CQN7HXUNXK,0
FP3H4XTKD6,0
QLHBUBVD8F,0
W48UWK6WG7,0
44BHQBL2NR,0
V31IU0A2RA,0
3J7PQPTAP9,0
FNL3UCI53I,0
ZDSS2PPKZH,0
5BXLSETQ7O,0
HEFOA9HJ9G,0
Z670QVXCC3,0
M99CWHTY85,1
CAIV3SVG7Y,0
GQLMSSPGUT,0
OOZDX2HUGN,0
3G2832ETSB,0
KEEFAZFN3N,0
R649O7JVHE,0
43DOD70FCW,0
VUT0QAPDBE,0
MY53NOSGKF,0
XOSD4AZNYS,0
PSGHYKNVCH,0
6BYAXZHM8V,0
KI0QLHRSXP,0
QH7PETLYKT,0
CKJNIW7FNA,0
O7QJRLK8K3,0
4X58GXN8FL,0
9M6523BMUK,0
A738WCPU5W,0
5JZSXT1NFL,0
K10IOOP18H,0
K2I95KWX7I,0
8WUYU3VASR,0
AV0K7P6Y6U,0
7V4UWYU1CP,0
IO0QRC5BT8,0
ORCEE48ELO,1
4BBMG8LF2U,0
F77R42H2LT,0
59C2DN3HEB,0
4X2CYABKIN,1
MVLPSQ0IA6,0
8L6OGTTK81,0
WV8WPNBPXS,0
NQFM12K9NP,0
NG4BINHRGG,0
H5C1EKFQYX,0
XVLIXPAZAE,1
8PKMCKNO4A,0
5KK0AQZ2A8,0
SO7MQ3CABS,0
H8UZZV8ZXF,0
7QWHY4URK4,0
6ZJM38UAQZ,0
I24PF9116D,0
LQNSKD6QPG,0
BO3DUMZU5J,0
2RTVVJORG0,0
NQ5OK1GNOK,0
8Z6CDYVGH2,0
3W9URKM5VK,0
WE5U1CZ2OU,0
HQIARIBZFM,0
C7RJ0DARV3,0
1U2ABKPPCU,0
9GP0HTXAL2,0
K5NF1COEGX,0
T85JS1UXFX,0
XPWMAM1ZJ0,0
ZZ26YSVZS0,0
79Q3W1IS6G,0
Y9D1EXV4UW,0
EWFM5ROL4E,0
C7QN44VDZB,0
KGO4RF3TV2,0
YMLJRTCGOF,0
PFI0O60SF6,0
51VFGDSTDX,0
LCGG57UEH3,0
4TQNLDM94H,1
PJ6IETXNU9,0
TSKFJK04T9,0
UXLV9YJDV1,0
WNACB0VJJ2,1
97OUVSU8XJ,0
Q9OA8271G7,0
6W597BG91J,0
1NVCAXQ9HP,0
9VLMKFKNVO,0
8WSFGSU0BW,0
ZOMO61YDSQ,0
F6G9RF5K13,0
2YVMMX7SBW,0
CWLEZQYDYC,0
ZJSZZ0FAGG,0
1UA80Z6PAE,0
ZACI7H20VY,0
CEV6Z7THLE,0
TLC2EP7U9X,1
DTK4H3L4VH,0
0U5MSVJ0AT,0
0IQALL5IQJ,0
11F8PC4MF9,0
B5YX8AGI3R,0
NFUI48KPW3,0
WAUFYDERH7,0
BT7H68WRLU,0
3RHPP2WHNT,0
GOZWJEBSYL,0
EXRY7TFMV9,0
QJAOOFTFFP,0
QNNLRIR2CT,0
ZHC4XMZ68C,0
YX7JB1OCLY,0
OQPWFKE1DA,0
0609UA61OE,0
V0H79SGTI8,0
N3RXHVIJ2H,0
8BZWXT42HR,0
AH7CF15347,0
XE7J6SV1SA,0
68FMKS9GXC,0
PW7LNZRW2T,0
0V3CZW07WG,0
VM2OXTXLS9,0
ZS9JU5PVQZ,0
IE7DXGO886,0
8OTD9GMUB4,0
X4T03NUI8F,0
IEHR97ZUR7,0
Z2ELXV5FQ2,0
V5LPC1O9ON,0
EED6DQEI7C,0
WZIP6HSXMG,0
K1A8KAGBMM,0
ZDPISG7W6K,0
GZI7SYJ6Q4,0
QBT2C177BL,0
43DTXGCDGC,0
ZX6DBUIBR6,0
Y80C5ZET5I,0
K6FDQAVLTJ,0
VE7IHO8ZUY,0
T6X4LHWRA9,0
1W0TQSKS21,0
S5L2FFYFAK,0
H8XJBH76VH,0
TKFZ9GXRPQ,0
JPAVV3ED96,1
C2SMUOVVHK,0
UEZU87GYOK,0
Y8J9KH042V,0
XUN2YGS8VV,0
6MVRJA5ICX,0
RZOPRJJWH9,0
RRJGFDHVPP,0
W9SPFIZ6M2,0
ZIFE5C85ET,0
U3LQI7VQ81,0
PWUBHI8Y5I,0
PI3JZ8Y6NU,0
1NTIINB6PW,0
K9L28ID6PY,0
MNFSS6G8M8,0
WJV6FI5R79,0
03TDQBDRD1,1
ZT24Z2Y5NN,0
OLWVBE92B3,0
Z44PS0GOFN,0
XHKK7JQFX8,0
NH0JQSBJ2D,0
18STRBPM41,0
DJW0LQG97U,1
FN8YZXU9PR,0
1NHJDPAJB4,0
2226M8UFXY,0
A7P50R9XLC,0
NRA67GHE7H,0
8OK99D5MAU,0
76JGEE2LXM,0
4FRVDC52YS,0
8MPJX15SVE,0
2LBPOJLN59,0
M7TUW5748N,0
K2WH2GFNIR,0
S6SRJXK5JH,0
QRVDOIHZGV,0
962CTML90B,0
SIVHR2YPEB,0
AILI6DMNNY,0
Z3NCKS9R70,0
6TFCLQT96A,1
3YYCQH9WK9,0
2RKK2AJ9FE,0
X30I7S395F,0
6FJLCU7VV1,0
Y03E3WVP6H,0
UP8A21OUY3,0
9CBL4MOG94,0
BGT1V7M9EM,0
MIOFX8H4F8,0
GD3DT531W4,0
QKCCDJNGUF,0
KQKAMBTP00,0
2LCTQ3MWDI,0
ONZG0XI7YM,0
AW3P418UNK,0
CBXZP5D4GO,0
OS96APUVSM,0
RNPTGLXRO1,0
018ZZ19CQU,0
GSWZYM2KJ9,0
SNPC7JMFEI,0
G4AVZRPITC,1
5VXXI75J5W,0
3RG2CKCGD8,0
XLYGW8VD3T,0
S7R43KMX3O,0
SE8QVIBMCD,0
SSF919G7B1,0
ZKGX97V84B,0
8CB1V9HMU3,0
B1PLLP3X6K,0
9DPD88BTGM,0
I4EH9COZW9,0
3I2Z59IAOB,0
7A2VRM8ZRD,0
8H39ZAQ4VS,0
6ILWMG4AHD,0
2LZX69HWOF,0
YL8DEEVVXL,0
U4CEO3KSZ6,0
2YWGWEQ77R,0
FEG5FELDR5,0
QU3D56ZUV2,0
0XRMC9LN4D,0
V5ACZZCEVN,0
6UBLKJ12ON,0
7VVA85Y4WT,0
P6RHTO35JF,0
RY2FCVUBS6,0
M1K1II31YL,0
S6ZJESPI0X,0
YSZUKSC749,1
18RP97UF5M,0
QW7RO8PRLY,0
XG0RA28B9R,0
EOEVWCR5WD,0
6RR87IN8JE,0
W91CMFLY9C,1
J8VG132H8V,0
YZ0VY3DWUG,0
4VX2HI8134,0
5TANK344RE,0
QSCLYCWCNL,0
4DMO169YUK,0
SF4K4KMWGO,0
F76DHCJPPJ,0
DQT4TVUX32,0
1WFAH8ZXZV,0
XLM5UJ15EA,1
FG7CDR0NWQ,0
DS5OSWRK97,0
18K65U2IFY,1
W5UZ2LMPAV,1
8S7DORDM97,0
PZNV5KTBNK,0
IOGB9FS72H,0
Z6PC1HZT3L,0
ZMORMA4ADB,0
FS22Q3SZR3,0
TX3SPDKH0M,0
YO5SX9BAFF,0
6TU4YTGE9S,0
EJPGVL19X0,0
01UH6ACX0R,0
0L017EEKNW,0
MQZ8J68RMX,0
0S4MJSJQ0S,0
CQHZYJZEC3,0
G4XBLNJOZL,0
PPPRQNFF1O,0
YBVGGQ552P,0
EV0UF92JGP,0
5ET326IL7L,0
ZMY0VEJ9PV,0
JYZ4102O61,0
HKUGOBX7JK,0
SOUPFFGSAI,0
8O4UIP78DH,0
5M104RRPL2,0
B28HEXY0IS,0
7N0CHEK560,0
BP7JYYHMUL,0
FEODKUESDH,0
NM6MFZFE71,0
ZPK9TH3OOD,0
HQYT3D4CEI,0
1AVVMYIFPZ,0
06L1BRCA35,0
L4ADEDCK1P,0
8Q8PFQ59SE,0
17SWRT4511,0
BU1NDEMP99,0
NUK5OCATIP,0
06LQXBT023,1
LA4BN168B3,0
78A02E0RFF,0
BCB1S4UWKT,0
AU5JHUE2Y3,0
L62Z9805XG,0
5DJYICG5DB,0
TFO74JFV4A,0
IKI48ULSMJ,0
VJ1487HF4W,0
HW26S4KQUC,0
0H3F94M5DO,0
SWJ7YD7HUT,0
JOIUL6U09B,0
3UUIA3IRRI,1
3QOIQVHISE,0
671XPRWA5F,0
EOSXQSA1MA,0
CJ9EMPSXKR,0
C5RUPUQA0G,0
I5ESKRD8BU,0
DLWL25RA0E,0
U1RMPRRI1P,0
4WE62T5KAB,0
BZQWHABGRV,0
ZGFVLJWBEK,1
TNVLKR5OLI,1
OZBQY2YQXL,0
G5KSP5IWUU,0
ID6D19FS89,0
JBBEK4AS2F,0
2A7T4KBH9Z,0
5Q0SJU85KQ,0
5VDTLJ7LWS,0
C3IBO5LSCO,0
0T6BTYQTRE,0
4ELEPRCPFA,0
GCN332FNLI,0
U3EUZ06W4S,0
D5UZ9WEWT5,0
Y8H0VG8NOP,0
2BFTRR3LX7,0
7G9Y9HVT5B,0
TUBGSVOFG3,0
4KEO34VH44,0
C2W7HGLK6Z,0
XUGYCRUMJM,0
F05CJVC358,0
DJ1OLC9R3F,0
40VJYZDBLT,0
78T33PENQX,0
3YAPEMPXNX,0
PIWSSEWSSY,0
R70ZLBYWBQ,0
8M4PLPJ68T,0
YDK52BX5Q3,0
KPQO99N0TW,0
CZWZKW3HPY,0
DCT6SMSY1I,0
Q1K7IGSPOL,0
X0W86P7UY9,0
1VP8LCOFIO,0
7SAPFQF3KX,0
3G1J89NW7Z,0
1UEH09BMAL,0
OZJN92LWTI,0
I8ICLJ5QI4,0
7I3DM4C42F,0
E0465AMUYX,0
YTB9LS8SJG,0
07NWJGVXJE,0
965D6AXU19,0
ALGTVKHE7F,0
1ZL5PF5016,0
1R444DKGOG,0
N8MZZDJ7JY,0
8YPUZU3AX9,0
6ESSEV8L5K,0
UUBG5OGJY2,0
O30PE7Z12V,0
E7FI5ST3I6,0
F8B3S2BTP0,0
W7X9AJY0H3,0
NN58GSOKQF,0
O1Q5L02UQ4,0
GHIYT2BBJK,0
K5MX76FL72,0
BH4S04C2HB,0
83NSP7GUQZ,0
UK0T094MGQ,0
ZOGKABU9N8,0
TD50PHRJ4Z,0
FDD9VFEJJE,0
HS5PSMVORP,0
L5GA8QJ0JU,1
EUBTN82X5M,0
MNU6XTK9IB,0
TFWVZ94IGU,0
EFH1CPKPPY,0
VHPF6U791U,0
TQF1PTDDDJ,0
TGOCFDYEKQ,0
IV88ZYRC1K,1
IDX1CFLZ6B,0
EYS3Q9IVXZ,0
49YXZZOUZM,0
TM826ZSHAB,0
M5PCMKZBRB,0
ZTFWQUBYVR,0
22178M63NS,0
054RLX43QB,0
MGHNS7CC2T,0
GC8SY5P8O9,0
59X5SJOHTF,0
S9LU5LZQF4,0
DJCK6AD72I,0
GOEXRXGW34,0
BXQQXVWTGS,0
99HDQ3EZQN,0
DYQU83RA1W,0
F0JYY3DJ1A,0
KPNHIUV3V5,0
QTEPWXVHQ4,0
D059YYUKJ3,0
PUZ8CGQOHG,0
YGI429JVYG,0
ZVHKEVX8PP,0
29EKX08VCS,0
LWPVF1L0QQ,0
EQ151OTXWF,0
XXRG1CD8GI,0
M3E70225TN,0
ZMXZU925QJ,0
MXUQ0GRBMJ,0
I4THO6I8C1,0
7DCHOZW569,1
WJOM80LSFC,0
RXRSA1HJ8Y,0
WXMB0GLOFA,0
N6SUNBPKGO,0
QUGDPVP584,0
YR99OEH5ED,0
FJEYSV14P4,0
70SAVXY625,0
XQWG2JSR9V,0
HTVNKCNBAF,0
5DR3PR7W85,0
2HN0BPVBG4,0
PN6AMXB76L,0
9IWKR80UWV,0
6ZA7N1ZYIM,0
OLK72OMP4J,0
9DNEJB9O9Q,0
JK3IJS824N,0
XHX0G7OTBX,1
KOZQ231LTU,0
ZTFE0N4RN7,0
T59557EB78,0
B24YMAHVUD,0
G46GGH0ZHW,0
4RA4LUEUO9,0
HE4FG22WQS,0
IX1DXYHLV1,0
BD1KUYTROJ,1
RYNFH3I2WZ,0
0111QHB87O,1
7A7N03L5L1,0
WSXVX8RFNI,0
695I91X0N0,0
LRPZLJ25W0,0
MUKM0P36EF,0
PLBY01CNEK,0
NFS656IGLR,0
2BL63NFGTP,0
QB3UC6U4K7,0
XVIDNQJ0WT,1
NLPW1B0Y9P,0
DPX40QQS0N,0
2ZERV85HPI,0
D22QEXZQDP,0
YV1SJVAT08,0
DM0HTP5ZT4,0
060BZPJDZE,0
83M9LA9DQU,0
0GUXA4OPRE,0
L6GTXG94R1,0
DYZ898KADQ,0
T1PFG4BY44,0
I9ZS7DNNNR,0
JL37VE8XC4,0
J9IKTN6VDI,0
71ZXWZKXJZ,0
LW0JNR5O61,0
LBP8HGP4HA,0
ZWM2FIARBL,0
52M2YXLKXL,0
CSVHWQ1U6A,0
2YPA00TTRO,0
BU8MCT6BTO,0
PJM60UNO9B,0
HGNGOZR1ND,0
ZW21K2SDYH,0
WGKM1ZHOS2,0
QDFLOVO59F,0
LFNSAQO7HJ,0
X5SPOVW6J8,0
XKRB99F416,0
90IHVAD482,0
WP1J1QA68Q,0
M43QFVTJ3O,0
2HT1M2G93F,0
B6XOL19OXV,0
PG7FPQB33C,0
VZJKCV6E0M,0
F031FMWS2R,0
ZW95RJ0LGK,0
HCMQ8TQVP0,1
O8AL15E2PT,0
H9SF44BH7J,0
ELNONWOC8N,0
UGVCV73Q4U,0
R54VJVGTM3,0
QSBBK6VIKC,0
IQNT3BYX52,0
HIKOK5X2RR,1
PSE6ZP4E5B,0
WE19YW07B6,0
8NNZC4W02W,0
WPUDA6FGQS,0
QWDJC9QYU6,0
TMVKTA9A40,0
DGVOB7G4C2,0
NYFNO5PTH4,0
2QL7B30FY4,0
AK8YZEK5KA,0
G533FU0D27,0
YP78G9E0Y7,0
WBQK0KSP9P,0
G9RQPHZKTS,0
LP7V4SG1LK,0
O900GW3BZP,0
S64KMPW043,0
JMNB9YJ1A9,0
XOTGGDND4M,0
HWM8JIPMNR,0
1Q57TRX3P7,0
NQYPEGWKH3,0
EWKWYWWQOJ,0
61ZBWN1J0M,0
U2BWOXNCQC,0
C2CN7UQQZY,0
WJV00QCHZA,1
D8QXMJ2G0H,0
TT3KELQK9F,0
F6G4QUU6B3,0
C5QYB3P3TM,0
QW1RN4ZGS8,0
TQ0Q1IXOSH,0
SZLQ6PDU7P,0
VGF973NDWC,0
COVC85VGZH,0
WDZSQ42UF6,0
8ABFTQ9Y6T,0
867BQKB973,0
45OQPZ1NZB,0
HSCCDNE32X,0
VK32HA02Z8,0
O1B5XWMQ89,0
FTN074WA5S,0
PNJ36VX6EK,0
2MMHLQXZ9T,0
ONQNW28BGW,0
XK8Z37S38R,0
L4BJEIJEHM,0
M1YNT1MFKI,0
AD8JKINY3A,0
PDST3B7PZI,0
TSN7ODR93N,0
PDKK56V7M5,0
6Z8RO84KKY,0
HF133JAP7W,1
42NA93RNZ9,0
C0C96GJQBL,0
96JLGPPYIS,0
1G3OMW3LNO,0
OSG9FSG1AP,0
5827PH76HA,0
M4VDPVGGEW,0
BE4LFRI1ML,0
H8VENU57GC,0
WU8B3GRMQD,0
YZXDJT0D12,0
PC6W09IMFL,0
8ERSHRKJT8,1
2UH1AUVBTC,0
FDU49HLIOY,0
H6FD5TUKKQ,0
UWI7BTJI77,0
O6SS5TEM87,0
OY1EW0UAQ8,0
INOI5BRU0R,1
0589LU0O2U,0
L9AJXAIBQ4,0
SWE0SDKQ81,0
D9I2CQQGXS,0
6M311BH2G1,0
5N1GHA97XC,0
AJRZF1X8IO,0
FZTZ2V397N,0
8QC3RF2X4W,0
IX3UZQWRJV,0
4XZCJAXWRX,0
MS4DDZA6LS,0
6I8ZVUDGLL,0
LA00WYR7CR,0
4GYJO5N7O9,0
NUOGXBQMYS,0
KR7HIB54GP,1
AGC1TNJC7U,0
PMI15H77CU,0
575V4S2T8S,0
DFQX9MT3X7,0
KOSRX5OKDK,0
SDX2GUAROT,0
OG8IPYO8YR,0
IPR35X9QGO,0
FMUJD9V91C,0
JMU6HIUAH4,0
VPUGOCB9RZ,0
Z5ICH0MOGD,0
H4SZBC1S3E,0
FIV77RZL12,0
SCSQHNDQ7F,0
OCXRKE1HQ4,1
NS1QXOQWDA,0
V6CMV71JLU,0
AIVOWHPPFG,0
GTE1K55BPS,0
PBTRTI5S37,0
0DWK9YMY0X,0
J6X73KJ0MZ,0
398GQ8O0Q7,0
L0BWLP92T9,0
N5K5VBANLC,0
NZNPUYLZ1M,0
1YL2VV5PZR,0
74KYZGY55S,0
HKNFP28TPH,1
CHCYHDHKIT,0
JFUTASD8NS,0
CXKQP3JW5X,0
0SKRX7TCT5,0
DWBNCPVOOA,0
5WRHSTOFAO,1
XKO46E8J4G,0
Z1HVOKTQ3G,0
7JX1K4F6NS,0
06FE7ODUK7,0
DW5CA2X067,0
W34DAEC60F,0
K90ISRML9T,0
X2W0W67UWM,0
NVFQR9JAZJ,1
SHMNXZ4M40,0
7JBKPFSK87,0
W64L02GK3P,1
0RGDOAEVAA,0
RVO522JFKK,0
XQ0BTMEYG3,0
ELXQZ8TGPX,0
DT3LT4X8JV,0
SGZOJCP7FP,0
H233N0KCBW,0
1IXRJN2YI4,0
3IZ2G5BFQU,0
9UUF8XKXED,0
XWJIM7C12W,0
TNCWU7T7MX,0
XVFCRY2SNX,0
JE2FESW436,0
IGMFVVTE9R,0
TTTSBSO1QC,0
TFNW2YKLJQ,0
IK7288NNND,0
91E8YL8GIC,0
AEQXZ0GCFG,1
1X3DSPLSYL,0
61IR49YZ3I,0
N2MPHBOGXV,0
Q9VJ8S1WFK,0
BHGP4K44GW,0
8ZXUYBWNL4,0
N34IBA3XEZ,0
JX3XGPOX5E,0
LEORIP8A35,0
YEWS4X91QG,0
PMQ8BE16B1,0
C1CQFOOG4R,0
A7I7SVE9US,0
TTL5UWCB3L,0
017AQPVG9K,0
ZFE344IQR2,0
L4XMV6C8DW,0
56B71ZKNEX,0
841QMQ1SGQ,0
0426OVCD50,0
RLJ5J6F9CV,0
NVH0ASJ0W7,0
1K6BW2GVO5,0
MA6N2PZIC5,0
9H40J0GDPG,0
WQMGPE78PC,0
AVSRA2C72R,0
134H9BDU7R,0
DEF1LXSU6R,0
D7SURSEADJ,1
OAA4HA8LQ8,0
06HFX4G087,1
WVU21YRHWM,0
HY2YIHFFK7,0
1QE3MBGUKM,0
GU327ANF8D,0
YT3A3IKYL9,0
YGOKJPTWEE,0
QR9NAPIS8O,0
GK0JCNWJOZ,0
KYI4NNU7K9,0
ZRCQLUDPEE,0
47SOWG5PZ8,0
U4OODGOOE1,0
TQBXUBN2UA,0
I5JF5MUN0F,0
4IBBE4P6AZ,0
GBQPVM0SC0,0
0J5IGSVWNF,0
6J29QWZ9J9,0
WA8LRUCDDG,0
EXA64HXAA1,0
JJ8XN2XTZ2,1
UVWTCUXUFN,0
494CWSZI2N,0
PH7UG1FXZO,1
GA6ZJ0WNIK,0
PQR9GYR8BV,0
OLK3POCDNV,0
UWD4J0V9I8,0
JU9SLWFJ27,1
55Q7V16JQB,0
9HENV70N1F,0
J76AFM63IT,0
WMD2HRGQ4K,0
RTPP4DRW2N,0
BWVO77ZSF3,0
A4MCVYC0XI,0
X4NDTMYCO2,0
T6AA0GUP04,0
KY4ZFIM6U6,0
7EY6P14SO9,0
YL1JGAZOZI,0
APV0WVZ22L,0
2VRHA5HXS6,0
2NLYMT1PI5,0
M1SW6HEACT,0
FMH2K6H37A,0
ZIQPNWHCS3,0
KHDPR1LFZE,0
9G9K58U1BK,0
4Z7R9R3PPO,0
XNMR25P2IR,0
02X072UBO4,0
MEO554FVD7,0
SBFTBCIB2G,0
6HSK5Q4HQY,1
VTDUNQJ4H0,1
6KGYARD5LB,0
Y30JEAL2WC,0
MVZV6PFQD2,0
UD1L5H4XLG,0
ZK4ATNPJ6C,0
FEIG3N0QE9,1
38Z413GTTQ,0
BOJVLUSQJN,0
DT3V8N54CY,1
DZ5PGOH8MT,0
20674602QU,0
EQGLW2SJUN,0
4F5ZWXI7J1,0
23AHEO4UHE,0
2F4RJ9SIWJ,0
BIHHRTZC9D,0
FGAZFBTNLV,0
TN2AMGCHQF,0
TMYTMJOP2U,0
NFEH9HQF9T,0
WSQF8Z82FL,0
U0NFZK8CH1,0
JVZHJEDAAM,0
UXDXBLBA56,0
J6N9NKSFCA,0
L04IVS4V9R,0
Y3N79I1BOA,0
P8SQMFKPJO,0
ZFC0CGXHZO,0
XFSFCO2O34,0
0ZLSK687I5,0
CO8U2JSQJ4,0
99UBKTLXMQ,0
2DO41VS25B,0
6L4MNY1YSI,0
Z3I68G0U4Y,0
NCLP3DSXJ0,0
H96YKGO4G3,0
J2RPOKOL1Y,0
EACJ8A64TG,0
S9GRM92NCK,0
BQUBQCKFTR,0
EOVHGDTSY1,0
PSZTN8HML3,0
BSDSXIBZDW,0
U5KQIAW6DX,0
UUMCI8HIX6,0
C6F0092R1Q,0
BH0T2I9670,0
FP7FKUVGRA,0
3UAFOA8XG3,0
IEK8REH84T,0
UEOBJSPBPA,0
PURPY5UD46,0
RZGDN264QF,0
NMVOS4EBZD,0
QTEQXPF2F5,1
FM1U36C1NC,0
VZ1L9D6O00,0
3BOR9GO0UQ,0
ITNQ8EFIXW,0
1UCW667CW3,1
411Y7CWKIL,0
6G0ZNNPRKP,0
VD0LUC0W9I,0
J8JIJFD532,0
8YZ1LLR619,0
VKIVW1OI5M,0
W9A1WNEYDB,0
HOMRI5ZWJN,0
RFFTQEP3AL,0
8VAEWYW5Y3,0
RA0VYICNAY,0
AMBYRKMEWE,0
CVU3DS5C00,0
LP1ZHP0VXY,0
76DU2MOLW2,0
RD95I48ZXB,0
MOIWJQJUIB,0
2WUSO0Q8N4,0
VH38DLA920,0
YWNVMF7VZU,0
FQ8GIUDKEY,0
BLLK94DORO,0
68X7LL1V8I,0
2MW9537DQ5,0
LQ5UDB517I,0
HY5CZIHS4A,0
ZAAG8KKA57,0
CVCE6L4J8X,0
4HDTWGDPM6,0
NJ6VGFHZ0P,0
XVCK3WDQ9I,0
406GFZ2J7H,0
7TG99UVOOX,0
F03GJUQHL2,0
9CE1MB6LS9,0
27W92R5TDG,0
6CWOWG5W8C,0
AHH5EF2HTU,0
JPEEKIU8IC,0
BQYE2DO4NK,0
N5MELD535V,0
E7LMTSSWKE,0
XAOKEZ5LRT,0
QHJTE993VQ,0
023VN7QUCW,0
10OCVL8FJW,0
DQR8I9OUKO,0
LLE91000PL,0
7Y7VP6KH6V,0
9Y2ZAD4H9L,0
ATAG94Q8CR,0
YPBODFC092,0
ATINNMUP9M,0
L784769WVM,0
R7MLBOILMR,0
ERNWLP175Q,0
LZ8GLOPDIJ,0
MJRVDLNRYQ,0
RHUE1RGF1K,0
32RKH0FGGK,0
TRKAXBEP7N,0
U659ME38NY,0
BFXAAD20Y2,0
GYBGT914Y2,0
P4PMS2PTTS,0
ETNOZDIU3Q,0
QO38MKS6X7,0
LHMZ86X0PN,0
KGHX3FTXXJ,0
IBXUUEPRQ1,0
G08ZS8ZBA7,0
J3O41D2YN4,0
P2ARF7LK36,0
RG6RSSYJNW,0
W3I28EEKA2,0
GXPX2IQ8IJ,1
RJSP0CRL74,0
8QETNQHMBJ,0
72B5BZSV4Z,0
2TI224890F,0
W5UM9Y8PJ3,0
YA9LVT867J,0
3WTB6Q3SEQ,0
WQBLFHPL33,0
XKWAVL3EWG,0
T5XOG0UMVW,0
WJ3FRCOAJH,0
RU2GIVYKRL,0
CQBEGSMEGI,0
1TXQ96DWBE,0
B1Q2UWEE23,0
TNS7CVZC5O,0
5BMPGT1HVA,0
6M3VCFRE1T,0
G5KR7GSVNO,0
14Z97I32NZ,0
5ZY0RQEJI6,0
XK1S7JS3B0,0
SVG2PJDQUN,1
M5RDMN58SL,0
O1Q3F2XBJ1,0
PU348R2LN6,0
3EKRK490G5,0
SG9FFA8Y49,0
3GBHR85128,0
G1WNSRPVFQ,1
HMMS38HRTV,1
MT6H0RC6ME,0
RWZO36XYAN,0
6JVT1NWNF2,0
0PX9LBADLJ,1
TX2IWCDIAE,0
FT3U02OQYB,0
WW3F75IMSU,1
XKRUYCOEKP,0
VV69XAR4MA,0
IBIF26HYUT,0
5JLGPLV772,0
6J6Q3M3859,0
0HYN1N8TTB,0
392PUTJATO,0
G7W6ALETE9,0
FERD05BR2L,0
L4X543QJBI,0
ENM2GZXLOR,0
4IWM91PXTY,0
K68UNFCD75,0
AHTDP6DIJ8,0
8P59B3X1MN,1
3XGD1WS0QW,0
FIANYPZJQN,0
HEYHMARNJY,0
RUYRIVQ4GP,0
G3PEU3Y8OA,0
IT3CBN6YYM,0
Z8TEI8LAU9,0
AJDSTDNPC0,0
ADRKZS6OYZ,0
NJMP7K25DT,0
81ZPYT2N6W,0
UV94D0QSVV,0
0OWVVMLM4W,0
9NSM34UTI2,0
IEJ1TTKXAR,0
X4LMCRROQO,0
KDJCKP7CA2,0
TYQGV1QUED,0
INDGGC4S5L,0
ZIWBZ3O9EL,0
34W5K8R0FH,0
ITVHEBAEQ0,0
SM6J5KM55A,0
WWXPS7U378,0
LMH39815O1,0
1IBBXMXJBS,0
HOQFW2M62P,0
KE0MRTUD94,0
CWGWXSH4WD,0
EE5LIZ61MG,1
99A7UNSHBC,0
DLJFRTZ88S,0
TW15I39TNX,0
A34N7ACAQI,0
JXLJ9U9QDQ,0
BZ6J11OCPX,0
S2LFFJKEF3,0
IPJBP2N6R1,0
BRBVZ7E9FC,0
SCX9I6GIBX,0
LUDADSIT4Z,0
DN4UN7OEXG,0
EQGFM77USD,0
J4HTSFAIJB,0
LYQAFOCJCN,0
CFM0DZ9VSP,0
81QL7MDJUO,0
DDJFGWTSZ0,0
19LGBUNMBQ,0
N6ONCZ1F7I,0
BQXAUOZNOG,0
X6LX1LHGT1,0
DSVYRLAN3Q,0
XAE4QBBQ1U,0
YY56SI3FI6,0
ZZP35TALOC,0
25WFFRKMDZ,0
COEC5V4JF3,0
NNWZ8DX3BH,0
E5HU6WXB5D,0
SWJ75867PS,1
563OZQG8PQ,0
6HXVKONZA8,0
E3F47K6GFF,0
H54G42KUP4,0
FDAO1KO388,0
6ZBACRGBMB,0
VSXYB76I0F,0
RUTRB2M7PX,0
4QD3Q7HV77,0
T2ATB1MWKY,0
U9UEHB4O77,0
ZW0O4IWZVZ,0
9RZ4U5WZKT,0
P5KQ4UHE74,0
31HZYC5M0F,0
ZTS5NUGCKW,0
6FLDS2J9JA,0
IEZUC6Q39U,0
M1LV6I7QCB,0
PVRSWMF7JM,0
LCJ3G9746O,0
FF8IXXYXXQ,0
TIIQSOJUDK,0
B7N22EEUHP,0
6T52FYLUZ8,0
7UX71QL8TF,0
744RVXKP3S,0
4J10OMME5Q,0
7XHI8NWWEF,0
3TBXU47RPB,0
T1MUXNHFKZ,0
DI5CN1988M,0
I63CPQY8ZF,0
V799I9WHPP,0
R4PFMWS2WR,0
GC3RHEOL38,0
210K54F4QC,0
B0FJZ7NLTV,0
28G1BLPCRZ,1
F9A71UB1B1,1
H49YX6XX03,0
EALRVRHDYY,0
41H7JTH5GT,0
QYONT1W31D,0
MEQNNAYX3J,0
Q6K9TYE75A,0
SQZ8FTMKV8,0
AP5U9XF400,0
AWZ6K1YD10,0
SLMNPIVMAL,0
QZ0KFP3JNZ,0
K4TS89ZNLA,0
I8F3Q80T7L,0
YDL4C23JEN,0
ZNZ7KI3598,0
9YY93W28MC,0
NOVDJX5UIS,0
1NJ8AMIG43,0
8YPOVVMCMX,0
5VOF4UTWYL,1
SNARMF9KBT,0
1P35GIJNTL,1
0TTSQMB9PD,0
6XAQQTS4SV,0
BJUG81ADQ1,0
33ZK141TMU,0
99ZEYJVH4F,0
2LI7LIOA9C,0
B0Y1D81ZQW,0
EL4ORZWL2D,0
XXAFMJ0KEP,0
8925TYT3V1,0
KAWAMOX96P,0
HXQZ6VTXKW,0
JN4F69YYTY,0
WD34ASZOCI,0
FMSN56B948,0
2WI4CPVYON,0
MRRXIL3OP6,0
NU8CMXN8RN,0
1W9X9INX7E,0
6YO0N0AG8W,0
VIG4ZGIOWU,0
3UV0Z3ZUXE,0
SBXU0VO33X,0
SQZ9ZIRPNA,0
VCAOZ969VD,0
F4F2WTG9GQ,0
POG27JFDA2,0
BUJM50ZNZU,0
XMLJF9HLQE,0
OIW3UM1NON,0
MDO04JL493,0
NJBJ5YDTMF,0
MHS3RE4LTJ,0
FQ7TJYJA2D,0
3SSW8DM7GG,0
FLESF76W63,0
OYVA1NWKTW,0
4J6ENMV6SJ,0
S559VR8I53,0
CU5L6GI9EV,0
BN9BQSAOKW,0
K9WBLMEP5H,0
L8OSFEUTOB,0
5U7JV1U1FS,0
AWHBI2LGET,0
6C0FOA0S94,0
JKAIEBHSY0,0
P528WXT90A,0
SLD607UBW6,0
V0ODQLSIW8,0
HW24VKCWK8,0
HKIKQ9FLZA,0
PN91YEKXGA,0
OHZULVNSBN,0
XWQ7J7YC05,0
01HCWM6MTN,0
V24U5GITMG,0
T8R129HOQQ,0
3ZK8EUSBJ2,0
KG8D6V0Y7K,0
AUPZ620VYI,0
QSV9HZJIO4,0
QE8VPH5RSG,0
DP6JW20U9I,0
ADJ8G2TPVS,0
Y9S8AUM4DK,1
B5WTYR65WM,0
46AKJEAV1B,0
TBPCG69S9R,1
WU9SALBKDA,1
QHRT5P7H4J,0
WFLIXJIX21,0
G6Q9LSX19N,1
HO2BV7L7TK,0
ZUECL82QPJ,1
S555NP6H6Q,0
BJ6NV95ZX5,0
745BPVJDB8,0
I2EQA1SE2W,0
1NYGL6NWUR,0
QA2MCI7P7Y,0
MDG4U20SUS,0
BKJJSD8UQS,0
BIIQ23N971,0
9GMUSMURKV,0
1R9WREB8WW,0
7ARJI0V2FN,0
DUGP8HFPDO,0
U7WEQYMI82,0
ILM4D6YBOE,0
IRUS0RWC8M,0
BLW0EH27AX,0
GLX7W8C69K,0
JTXW4M8240,0
BVN0GLD5V6,0
4V071J3E0K,0
CISW2NB9FO,1
FNJNAVXMBK,0
YJNFCXLD7Q,0
MT57J19CBL,0
IOS1MIZZEN,0
X34S6OK3TN,0
14249P1A1K,1
LHU583MCV5,0
CQJRJQD3P9,1
XLHU2USQZL,0
NF8CV3HLCB,0
PTRPQC9960,0
Z00BE2ZJ0Y,0
9I7IFULFVK,0
HEGR3D4SCX,0
UMBYLTY8QJ,0
3S8BVW3K8V,0
ZE3GZBXFF6,0
O35JXWD8DL,0
I86UQQ5EVP,0
O0TG8P8D97,0
PVG4R4BJVL,0
G4NZ58Z09S,0
H21CO9MFZ6,0
IZ4BUHRT4W,0
EKRLDC3URM,0
DVCD355NGB,0
6CG64HYUI1,0
AXR8XW7H0P,0
C9PXUHC6VK,0
A5YAKOV59X,0
OOGZ6M12H2,0
CC3PETI7GB,0
3HIXJUYJ0Y,0
HZ9FGQ3F0P,0
QKQ1O0R5DO,0
JSA63QE0L9,0
5MOTSZ6D1A,0
17OJI06QLM,0
BN2C061O2L,1
J1TZE9IMAA,1
X0PNFS5ZMZ,0
O1JAN805VR,0
CT5JKXASAI,0
YS9JZTV646,0
SW350QTGV4,0
GXJZ64XZO6,0
NVJ0CLDBFJ,0
WX1X1AS7SP,0
FZJDWYHCJD,0
B7BE71I2BV,0
47HRLX1ENB,0
Q3KNUXGUGE,0
1NSNI46I38,0
K2K7XCAXQY,0
MM1SGAHVLI,0
KM0AUUY842,0
ROQVPNFWYE,0
W9BHENZQV8,0
OPMTI2M5G6,0
W1U9IBTT0K,0
WD3Y2IHU5R,0
39H1GF7CHG,0
MV03A152VK,0
BJACB3D7B2,0
5L1HNPIH1M,0
JIZYDA449Z,0
3LTVWNGTX5,1
EYOH0TG0LX,0
BBXO00GT2F,0
LNLR3POEQ2,0
R8CERQLPAW,0
O7TPMBA7N4,0
7RS3MY1VYH,0
X3NQ5FRJZL,0
9PJ516QCJI,0
PRCMITMN4G,0
CVW8MB5S82,0
JS06JM0JIL,0
955G7AZK3I,0
V0DJ1ZO80S,0
7Q3X5NK9LF,0
HCFUSHX2C3,0
CDKCDAIEYC,0
I7DLNIR37X,1
NKIEE2UPC1,0
SFTZBMZF84,0
S5KP3KC0OQ,1
TUL85FWCYJ,0
8PXW1Y3C2N,0
JOOQDBDEXS,1
BYDY3ZY87T,0
TZF3LNA9VJ,0
GR8S8OFCX3,0
4SHKL8HD36,0
RBA7U24WEL,0
BKYK8O1MLY,0
LKBVBZZ7NX,0
FZTPIOO6BN,0
C5TA83Y85S,0
6M9R6OBUY8,0
ZH1IAKSZRD,0
1XAGFHWIMZ,0
P83U9KWEDM,0
RBCUD15B4T,0
7EVNWT2GPK,0
MF721GJBIU,0
UOCA63AMCB,0
5YSEYUYJB6,0
KAQTW46ITJ,0
4KWLO7GX4Q,1
W5K5TG1FIT,0
AUVOSMAFNQ,0
GB9WT4SIW0,0
K1IJ7OENIV,0
LB6UHVAG2T,0
IQFPXKUMHU,0
48E3PK33SV,0
DVQ8ETIB9I,0
E3X8NARUMK,0
32C1FY7K57,0
SR4FDLICR6,0
D4GCUZPYJS,0
XP1774LTAR,0
7NFP5GK1WI,0
9A7M4MDYT8,0
Q5LNRHSS92,0
DC6L1XYIEU,0
1FTQXRMIG6,0
SEH253Z572,0
8ROI3L4FVJ,0
5IQ607N2BL,0
5ARSU4PN0W,0
I2V1VR8A58,0
17CE9307NR,0
XI8HZFYYRR,0
QQUNACIWXN,0
DH3GMZY9Q4,0
EYFK4QD4SE,0
L7ZJK3T5EP,0
0QZSOIYMRI,0
D4Z2SYLPDQ,0
JCC5YYXAOQ,1
T6QCRYDIPB,0
5C6XOROAMN,0
W2T5V27Z64,0
0SOB1FKY4J,0
VUVIBP58WF,0
276EKF26U9,0
IZLTUFK8Z3,0
J5KIW7TN54,0
75BGPYFH8M,0
SM3I39PFFV,0
YX6TOECXU0,0
8CNDVV7EOQ,0
QP0RNHHFQV,0
7HUCREYCJ6,0
UT3VUQGNX0,1
R2YYWTS88T,0
351GWCUH3H,0
SAXD4G03V6,0
IJJXIVWMAU,0
JYMKSGIF3T,0
XW7XBUKJ07,0
0NI8M9LWWF,0
TF2RMVBLA5,0
KBY6ODNCXQ,0
HXEQ21OQX1,0
VIX5FNADCQ,1
DSQPDNOCCD,0
HAQKD917GI,0
WS9JB1FDQ6,0
F2UGUYJS9P,0
JCVSWFLG6O,0
WHP67OBZ3Y,0
62UIBIHXWI,0
GDQ74VCEHU,0
BL3A8X3LQM,0
708RXA8SVH,0
MNC00XIJYY,0
YIX9LHN082,0
K49AZ5TMMB,0
8PR3YYPDLM,0
8XKVFCMHMZ,0
LVKWLGVMTE,0
U0824K4B5I,0
31450LF4YP,0
QX1BL1DY1V,0
NTDSK1R6IP,0
FD2Z1ZEF3W,0
760QRWC4V5,0
FS2GZWTODD,0
VC6TMM9MZ6,0
PL2POZD1UH,0
7HE25VKOQ8,0
7KKWECG4LV,0
QC3JF9XJQ1,0
S23F63YUMX,0
RBLO1HOD2X,0
QXVIPXONQU,0
13DGSW53IM,0
TIHWJHPCV8,0
MMVFU16VMW,0
Q4POK95WFP,0
627QCWVMYK,0
6GLAUORANA,0
TXAPJWRI07,0
NHORQSJSNF,0
YUNPAOIKIP,0
5901IHMJ84,0
SSFLGDKXKH,0
YQN41FWLD5,0
273A5WZ8X1,0
I3GGPJ02VE,0
QG399HNV7G,0
YRWNZUF977,0
8B55UYB396,0
XM78GHKMHH,0
MNMOFPFYJ0,0
1JGGS703BJ,1
KROO92DO52,0
RVXDRBWLC9,0
S3AS1HVOIY,0
UJB1J6H46E,0
HSWR712S43,0
DR1GL8I7FG,0
9SQ8AJMXYT,0
4K3KGTCDLR,0
9F3BKXIT16,0
UQZ2VYMFDK,0
AQFXGYJYEU,0
M9G65D0URO,0
7S8FA7YKW6,0
XGFTTVSOJ0,0
LPTACQBPE8,0
5BO3D7F3IX,0
TXXBKJN4VM,0
U8CAALAAMU,0
A8WN0H7W3S,0
98Y4VF24EO,0
51TGR72BY0,0
T1JB08MNXD,0
1GA9SXP0ZF,0
OP94XCZBHO,0
C61SM9ZR9V,0
1UE702Q95X,0
Q56WX1LDH5,0
4C2AK0FOV2,0
678X7I46AT,0
WYQ7U61QSY,0
M0CV4KD0RJ,0
LAFL48EUIY,0
KVUQMZXHOL,0
D1E1VTOCIG,0
JUSI22JX07,0
32RG07PKGB,1
6IXIERH4OZ,0
JR2UT1QQC6,0
JAVET4IOSZ,0
5RVASP4NE8,0
PSWILMYFPP,0
1V2IA5TSF9,0
96PCE93HE9,1
HOFS29ZF0G,0
0P7ESLV6EX,0
EHX3HRKX62,0
04KQ0S6VHV,0
SAG1UGNAIR,0
1HGQT0940M,0
8UZNLNG5FK,0
H9G0VHFJ4M,0
JJRCC6ZHVK,0
3WM420GBUZ,1
J9KFFVOWRU,0
DM1R3WQUDE,0
UI2G896BD9,1
N0MLJTPW05,0
CMCVYYJ6IX,0
MUQE5BKW9D,0
NP06E7XI06,0
IPEBUMCWR6,0
1P3Y6A47WQ,0
Q8Y8QN2J5M,0
9QB0E7F5AX,0
JYH4BW56IW,1
OL25ZBSQZB,0
MH5TUSA5BV,1
AHUJA0R3DD,0
042PIYC44X,0
LCBWWFD3W1,0
YLM9N3VKD5,0
UDEP4DWZBZ,0
KTI8JPROFE,0
PD7UC0L7XG,0
AYQH20V79K,0
VHWIMLZDTP,0
6XWN5A94V1,0
Z6F50FABXG,0
ZD6RCDQFWX,0
E7JZ08673T,0
NXYBBKVKH3,0
UZ9RN7DV4S,0
E5NLAFJXEK,0
WXWXVZUWHY,0
PZ9WSAN4WU,0
QYDQO3T3MB,1
51YOPLXC4F,0
69HUR09LNX,1
J7JC5V076P,0
A3ODNXAGK9,0
HHGN3OFNB0,0
1QY6ASFWQK,0
V75CLZOI6V,0
O7LTCBGPDR,0
2L6M8CHNA8,0
PMZ2BBOXLJ,0
W20DCGWRJX,0
1GBUL7JE04,0
ZXC687VNKI,0
5F6I4JH4UV,0
NR68FRHBWV,0
Z5BJO2LAE7,0
KHG40HIWEG,0
R96WG8PNKD,0
RZ08XM1KXW,0
32H61U8NS5,0
FUN52YYKIN,0
1A6HEQJLC8,0
F37GZ3W1G6,0
KI58WXMWL8,0
58DTIRKH0M,0
6BL69KH6PK,0
OCO3A61AN1,0
ZJ8Y5XU1ZK,0
IKHRT9F7PF,0
APPCXYQ2AV,0
FAH6JCI0TG,0
RNIGNGLBKB,0
VW5HG25539,0
AYREODC5RS,0
4X8Y7LMBWZ,0
OG3SFT9COV,0
GQ8HPM6P27,0
0BD8IO57IF,0
3LKQF24D2H,0
U32E0OVK62,0
04HOQGD7YV,0
MTNCGBK9UT,0
Y2353RH7GD,0
59I9MVFQS6,0
0MRX4ZCA3X,0
S3OVIM0KN7,0
ALH8PA14NQ,0
XKKVODWEHF,0
PDW8XKFK33,0
1WEL5U1S6M,0
O4NM75SI4D,0
QCRE0HHMSR,0
YL1E1S7494,0
MF0D5FQCKH,0
K1Z2HK718C,0
B1Z6KZDPYZ,0
9W1BN4AD2C,0
D2GL9OIMX6,0
DRPR4TNN99,0
O8DVW115IU,0
HL421IW6FW,0
ZD4S6YKZPT,0
76JDS6VDLC,0
TNX1UW9QVT,0
Z2ZBJUBXBH,0
KZS5R33W6D,0
MCGC4D2B2K,0
TA8GTWF3PJ,0
ZBJILXTC4Y,0
Y3621ANIK9,0
B1GE59ZJSE,0
ZVO779E1RK,0
DSH3AKC85Q,0
VPDFT27KA6,0
2W8E6V60QK,0
D38UC29KE9,0
Y742E5I3RU,0
QRDEY465HF,0
PAET3A4HET,0
3HIEJ5TINU,0
O2QM5EY1G9,0
GJLD2J1WLW,0
RHUMTP5NBE,0
ZCU8A5NXS7,0
VBKP48R039,0
WY4ODOEM01,0
45N6ZSQF4Q,0
7SX6MD0IW1,1
K8I32K2YXI,0
WG51QK597C,0
JK2Z4ND12J,0
LR0NTWUXHK,0
IZQ8JFPQY4,0
MKB58Q1OI9,0
RGSSFPV3ZP,0
XCGS60TNIY,1
XXJ3PNVQ4Q,0
P4SU2XBEY1,0
5U8C722X0N,0
NWYV4NSTZ9,0
FJBAPFK2ND,0
IHN8ZP3SXO,0
W636YRG0AL,0
19VPQ559VP,0
OAH43UVF8D,0
BE19RGPEJ0,0
ST778YXELC,0
Q6NW5X37JU,0
VPP6817OZU,0
T4R6N4TT31,0
WPM3520HKY,1
FQOZSAQ5EE,0
NMBEZV9L4C,0
53CL26JVMS,0
DCWBDWWIHY,0
KD36YUCKGN,0
VKROZ0JSL5,0
88PRBYST3A,0
TEF0E5AZ9C,0
GP2TY12A1F,0
CRKFN1220X,0
DEWFG3UK6F,0
JDR50E4MNW,1
IMVP2BKRD8,0
MC9FKCOV2F,0
AYBKTTPIW3,0
BYE7GRAUT0,0
4C3ZHE7DNM,0
7ZY745JRTA,0
DX8X6NVKCU,0
SC3VV2064V,0
LVC2BL58KP,0
ZQ2GB3NYLC,0
TRVHQSWP5F,0
ZHOC64GF04,0
ME8AM4EIVH,0
4K0DBEEX6O,0
JL2CYKDDE5,0
SHOZ40OJAN,0
UXAGZTLWDD,0
YX4G5ZJKE1,0
BB8IZKSELM,0
1BEJ5GU4NW,0
XAX425DXOS,0
JDSBFBX109,0
Z2NUZLFZ6Y,0
HH0FFRJKNA,0
8LFMX9ZFVQ,0
MXJU5DPMHV,0
MPZES3VS0N,0
B8YQH83AV9,0
ZDEJXZ7I1H,0
E4D0QR886K,0
WSW8CV669B,0
KJAUGKHA2S,0
XJP52XSDD3,0
F7PKOSX9UM,0
MSQZR9SG31,0
QC6T8CRE9F,0
7ZMT4CKKHM,0
5W50W0RWA4,0
3ISZIV968Z,0
JMT2HX3TE7,0
9J8RZQO3SB,0
ZODRB5URXG,0
GYD0R59PG0,0
UT6BYRIKH8,0
JSP3QSEJUV,0
2J0T9DBSK6,0
J1DBR2V9DT,0
KLGZHH072O,0
O43AKG3176,0
BEOGCLOK4C,0
4Q36K30JAX,0
JDEG6UG83C,0
T8WV5KFCSI,0
YSFNB6KBUC,0
8OJZOJYTHG,0
NZIIOTM16K,0
Z0O3U3WZTF,0
QWSGU9G1ZI,0
OHJI6GNSGD,0
8F8XK5TUTN,0
MNS3IM1YWP,0
XM0RVTYPV7,0
TXJ88Z1ZEN,0
ZC4KNLNUKS,0
A0ZK4D7TTN,0
OTR5U2DZF4,0
K1VOVSN1PN,0
AHKIKKR3QA,0
ZG3XDCGMH1,0
SWQMZCTK2M,0
BJ31MW6R04,0
YY3RL7YNU6,0
S44LH24FNQ,0
758F5J7K0X,0
UVPVOVVFKI,0
DCNPSJVS4I,0
I4QUBAYZEH,0
MU4F8BWMQL,0
V1TUDQVKF8,0
ZCAHSW4SIL,0
NM8T5ACND1,0
9R33Y1DETE,0
SXC0O6MLPZ,0
9JD6STPCH7,0
JTD52KV6S2,0
PAQSCOFQV4,0
G2EGBO8IPI,0
L0RK210Z8S,0
12H3UQRRII,0
5I0PC0RN19,1
MJCP3BLPQS,0
T2HNTTAY77,0
YPFD3AGFQ7,0
6Q5F26Y3TH,1
0C6TORPOSN,0
FJPN16Y7MB,0
3BHB399MMH,0
BR56F2A9RA,0
707GW6KPVE,0
46YFVA43J2,0
11HOKXUN61,0
UHKT530KI1,0
JPOTUC13T0,0
FWKUPAGYRN,0
K5KTJ3FC9F,1
HHKD78J9UH,0
7BEFHCW2XT,0
2S257B55UQ,0
Z419GCDGLH,0
1V9OWZ4YUV,0
X2XPWICDF3,0
2WFF39D9YB,0
40LRXPOEI6,0
7TD2QE1IMP,0
F4DXPPPLI9,0
WC2KXYQ9FD,0
3U2RCEAR2I,0
1SPFO7HR2T,0
EZZGGE6H14,0
UIPZF1M4LG,1
LUIIUPUW4D,0
V3USSWUR35,1
J6IQDE10EM,0
8PEQZI4CL1,0
X4S42CF0T3,0
NG9WF515HX,0
LBAVXN9YXB,0
3L03SCUFID,0
XL2PYFT2Q5,0
PLTQ00IHMD,0
JIXRVFV286,1
SBJ4H886DH,0
CI7NOJIEBO,0
V496B4VIHL,0
KDCJO6BR0Y,0
3XOCVW1QYF,0
34HNVQVRSE,0
GMTU4OPLPZ,0
JO4T2SSA0M,0
S7L58ZPFRB,0
6Z87WMIRAA,0
7DX5045KH4,0
0FKZU4QJ1C,0
KQC9RIZEQE,0
2DBZ4EVH8L,0
8RHZBUZSKU,0
YOO9M8XTVH,0
STQIQ4MSNH,0
MK6PHSROFI,0
VTORUN2R4X,0
63JKV6UKJA,0
DVGRPROKYF,0
M0KMHP2I2X,0
986U7IR8W2,0
QGYI1LMQ67,0
CI7BEFYFV8,0
AYL8IIIKVW,0
6T5PCRKLAU,0
N57ODUG524,0
H7AYQ4IX4C,0
01S22HUDF2,0
JSAWZ0GS1A,0
OVWR9PFPQV,0
5KIAVLLGSQ,0
TYASFALD5K,0
91YVMQT3V9,0
8DYJEBPHOA,0
PELNVIXDLW,0
A07EZUSPSS,0
2BE5MVBFEP,0
8PK60TKM88,0
XX7AXS5DGG,0
CA9G6TADDC,0
G6YI6CPUDR,0
N2CCB01EMA,0
L6AUS56BMW,0
ALYYGTHUBN,0
JDLHL3JR8C,0
MC5XYM1B3X,0
8H3IJ0MQEF,0
OWA39C1EE9,0
7ZME648L03,0
EAVVUIWYDF,0
K6YKJ6OUBC,0
D9ASIR0R9V,0
WXKX1A6M5N,0
J0NOAOOSZ9,0
X9325SU7C1,1
HZ1ICIAQ98,0
K6NF361T09,0
0X0MLRTAYQ,0
9OWMZDSYGU,1
L8T9GSI57C,0
H8I7BXU57A,0
7A9L814SRX,0
H5SBTFCQ6X,0
KHXPF1CYKY,0
2A8QPLWMRD,0
SRKF17XRIB,0
HM4A85DNEX,0
CIQ4TLDX5T,0
AN6QCTPRLD,0
GQO1YSD32Q,0
WPKGSBXA6R,1
H903I4M3FT,0
ABXIUQBQ7F,0
BZLX67DP18,0
1E346TUXJG,0
PG86MPWAMN,0
NUU5RTWGYK,0
4U6CRFWB9R,0
M10YHIKCEU,0
612TIJOKSN,1
QXGD4SUSD7,0
08U6S3DXRM,0
O5P000PU34,0
5AG28A5LKA,0
YO86OA2XMQ,0
P30GJ0AQ0N,0
JCJKWZFCTP,0
DXFT4ZOA24,0
B9895UWLCJ,0
S0TF8BB75P,1
AXL19K8D4L,1
6LCHTHJO2G,1
0LCCQT3TXN,0
0YFD9W49QL,0
09ZFM9UMQY,0
PSE4STQ1TM,0
FJY4NUZS3J,0
L3VBF90D3J,0
TAO8UOWKS9,0
9PT6U8V1G5,0
UN88OB0N47,0
T9NZKV0WGB,0
BNQOAT8W5Q,0
NHSEZCLO8S,0
NCPQP69W35,0
JYPODQ9OC7,0
Z2INPS85RJ,0
1ZL71D835M,0
H8YD7175PV,0
UHFP9DAFH7,0
ZL6JN83XPO,0
KAEMDLK11G,0
SI1H7580EP,0
RVETVI0NCP,0
YFOZHKRX1Z,0
H5VWV8KM9M,0
WBBB0SC6FY,0
JNLC5YJ14M,0
887ZNHHHAF,0
6LMG9AWE0I,0
FW8HY1UH5F,0
XWIXLN8XQ2,0
6OVX8LX37Z,0
Q6EB8ZFENC,0
QST8V3F71F,0
4271EC42VJ,0
MNY3Y4BX13,0
9N6PLHPW29,0
NK4RW94RKN,0
ARJ0C16GVR,0
VONIUBV3VO,0
H8JBKR8V4U,0
3XU29LDTSK,0
I3RJP4IAV3,0
FJWQOXJ7LO,0
93D7UL5HWY,0
L9SORED7Z6,0
HFWOE15YPE,0
RUU2BCLY8F,0
GNEJOAUF84,0
7ZX8ZW2JMT,0
HSFGS42WF4,0
TK3Y3AGJP5,0
5UFQQUJ7PJ,0
HF30SBNOFG,0
EERNCXLOXY,0
M1EU31BOU6,0
E7VO2AJXS0,0
5VMWPLUIFY,0
SDS1S0659Z,0
GGJ4KLT3CB,0
HCUSCFZ3EY,0
G5LJOQX2U0,1
WGHDZOJQM2,0
FRP22LN8VQ,0
PKE9DFUAGY,1
ZJIAH0NGWA,0
1PZSEY1FXN,0
FTCX2UDZFI,0
M7IBV1YU2M,0
3P5OHX7QAY,0
6QAKBIY7AX,0
1BN3107JO7,0
DD0IWBWBVX,0
4DUVAV3C7C,0
2MR46MII4A,0
O9ZHRRM7PV,0
E9PEYE4J3F,0
7DEAO9KEWP,0
02HDUZ55OZ,0
JL0UBJL75Q,0
Y58R163J7I,0
MFNW0R9HFZ,0
AYQ6VLFO7C,1
5U23GTT4RC,0
CSRM4S1U38,0
ZPZ4APPY3C,1
VUSEAZTMDS,0
GTTRDSWUV4,1
HPSK72WA7R,0
D7C0RFT1RT,0
DQ95X8FXN5,0
MAJPZT2WB2,0
LF4DK2QXUH,0
JN6ICP2644,1
A7KVTSVNO2,0
R4TDNOE145,0
NGVUKL0CKB,0
1SVUIWNOEW,0
WZGJYL6AGL,0
Y84MD5HU07,0
RH0G5T9IA2,1
QU73HIYO0H,0
7VX9KJVLA0,0
9PONWG2OJW,0
8MILFZ6UBW,1
381EPD9Q02,0
F7F48NEMDX,0
RO0HDJEZNQ,0
HPNOHXZNHL,0
MVMCXSJOIK,0
3AE6P2ZGTM,0
06ZWP292LF,0
SF4PPZJPT9,0
GQ5SS46Y4S,0
BZ504RMBZB,0
JGXT8NE70I,0
EUZ6MEKML3,0
100SOAF9IZ,0
M07DWXFLJA,0
Z69GO3ZMAK,0
WGGX0MK79V,0
HMF29WH3TG,0
F2DLBBUD0H,0
2J9LRVWZ8N,0
JJIR335346,0
U3CK6M4JEG,0
43051TORMU,0
RK8PQP638K,0
1O1ZSZZLOM,0
4VIFYQIRTB,1
2TIEDTJVR0,0
NUS7DVHHE9,0
V46W082W9N,0
WB9EVFV13O,0
3XZGT1WDIW,0
8D7TTDTJI2,0
N657M962Y1,0
E5EZZMRAW5,0
FEHIGREJ0W,0
3WRZFRDW9S,0
0RTTENB299,0
P6CEVIH86G,0
A1LPEQO5KF,0
Z74TGF7OXP,0
A1E10KAUMT,0
G6A7SSXKZM,0
UQWT7FYY4F,0
OOGZJ63VZJ,0
0LLGPLFVC9,0
NKAURZ85KY,0
9Y0P4W04SY,0
Q5KVGSKS91,0
VXJWHKDG1B,0
Q9AZLBJE44,0
CTNO3ZDOA3,0
J4GHNHAQMU,0
OPVUXYHIO3,0
PVP6NREVYC,0
MDM2V5W7GA,0
NS2LHMEQZQ,0
NRZON8WCYT,0
8Z6O5Y7YD7,0
5MZY6UZY2Z,0
SYU4EA6YCN,0
S0JERIJZ2U,0
JBK8OUCVP6,0
N4VPBC9MZC,0
UUNQ4ZFZDJ,0
R5I1SE190D,0
QZUXF21T86,0
W7U78HUJZG,0
CTSXIR0A3O,0
3OQ2FBERC4,0
UZR46R4ESS,0
XJRJYDSCAJ,0
GYSLSLZKN2,0
5XJLTRHS84,0
KGKZAZ0UVL,0
7ZBJCOIBDZ,0
D74R8IMKLD,0
BNNP82WZLT,0
KDWSCFK3MG,0
EJY1HQ58WZ,0
D7X7B3RQ98,1
QM86F1W66J,0
KBYM0W3IXY,0
VMCAZM3HOX,0
L15NHFHB64,0
LCRRF58O6T,0
C3O6LCEFST,1
K3YZ2GQ5MD,0
D4T1AWF4IG,0
D69X8AS9PB,0
5E240Z2QOP,0
N9FG9G7GQL,0
590RS5Z1RO,0
Q2G6X70N14,0
NPIO5QEBNP,0
KAF0BRNUDO,0
HBR1HNTDC2,0
DCTLSUR63C,0
S5YYD6OF79,0
HJ7QK1A9OU,0
8EI9HGDH2C,1
PDSE57L6HC,0
X6O8DBBVY3,0
SW9FE840I7,0
KJOE6Z882T,0
7HT0W5FIRT,0
VM5SFZSL9J,0
IO0S2XXUV4,0
FFCJ1258RU,0
DFAXRWE1Q5,0
BMX2LCQA5S,0
5UZ2JV41PA,0
9UN92X6OQ7,0
NSP4A5ZGG4,0
Z5YS17U8WT,0
VMV658WN37,0
YA07ZL5M8U,0
9G5PHAVIR3,1
AF58ESN2N5,0
5KUJFIDXE3,0
0M85220UYT,0
W0AK43YY2H,0
EX4FK7SNCJ,0
MK8ZHSJPAH,0
GHS10UBIL5,0
KRTSR71YWZ,0
Y88K8LY80D,0
FTM0G5ONEV,0
UL5EP0LI5N,0
KI7AKPTLTI,1
RCYM6JBH55,0
BOUSB6V3W3,0
YDPLK782VG,0
EO1GUWDV1Z,0
Y84N5V78W1,0
TYU4GIBUY9,0
T92RT2QA70,0
HNYAM239ZQ,0
44RG1ZX2SO,0
XYLIX4HS0O,1
GABYIH9P3R,0
GQSW1M4Y0H,0
JKFXKBJC8S,0
UN7YCGVPEM,0
1BWVYPBC3I,0
2QHL72JWA3,0
LC94UF5PI9,0
7B62A4QIEI,0
M7NO4250DP,0
ZJ0GRIW4KA,0
G2K0W69K68,0
S891QAVATX,0
SSCLKFI59P,0
KERV5UVQQX,0
EUGYTTE8C7,0
Q8GCM2MBZN,0
LPR61G3ATE,0
X094PKA6I8,0
MMDQO9M3AH,0
ML1AFKW88Q,0
9EBXMIEPIY,0
LPXYD7STBD,1
AQSES70NVU,0
8VYQRXU6QJ,0
1NYHOYP3NO,0
O1K3IU21WZ,0
ZRB5LHI7UG,0
MCH8Y44NHE,0
1BO23L1MUW,0
EB5EREOXN9,0
ZIXROWF7C2,0
22Z4Q46CEN,0
4A0WOY6WI9,0
FDWL3C6CLA,0
SFSU42RQKQ,0
5OR2VJTKSR,0
VYCWSQVYZW,0
NB85F8W2SG,0
A6YVTAELNC,0
0UVYMVWODR,0
5F5FTMGSXP,0
A0C6LCBNRG,0
FK4C076WDW,0
VSO3ETV9ZU,0
GIAOTAIN28,0
Y0AFOWR1E1,0
U8V5V2XMQA,0
FL8LZHW039,0
8G7L2NP2ZP,0
4UBL55RQWJ,0
1WYAQVV730,0
8RBQQLQB3C,1
IS0REEIHF8,0
9U59MZJAOZ,0
8OMM1RSU5L,0
6PX6WCJ3RK,0
474JJH6JU8,0
JF9QK7HHLP,0
MPXVQ4AXMK,0
GSIOQHZUI0,0
ZCII1VSY0D,0
XPNCV6YJDN,0
G1X53JU4YQ,0
NE1MK9YZWV,0
CTSAWAEYSP,0
REX0VIOSV9,0
P63TDW7R0F,0
FR4CYY8FHV,0
4D7XHRCGFG,0
6CKC5FUHMF,0
LAVOZDXHQ9,0
4106U44GAJ,0
U1UJPT94ZV,0
JQ3ME7E3WD,0
SQF82MGCE5,0
KY478SQCBR,0
3XCNENQFWD,0
HSCD78KOGK,0
T6A77KY32H,0
CBC99HV6P9,0
QTNQBAWY4M,0
F21OFT6NQU,0
OGAJJNH06T,0
8VC3ZRA6BA,0
HZCZRLM5C6,0
IGO8FCTCS4,0
D28V401OIX,0
9JDCHZNCKJ,0
4R931PGFUH,0
T3P7RX99XU,1
XX9N9FD6UE,0
Z07C8R6ZVA,0
JGRPGR6H1G,0
BQNS048YK7,0
BKEVY5300N,0
LDDD3HQ1QF,0
L07MHPXXGA,0
UB1Q8LJ2YY,1
UQYS4QAT87,0
TJMTIQR4R3,0
JO3OKBG7KF,0
I1YKMF2H78,0
1WO1MQFPWV,0
XXZDXCK5DJ,0
QSJR6GKDQ7,0
056CCZXHKO,0
XV7L28NOMH,0
H4UU1VJ7DB,0
35YJJUEUVE,0
H0KEHXD9SH,0
KTKFUKTU7V,0
EB75G1KEPV,0
ZFZK5DUYSZ,0
IK52GTUZU5,0
N1XGLWMJI2,0
5OKV3IWE45,0
LEXVMD3AY1,1
40F9TQIZ7Y,0
PCGS90HAY3,1
5GZ0Y5YWLS,0
PG5P9N6PBL,0
9L7PTMSZTH,0
V9D4UN421R,0
OKCC4L88HB,0
QEZLXRTRBM,0
ZZJI7CIMHX,0
XTK6HL9WZD,0
ZY0PG7RYT9,0
TH8GZ1EZ9I,0
ORK9H9MRVU,0
X5HRJ9N0LQ,0
A0VU3PAH0A,0
QI6ZQ8TH8G,0
L19LMY4LB6,0
XGB6G7VKLK,0
UINR59Q9GO,0
KZRV1DFQ86,1
6Y1FBSUJ97,0
9UT1JXJGJR,0
4S1JTZXXZX,0
6PUFWFIC23,0
VT5RR3LYZD,0
1LRDE5A9KT,1
6PNX3RZFEK,0
LVTZTQFLR6,0
ZCH4CA74YK,0
QYVY5PTVKX,0
WF5S5EN8X9,0
2PPMK2WAEO,0
VE31QGX1Y3,0
PABBJUREAE,0
E9NYH25AJ6,1
RQFFLZ9XGE,0
09HGC3MCQM,0
YEAN77D1TK,1
CHP2PTOQZ2,0
OQH8TP3163,0
MBFKWZUC5F,0
Z1LVQMWLCN,0
SLUJ513RBI,1
C0EFWVAEDS,1
ZB6FIXH5F5,0
OW1DRB83TR,0
M7QTENXTAL,0
SJA4FR3WPW,0
N47BY4J60R,0
DEF5R2EBON,0
PLWJ532PV2,0
Y7R1A67AA7,0
WT1BCJ1SEV,0
BJX6C1Q2OX,0
W3EHZARS8E,0
G97AM3TD9P,1
PXEUGRIAAC,0
LRYNTKEW1J,0
U8L9XZB8Q7,0
FMOB2MQTPL,0
QO9QW0Q78S,0
BNCK4URHM7,0
382QCYUE1U,0
PWZCAYLDNY,1
F7M35JXASI,0
DZDVOSK7YG,0
4ICUNIGNSV,0
PDFHCY7PF0,1
SVUCWUFCNN,0
BAOS447P01,0
VY05RNG77Q,0
B655PM5K29,0
4T7L11I3UO,0
RY0OGZGWLC,0
EW1GQJAXAZ,0
SSDYHY26DE,0
E6Z80YEDN8,0
1C1XFWEEID,0
72K4UT47O6,0
LXX3GNF18J,0
0I3CFKOOWB,0
IE6DX0NSKS,0
Q9KQL51NQI,0
D4N5D4ZK43,0
07EAOTOMI0,0
MU6WOCU4MW,0
B6QVQSLV8E,0
130EQG0B5U,1
KHU7C4J3GT,0
HCHWDXH449,0
UFKHRF14ZO,0
2GU01CN4HM,0
D0IZWX9RMZ,0
Y9HEYYMLTY,0
749P0Z7CTA,0
AFVCFRY82D,0
1N6K4VA2W8,0
X27X9WQDOH,0
5HY9K2R2QF,1
41TPJRNXJM,0
4NN6X1WFZP,0
EUGPDMDKDJ,1
P6KME9DHHH,0
9V6LBAU61B,0
XOCVCAJSQB,0
QS99MCIIKR,0
Z9K8BGK8E0,0
ZFFWYEJ2WT,0
TRDU54IX88,0
SRLMHHF4WZ,0
M46ACEE7ZS,0
SBCULQHJF8,0
MHV3K3RPU2,0
E9PKWMMXP9,0
3PNMKD7S7K,0
36TZTXSULQ,0
HC1IZCDR26,0
CKS4UBWAVQ,0
92JPTVESMM,0
2N28Q0TGJK,0
RL8UM2IZ4J,0
4GR9YIG3JV,0
1ACCBO0OQ5,0
02AL218QA6,0
19VKNGNBCH,0
R7ASAJXZ3T,0
TOZV82ECG3,0
5DM7O5OSMI,0
E6D9SRO932,0
GIHN2LOK6W,1
5BAMJ13MJJ,0
YVTCWHY5JU,0
X8GJGRV471,0
N0LOIGJ7KP,0
0TS4IQZQBL,0
3UBYZPGB3N,0
2D1YZ0Q9FV,0
5JRF7OHECW,0
N4KBVGO0AJ,0
YP7E89CR45,0
U9340XTLTT,0
DUOTI4ZLOO,0
F6CIDGQQ2H,0
KUB68LMTF9,0
H9E0Q7ZAF7,1
MSS853NGDC,0
JB7XD3EVKR,0
H1DP8AGJEG,0
17G18F7Z21,0
412DVXT5XS,0
T3XTT4D98Q,0
4S4ULO7V7U,1
F63II987P9,0
PEOIMEAN7V,0
OYSW0FGI7V,0
DCDNSSG2R1,0
08MHWZH8C6,0
HKBXI740YA,0
D93EJEC4EG,0
O69OEV5P2J,0
H1SP6X8SXM,0
IUEK6XOBCW,0
QG803RMU7H,0
PPYWOS28HK,0
EZAU33S7AB,0
IWJPH3KFSQ,0
EOAJDJ7XK1,1
JDYU1LTVMT,0
BP24C2JBXP,0
7L8CYMQ6Y9,0
S4N4LHF1I9,0
B8OELNJX9G,0
DCCT3E58DM,0
UYEUA2ZJCG,0
TDD2H34QJR,0
16NYT5NHVO,1
WM3MMXRZDG,0
QMEFRJSIXY,0
EDL13PXP49,1
BRO1045KKF,0
9K37F5HY30,0
3O2ARQ04NV,0
EW4VKTISPJ,0
C19B9B7CY9,1
77EJG2QIS2,0
49THPIBTQW,0
FLNFB0MMT4,0
Y4HBOMKGIL,0
8S678BARZF,0
D3P8SD7OEZ,0
EZX2Y5HEYX,0
7631IPWCS2,0
W2QS5CZ63V,0
KRBJZBDS2J,0
M1KRKGYHWX,0
TGL0X1ZZ4W,0
GVYQCK0ZIA,0
8GRDJ1BT0E,0
BDN9VVCPDE,0
1IVV3DBBYD,0
QZX8ZUVFH5,0
N6HW9DMD80,0
AW9G9Z9Z8X,0
8CBZID5GMM,0
P5AQGW26Z2,0
MWEZPP7TGO,0
IHAB8ST9UV,0
2JE1WM809L,0
D5NHW4NSHQ,1
TQF6ROVTAK,0
HEUCIYC6WP,0
XP6VKHFZFY,0
E21UA01LK7,0
KBDK0IGP94,0
YKD4QQQSDM,0
9A7570D8FQ,0
SUYACM9OM5,0
5I68XOO4C8,0
YNVJGFMIS1,0
ADF0FXM964,0
E1TB1HI7TR,0
JFD7G3QMWU,0
A7S21FROLW,0
VF5EWGVX3D,0
CPA7VWILHI,0
MRV2MAKFHT,0
BMSXM2DRNS,0
IUGMYIQ1XZ,0
CPUKUG3MHO,0
XO3B55I7IQ,0
VKJOVI3KZW,0
PI35VVBOZD,0
G9YR3G2BPE,0
GBOO011S6C,0
MTYA7T3KFD,0
8HHTLVDDT6,0
8XLM3LU1T6,0
DM83EMWILX,1
W2EXBJZ8DK,0
6BAM2Q7IVG,0
RJIS8YF9XT,0
NGQJSXM708,0
VIBMK3DRBZ,0
19J8E5OFLZ,0
RECRKD3VT2,0
GSB82ILUHN,0
IVQSXNONO5,0
N4EW3VJ6KI,0
DR1ISYV8LC,0
71ZNEOKCKH,0
X84SX29VM4,0
QP3WUG6YJC,0
TIMOAYFF7L,0
7Y3RZFPJWK,0
GTVO621ZU9,0
XN1ZVN4ME6,0
5WDAUZ5DNH,0
T50NC63A2G,0
JS5CLKSB0E,0
FBAL1GL6E2,0
IR2Y3BZGYC,0
KDB5SXZGYX,0
5QXSPIGNNA,0
4WWDHJMBSW,0
7YG865MCWP,0
3TNPUM9KIK,0
8CZWB4AE26,0
GNU319KPZX,0
HOL4G6A236,0
K6PANKDGFX,1
2PFSHZSCO5,0
1QPVT2FPJV,0
3VPYMSLFWN,0
0V1K3PT8IS,0
4X16VFH4YW,0
S4GX7W7R0U,0
6GN3TZNHAJ,0
KYFD40XB7G,0
CNPD118Y5T,0
0SVHYM2GHH,0
PT6YGHJWR0,0
LNXOPOO3OF,0
0CR5HVHXBF,0
AVIE5WX2I4,0
6QG30N23CO,0
FKA1T0NPAU,0
2IE45TIOUE,0
5C3CAUTJTM,0
GOVT6BE27G,0
79F26DY7KD,0
FIP0GW28G0,0
24PEL6AIWH,0
GTCPU2DHAF,0
4YHGVYEZ50,0
LJB0S21WK5,0
OYVB1RTH5K,0
JHYM88HNSP,0
1L1OSN36SB,0
HP8I7SC4C9,0
80LOJZY5TB,0
K6AFK0RSSB,0
1GFDBZDUQ4,0
CTC9VNJ1M7,0
CV6X5O41RP,1
JEPEOB8J6N,0
C83O6RV1Z4,0
U6WGQKQE30,1
J46ASRNMW3,0
FMSV1GG1FV,1
71R7BJL0T3,0
TM4M2H2OYH,0
55CDWHOGZU,0
XZCYGB2B9G,1
FUDLRCWD81,0
0LJRNUHWIZ,0
79XNBJ3NP8,0
A89VXPJSKR,0
Y5ZDEEJ7U3,0
CJUUS4EM75,0
8EPJ91C1UY,0
6Q7CVNWBK3,1
NNBF0OH3RS,0
0ZPJMNF2Y5,0
ZC81DBCQPB,0
5YBO3HBPE6,0
CKL4BLV7XM,0
L6CVNX9GLI,0
7PEB6EOFKD,0
DV49TV63CJ,0
ELK640B15Z,0
D4WM7I47AP,0
J7RMOE9BEJ,0
VVG6BW1E09,0
H3PRA1NSP9,0
I73WJXZD1W,0
VH46UN7W5N,0
5KMTCDJ8TC,1
YMFEII5V07,0
5M3WUC7KMS,0
98L95I7SPD,0
I7MGYB4S0U,0
P70AY2Q5SP,0
V3HB1OZTDV,0
P2S3C689U8,0
TR2QK0T9CR,0
ZFDBJ2M33H,0
AOAQ79GOSR,0
HPGBQBRDVN,0
LUDWSGKZ0O,0
G7JJ427OH2,0
WK2AXT0WSI,0
KWDPM6W1AH,0
KK2DNLNU8N,0
XLNMEXV80W,0
TCQ7MSLJT6,0
CPC6W2JOCG,0
I1ICIE3QJL,0
FNDX3CGQXG,0
NUEN14EK1S,0
3ZEWXK4QK3,0
48OLKF4OBD,0
4BK7CTJKHU,0
JV85J22WRI,0
HGWQQ279GQ,0
BR9X5EF8SU,0
1PCEEX8Q0K,0
NSLUUY3PFW,0
Q6C0XCW4W7,0
G6936DCS39,1
PGD4GJO2L4,0
NIZ5IMUKFK,0
B9ANZ3H3JM,0
9L2IDLKAZO,0
ISYRJB3CRE,1
KT8WAURRXH,0
2P5W4VYYX1,0
6U35JORPWR,0
ZHEDS0KFJJ,1
FDN5OJTVX0,0
NN06AZLZSB,1
QPSI78APFD,0
29QZOB6VS4,0
UW31TGIZ4M,0
T1VMNMW739,0
RYEXBW0FKW,0
7LPZGBCNUL,0
0S6200C8OS,0
JT18DVROOC,0
D7O5Q15D18,1
6A1OQ3JHOV,0
BOC2YYQRJL,0
6R7KYA7E8D,0
H1IUVGWY6S,0
L912QMA0EV,0
YOY7SX12MH,0
9ZAE4Z58W7,0
4K1GK8564R,0
LV6I2JWVWI,0
1Z6U7TIXX5,0
YYN8BKXSPT,0
HFNX9DULSJ,0
D8OK6IK83S,0
IMVIQ6ZJAS,1
5F7LYCHGXI,0
S4D21JDHHB,0
QH1BMFA93Z,0
6WTZG7E1GE,0
48KLX6AF2Z,0
8ZK7YHSXPV,0
QUPALIQT84,0
FGPW9YKJJG,0
RY408B1E0M,0
6RRQOH7WLA,0
26HPDOM5B2,0
IP0O1PZ73X,0
ENYI41EG1U,0
Y9GB4TYUGE,0
KV5IYP1FNX,0
IE137SVIJU,1
E1G126Y2JA,1
VD78EZ7F73,0
Z5BXSHTZD0,0
I9XSD7ZLV1,0
ODNP4TNUQV,0
2IR25YVZYE,0
VI062KDTJK,0
HOFGGY628H,0
0KIEIC4474,0
EFHJNHKSEE,0
P398S4LHZG,0
4CJSJHGXPP,0
M7IXMVLZ4B,0
AKHVPVBUJK,0
4MD53J8VCP,0
ZB3BT9567A,0
7BQWP225FY,0
I4MLSW5YK4,0
GZMIU7OIRH,0
AX7FV7WWJR,0
LFXUWXGV53,0
SHHODCQQ36,0
HKLNU164BQ,0
RTPNUTP8CU,0
Q9OLFYVL56,0
WEP6SQ3NL5,0
8T4DOVX2DE,0
M4JCH8KEDT,0
8KP9FLTQ1M,0
7P9BITGUIQ,0
IABMFACCZ1,0
KRQ636CDA3,0
1YI6P8ZSWZ,0
K467C6GDJ3,0
Q1WB40QV03,0
BTUZJ8NX91,0
0QWL44S5EY,0
MYH7WGV64J,0
UZDJGDCJSR,0
3Z19MFOVJY,0
BBQG9EUU2Q,0
Y912DL3RQF,0
BC5RNCAKS9,0
FBXHCFWII0,0
7WF9E10QAH,0
MVZLHHQYPJ,0
GGB8GS7HEI,0
HGUP0U0HCA,0
UK0WXCJOJZ,0
KWO82C4AXN,0
AOO32ML05Y,0
COVOKVJJP4,0
S35FE63ZNH,0
42G2543O4F,0
QNVIMH47MS,0
NMGBM1Z7YP,0
0LZ9UKXB91,0
U6RNK4LSJY,0
AEQJACVF5R,0
H74LOWXKRC,0
Y1GYK80WCT,0
LQWGY9I5KU,0
87MTYS9V2S,0
TNV0HE5ROJ,0
K7S7Z0U3BK,0
4Q5KFXK540,0
K2LYBLOB40,0
I20CRXLTOZ,0
Z87CE8CE3N,0
AV07JLP8BC,0
97JFX0OMZX,0
FMHXQ3BC0H,0
1GPF1GBMLW,0
OR01K26QOT,0
524X6CZILE,0
SR7R0O4EYY,0
BLQBPDCVI7,0
NLO71YL6RZ,0
EE75HM7FP0,0
AVCR8QLK3C,0
M7FMV6BESA,0
HUMD4O7HI4,0
B0F8PDNHGR,0
477PXUK6Q0,0
T1Z65MZ3Q3,0
9IX5F3U8AR,0
5020U2BZT2,0
KE76EEKC4U,0
V53YIV5SOG,0
XD6FGYZ55E,0
22C5UD3FYC,0
EK0AEDES1K,0
2BKSQ9VUAP,0
VOFEKP2BOB,0
504YS9TGBJ,0
MG184EO3NV,0
Y8S33O7G58,0
T6N3RF6POP,0
FPVBT9DFWC,0
UXTB2D1M4D,0
6OKS8B8ELZ,0
HVZHZ77QRI,0
FCA7IAF2I3,0
EXY77A5LPG,0
RDPMN1PXO8,0
WV8ODOS432,0
K9UTGOKERN,0
EMH31ZRIQY,0
SUJHOJW7YI,0
1LWQM64XXE,0
8OPFOSXXCG,0
U6R4IUR79O,0
A2C2DH54BG,0
HVE0U7E3UV,0
F9CI89RTGF,0
FVPDPBQ8RI,0
8S5GSWV0BR,0
UQ3384VFST,0
H6CE1HACFX,0
GCYMQLFZQO,0
7DKZ8S2UXE,0
2VTHZ90M4S,0
K9M8NGGZIA,0
GOEH6W0QMH,0
H877FFTVYL,0
7AJ6FAEWE3,0
PRAWT3TPS1,0
AGZ133QSH0,0
R6N4ODL9LU,0
QXWX90F7K3,0
90O17CM6MQ,1
WIBEJMVB2A,0
GY19XAVAWP,0
Y07VUB6RNL,0
TLZRAQD1LZ,0
B86OYBX3R3,0
T71R21U40T,0
NAIUJ9MK08,1
TWAMFBVQ0P,0
KFAZHZDSYP,0
K5NHUCBC7S,0
36Y4ERDKA8,0
UEAQ7YS08U,0
OMAOFDSGYT,0
H10ZCC5QYP,0
JLT2NZE0PE,0
9Y3HW6LT78,1
XYW6EKAVJ0,0
VIH2QJ2A3X,0
WST02M5D3U,0
3H62FX1BUI,0
HLJ926E7DY,1
AK8R2KURJL,0
1FAQ1P9W3Q,0
D7NNU8GGAJ,0
MQ0IIGTZRG,0
YVP80J6F0S,0
URPF9DO3J5,0
X0NEIJGM5F,0
ILQYVMJ0QP,0
NKF7AH82SD,0
VXJEBXRO2G,1
K28EXLHZFG,0
D25C7U2JQW,0
S7QCTB06PT,0
V3IU99QDTN,1
T0ONJV2R8Y,0
DS5CVKEX0A,0
WEM0TKX90I,0
03M2MY4DVG,0
SGKE70TPJR,0
KQKKBWMRZO,0
75JHULYMXH,0
M5VM7URW3H,1
UKB3Z7V5N2,0
LETYGGNUNG,0
RUSCFNUDXI,0
0NC2G7QZJ2,0
2XCYZ5NPK5,0
5Y2YPTS6CF,0
9FF0EH2G1B,0
F4AV88MW1L,0
TOOVBFMNT5,0
R9T35JEICC,0
SFTI5UES92,0
VY9QD8CDM6,0
49BLVZPOZM,0
7BC4VARPD0,0
AB7DDJRKB4,0
RT44YA5U5W,0
SVIJQZ2ASA,0
ZXFM8QBZYG,0
UVWV8B26ID,0
7B43CW6RC6,0
K9LMATQZDY,0
AEH6S6S0Y0,1
JR1KJXUQMS,0
9JOIFAMQ31,0
9HQBP551XH,0
Y9S7EHERDG,0
VXI6JW3987,1
BYKZLEECNX,0
RW5M27HOHI,0
5EJBUSRU8R,0
1XL947E652,0
5X5U6A9RMR,1
TYO847U9UX,0
UUER0QK4OJ,0
CPZVD1V0GV,0
449EFKRNFA,1
TJN657ZVYS,0
2CFHYAYO5D,0
REJ7EL0DY0,0
4HVJ3NXRR9,0
KLJ7YI8A12,0
IV9NZ0JCVC,0
LKM9EUO2YE,0
THL7OZENHJ,0
6LINJRIBNP,0
1HG0CYDWWH,0
NWLGBI7A81,0
X9WWWM5VUL,0
GAKCQYN9GI,1
8X8F0LGMMM,0
JBDW8IB32W,0
XEZMF98E8G,0
EL8KXP2BSJ,0
R4G4QIZX1B,0
S5VEPO4Q1S,0
XRCTKZJ8DT,0
3NET8S0Y4X,0
9S3EPRSAWB,0
ZBEAYYV8SE,0
RUXTZ6Y0OK,0
FHW7U04PHE,0
72RX1K21XB,0
HXPEXH1E9M,0
HU0ANWEDCK,0
T8TNUAJUOX,0
39O9MWQHGJ,0
J8PCT4ELDN,0
XMZ8LLTLIZ,1
K6BK0LEPA8,0
FTEVU9DA5R,0
NI0O74LWU7,0
UXBV77PO18,0
JR46CPO26G,0
PESSX9WIZH,0
NHWYONFUVB,0
B4E5CCBUQU,0
P5VNTF8AMB,0
4Z1Y6DDZJ1,0
2LQ82DPO09,1
ZM0776Q988,0
K8SFU1JYY8,0
RM7KE57X57,0
2JFO7K3977,0
YEVGY83XZT,0
65VQ05LIJC,0
OHKW53H234,0
TLXWOK6W98,0
DQ25FF60IZ,0
AKKWA8SQWS,0
RC9ZFDS4F2,0
CW0110WCCI,0
2GNGR7DM3Y,0
8SNILOIKTF,0
IIOVP7INRU,0
WT5FTYTC1F,0
PJD24IIAN2,0
ETTHZBGQ10,0
Z5MZLMOTRQ,0
BKFCE6PCMZ,0
AI43ATOMF8,0
WO58A9C8RY,0
0GS0RCNOON,0
I9SSXL7CEB,0
HNE6350FDR,0
IY0HDUY5Y0,0
OFXO015YYW,0
X905JFYAFX,0
TEYW47WSMG,0
3HK8JQHBWC,0
K5UE78G3A4,0
CZ7TWMGT57,0
E6WKD4L5HI,0
YMTYU3QZ5B,0
MNJ0B95QF9,0
QZX8I95P63,0
AAGEFUWUE1,0
D3XO72F93M,0
FBXJJ34G2V,0
6WDQV69R2D,0
LQZH24AJ6L,0
M758QZ6OEF,0
6NDKPVPIMJ,0
RZ2WN9CP93,1
THQLO7FY4Q,0
18AMPNM22K,1
S0K17YC6ZD,0
QX6U4U5I28,0
85UHDGZEAO,0
L780KU8MLU,0
JYTJC220CR,0
SVLWEO6MQ1,0
QFAEAYXWQX,0
H2NSC3V34G,0
JSM0USO9Y3,0
FRQCPW6JLR,0
HH2YSGJS1E,0
210MWL2G6C,0
U9ZZIEJXGN,1
81639NAJTZ,0
FF1A6P2FMP,0
TKAAIRCR7X,0
D46JIYCGEU,0
1JR30SDWKM,0
AML07EURXL,0
WICSDAYXYF,0
DXEL0PNEH3,0
AWRALUZDWJ,0
4NYY8T5J5O,0
04DY57QFSJ,0
9BQKMG33QS,0
270QF9ATWS,0
GBQIOR7XD2,0
82RMEBEZTW,0
AFQCAG3FZ6,0
CUMUU594W5,0
F2E4GXRJT6,0
N29AWY4E8L,0
FHCTFPZU3B,0
R5PGL8I7JZ,0
35AXVHW1YE,0
03DP547O97,0
ILBNAGOEB0,0
EQEFD24U0A,0
Q0HW71ZIC5,0
P5ZMYRZNP0,0
OPXOMPJLHB,0
4MTWNKRUPI,0
MNO77TTDA9,0
57ZAC2TJWT,0
SH82H4MW45,0
OCZ3E8PCAE,0
CYVZG6Q9H2,0
LIC28GTFCL,0
B2I3XX0LJV,0
N8C79AR963,0
T846BZS4LA,0
760YBXX7G3,0
6CGF62N5CX,0
1KTWK0E8CU,0
KHYBZOOYQE,0
WN17QHGSSI,0
M377ZR2TGI,0
LLCRW2RJJ1,0
R3F7CY4TTI,0
2ZVUBK91GP,0
W4ZQ2A0QKF,0
0P7O0EFKM4,0
6A3U2Z12Z8,0
Q3219VDQC1,0
8NT7SG371O,0
7LGJ0MFTHL,0
IYJKODTX3C,0
FFLQLBMES2,0
GHYXBLD33T,0
BV28EGMQRN,1
XA58766NN9,0
HFD87HXTK6,0
REAYUDE7NC,0
J8PIKQVU6W,0
A9S0QS3S3I,0
19SQH6C228,0
WZJIH3DB4T,0
P3OJXUFBAV,0
4MFDQ87GCS,0
K7PA2P8OGE,1
FN9GCOHRRO,0
2AINJEIOHF,0
SAO6SIVMQU,0
F2DQ121XVF,0
XBVF9KN1TC,0
0WILEVYZJS,0
TWEP3Z8M2I,0
09I5TPKLNY,0
KF6VEEOEJB,0
JT9II3IB5G,0
DECP7ELMC7,0
Z7F74JU2E2,0
MEQNP81LDS,0
MW7319MPMQ,1
N4P589XBJL,0
303HSS88E7,0
457HJJ6GX2,0
EYPPXS0DIP,0
6377OI3GM9,0
KK416DZI5L,0
MGUNJCT6GJ,0
36S35WSEII,0
FXLLSV5LNV,0
6QHB8T8VES,0
NEZTLY91D1,0
LDLHY2KNJV,0
FIFNN3C0JY,0
PVKLL1J26X,0
ZIXJ6FRJ82,0
4VS3PB7Y66,0
7AMHIKP8HZ,0
CNPBXIGKTZ,0
WIHT1O0DKO,0
RN1TTVQ5KP,0
NGXMODAZIW,0
8RGJ8LSQOO,0
K32EWLUPQ8,0
URCE8I55PO,0
WEKMWWWR41,0
L9LSD1EU63,0
I8M6VO6GE8,0
26ZCXAR8GN,0
JLU51F8V1Q,0
RHY9O4DT7L,0
A6DD7RQT17,0
GJS1V14OHI,0
2L3OMQWL2D,0
CKEBFBZIC0,0
H94G1TWYMI,0
7AGBOQD7H3,0
OR3YKKC8EY,0
BYBUQOA61N,0
B6GA7DRTOX,0
KS8S5CXAWO,0
CSB63SMNQ5,0
3L5FOILI9D,0
IVZMZ3SWK6,0
W3QYY8HKQK,0
OQ4KN48AZK,0
HJ6966CCBU,0
5ZQK2GCXG9,0
QO2DO5W9O2,0
W79YIAGUGR,0
I2LUW8CJIM,0
SL2I1UJ6H3,0
X2K5A7TJYJ,0
EDW2UONQ0X,0
LQYIEMLJSD,0
O1YG2SSNPA,0
GHTO99065Q,0
B3FJN0I49I,0
E53XPPB2V5,0
HOK3UX794Z,0
G2T5NA1L2A,0
WZ04RXRKTX,0
ERC1DIFBGJ,0
LF21L0E1UK,0
15PAG3FGQP,0
7M92VU4ZNC,0
FNJ3Q9ZEOT,0
91VW88JBXP,0
08VUVEZIZK,0
28CRD8ZQ6S,1
JEP444BK6Z,1
YK31LMRURL,0
DMMKGHQ0VE,0
MC9OQSHDBB,0
6OIH6IBK96,0
9O95S934DR,0
LWSMLBORHR,0
GGLXZ8F8JG,0
7L7WVK3BQI,0
BW6UFDVNSD,0
C23RF6S4BD,0
I627788IUY,0
VKPYMLRE99,0
HSHUX4NAXX,0
RU95P8TZEA,0
NC2YH0Z2E1,0
RSKZMJOW01,0
96ESY1TIU0,0
WKRRWCN3NT,0
HJ3PH8PVEO,0
B9TAA8TZCN,0
AR54XYCA14,1
N6SRTDA5AF,0
QB09LCA0YG,0
YJA28DVVRE,0
XRCVV3PN0K,0
3JOJ4WM3XO,0
2CK8Q3XKHE,0
257UL12F4Q,0
4JDLHA9JAS,0
UZ154ENU6I,0
HXYVE76U0X,1
10QV2S5KR7,0
ULCDXDTHCW,0
HWJ9HHV40S,0
3AKERYKN7D,0
8AP4RYA3RM,0
PQG2SALM49,0
D4SSH25HEY,0
GFD147MUIR,0
208HWHBJPB,0
BX4D4OO7IS,0
V04DFUHR8O,0
2VNSTDXOTN,0
HDGUUNWQ3S,1
59OW03ZCRX,0
1TZ5RNOOIV,0
9EBAI1CPXT,0
R1FXHQOV23,0
P07JT4S9FC,0
6VTH43RPSK,0
BYP5FOR3OS,0
5UQMK4OR9P,0
J56UY534T6,0
5884837JLS,0
JY7HGBR52P,0
ED43FXAZPQ,0
UXW2EK8QUN,0
7M4UJRSV54,0
77JT4OQATC,0
HURS9AQ2N2,0
YKYV4JW6MH,0
0UQKRF89YD,0
5V5R5X2O3Y,0
NPU5238LTV,0
87QAZ12OIR,0
9I9DKEYSE2,0
XGG506QYTT,1
4EKL3QZ4S9,0
ZJ5NNIQ512,0
UYOSJIE3CN,0
EI1WSOJ5H4,0
8TY6CKBNRL,0
DCB3VQUVRE,0
YU77XNMU0Q,0
0SI1XFDP5W,1
2EVFPHBI2Y,0
G9LWVCAFNC,0
MFHRU3K0S0,0
DIW5ZNWUTP,0
VFDSZUEE93,0
X549GV89DW,0
4BP4EXS6DC,0
3H8XVF3ELY,0
X0I37SN9T6,0
NN57WGTCJF,0
JLQY46QMF8,1
8BQ9I30N7V,0
JICBPPQCM6,0
67Y9YQR7O4,1
CRRF3E5KTE,0
DMED6LC14Q,1
BEIAIWJ49Y,0
H723MQCET1,0
HYC3LK2JTX,0
B8XL13DYK3,0
NFA1TX3YMB,0
138KIA5EU1,0
G7KDIRKYBR,0
7E42JLXAIO,0
IZBNJU7ZT9,0
BAGO52TAIF,0
U0XZ9WPGLD,1
ZTF0BESM6I,0
QI7F7O8T0C,0
484XGXE1ZH,0
LO3KYPSZVV,1
6AHO67DQOI,0
C9UYK5MF4Y,0
YREAKHKCS4,0
TMUMYZ6AXR,0
DIKNK0VXDX,0
GY98RTBKIA,1
JHI9UH2ZAU,0
2R6A4P8SU2,0
Y509S9Y0C5,0
BPSKQBB6ZA,0
JVGBJ9KPIR,0
HEGU5WS93O,0
HC3DHAVWSO,0
T79VXM9SXU,0
TV57TV80W9,0
VKNX38ONFQ,0
Z4YBQY9LQR,0
E0LB4BIYNR,0
Q5D4KVCNQ9,0
5UNWG0KY4Z,0
TI3O5JZIJA,0
2ECVA24P2W,0
KV2TYCS0CM,0
N2GK80VBKA,0
7U1KVN9YIY,0
SVP1RMNUPG,0
4W3JO70UO4,0
CXXZ06N1S4,0
E36ABFYPKF,0
O86UP8FAZ7,0
8CFFITVALT,0
RHK6QZ0EUR,0
SIO9I6U4I3,0
DH4872HK1X,0
XAR6XTWXID,0
I5HKHIWSOG,0
55E6AX943O,0
HFAVA2QYAQ,0
6KHTM3KBUA,0
7VPEEZ52YL,0
BFAX9KK21F,0
U6VLYIV6PO,0
TH8B4XKU8J,0
V4PFMZ5FAS,0
11XJ7H5MNT,0
NUHW07UKM8,0
FLCXM987QW,0
AFLRRWP9N9,0
FTTQJ76XUT,0
XUYK0YHPAG,0
56YJNBSVKM,0
JCXIJBZIHB,0
HUK7KEMQVK,0
AVXV98Z7V8,0
0YOYDTOAT0,0
HFIGAKD9MI,0
QQ1C8ELDJI,0
VMV9I5OJ8Z,1
D55ZYK3OOR,0
XHMR58ZP63,0
VO1H03N85B,1
P3DT08OU7H,0
25U7OMK4FO,0
GO2TYPX2SU,0
9KI6WF2XGI,0
EJMBE0GNLO,0
RTT26JR3MG,0
84Z4JSSYBS,0
A00PUGP7CH,0
VDSBVR46YP,0
WPZ2X9MF6X,0
9DANVJ598S,0
HDLLKFNFJV,0
RFLJXCWRKJ,0
V2EVNOUPLZ,0
O06XF3F72G,0
QD36UJAD91,0
T9GYOGSFTF,0
ZPM9D6G8I9,0
34Z4GSBIQ3,0
8QBM8B1CY5,0
SBG637G8O3,0
TLEJ9RCHYF,0
BQC9NLFRQP,0
J9SUAZDFWB,0
14VKBD9JN1,0
RJKV7CD1I7,0
JUE5E38CU9,0
5KB17KZMB5,0
AP4CY6CPE1,0
0OVF9XDIS7,0
72W95OBY00,0
CGA35QDMFK,0
OLE8264FP9,0
EL27ZWA41D,0
L5I9NM5ESX,1
DUPNLZNWUP,0
M5OQGKRE57,0
W782HFL2ZG,0
1CNEOY8QXB,0
Y7X501VV6N,0
UTLXUP203G,0
ZXY81SJNGY,0
WH0S9BFY6A,0
C6NK657B5Q,0
PV5ZW3ZCFQ,0
M1AKY7Y46I,1
05U0HCNBRL,0
NY6BY4LRQL,0
U4IEXFPXKO,1
CT3IP1P9GS,0
KR1OYKF9PF,0
LLK3M92DG0,0
U5I1F840R2,0
CM214FYOHV,0
DLXJO8RK9U,0
0LOFLV6RUV,0
JJIPEYQQ1K,0
3I88LF4U0P,0
GGHEYTX73A,0
PNOLM2UCUJ,0
9RTCAB9JF0,0
YV0HQWPXOE,0
6TPQLJQT32,0
2P9HXHOJMC,0
LGI3FOGD2Y,0
8WB7R6LWRY,1
52S33XY5RT,0
OERY0VASM2,0
VZI4EFX5LK,0
TELRID52NU,0
IYS5PC3CLW,0
I89W5GV7X4,0
Q32BCPTZ8Y,0
NIFF3Z0PQQ,0
N963503MDV,0
VZHL0CEC79,0
OBO2825XWN,0
UY6GJ0BE1D,0
Y5T8X7M8IU,0
IG0I8JAQ4K,0
7Z8RB9ZOTA,0
V0IAANQJZ3,0
GJICKYZFBO,0
0S6EUWE6FM,0
Y1TFXNS22N,0
7T3LUDALIT,0
3PHR8KQ9YW,0
5N6T3M37X2,0
Z0I81DF3D6,0
61P68HY5JF,0
XIDFQV763P,0
Q3OXI9WI4H,0
E5K3ZRON2A,0
KNQV0MPREH,0
LPP2SIAN9Z,0
81340IIM5E,0
JHQANUTNZK,0
QWQ0TAKTGC,0
2JHRTGJ7WI,0
DKDMIHOR61,0
Y586LNT62X,0
5DCD3IUN9T,0
W7Q3SPEWD8,0
CAAGXZNB90,0
AJ51Y7OSDF,0
4RSHY91IA2,0
S7H8MUHWBS,1
WFGPU4W6N2,0
8EO6TXHEH2,0
6GER45HABS,0
PS0BDQXYT7,0
55VFMSYY6X,0
5693DQEJET,0
QRJEFDN955,0
HLU8IBFWIQ,0
BHPTTSPQHF,1
RKWCP6KOCH,0
5J34AXU0Q1,0
1ZIFUOM9IX,0
L6N9SJG6BD,0
PSMDHDVYXZ,0
HXTFJCL9L2,0
EYYTPJEKLA,0
PTIM6U3W4E,0
C1R8HCWFXC,0
VX1YUDSWMZ,0
ZZUHCZANQ2,0
1OM67PMM5O,0
5FS9TA6SC9,0
FJBNE6RR7I,0
967P028RV1,0
N0S6P16G1W,0
SMGM1695RM,0
S2MXBFBRRQ,0
WXW0SA1SWZ,0
A005T7ORR1,0
5IT1CMO1FO,0
I2ZVPH68XC,0
JUMU44HGM6,0
TMN4ME78N1,0
HKFFHAU8BH,0
4ZGDRYEHP7,0
GUI3BHCJ6P,0
S0TZY0SQGO,0
2J9GVHUWF2,0
HWBLJUKXBV,0
BZWI6L3JIM,0
Y6HJ2MC9R3,1
E3IQM8D6PX,0
0I177V2SJZ,0
PB3A8255VT,0
WUNHXBBBKD,0
BWT21278DF,0
XUZT23P4E6,0
RJM9CL0D9X,0
5X7AMISZCQ,0
5AV4ENSTZP,0
ZGPOWCI076,0
G936V1RJ2A,0
4HGP22D13X,0
I3PNOF9VFZ,0
IEQNNESZXS,0
OTX9F226PI,0
9BD1KD2KEF,1
1WO4N79UTN,0
5RDOKNJEOJ,0
QDCGN9B908,0
XVZLI877O8,0
74XAQN4K3I,0
5TH63HQK1F,0
K6X0P13463,0
MTOZ7GF21E,0
N5CR7VY0N0,0
LTMUUC253M,0
4UW07IAIHJ,0
9D23V6WDYZ,0
8DFC05P5TT,1
8AGEL146JU,0
BDUQI3BVG2,0
5G6KB55M9Q,0
K7CDZLZNLA,0
BVRQ5P2XRM,0
WCIGI4E61K,0
H891S2L9NN,0
IFE2GCCLXV,0
9LL2HUFAGD,0
RIILRV6QXV,0
863H8A5ZFR,0
C7PM11I4OW,0
D6AE0VV41O,0
WZLU9MP5GI,0
PCPPSKNHDT,0
IO7U19SWJJ,0
L8FRCK4GRB,0
R7OZO62ZKT,0
YRQSBL0HCI,0
VAZNXA5CY0,0
QH83TN48M1,0
3TNXQZMZB7,0
SEE4YEW2P6,0
2AJTY6SDEJ,0
6L7DWJH4KH,0
GZ4H6KHQG2,0
MNXINAW2T3,0
X805HJRATM,0
NFWW875MEW,0
AW9CSCN1TJ,0
7EOA0GDIBC,0
Q0SKWFO7AA,1
1UHTGE6TGC,0
969NJZZ7A2,0
WPHJNQ4PKI,0
YYUZOT5LSE,1
M8YI7AFE7W,0
H93ITEG551,0
OTXUAE3SI5,0
O2HZSXQEH5,0
M5BXH9Q8OK,0
A59DSZZRWA,0
PP1WZXJ5QP,0
7WVW0360Y6,0
ZEGLFYB5YN,0
40P0Z4TI48,0
0YCW4W92S3,0
TG4RWND6HO,0
CFQMPHAQZA,0
3G73LF9VG6,1
PT8YJ3KOJ1,0
O7WUXAEDU7,0
DNH7EZWIX7,0
FB60LE95AF,0
XNZX6BS7F1,0
7G351XJ3G5,0
IYL30V9IDS,0
BYP572OK4V,0
GA0D57E5OG,0
B1LYT1BQSD,0
WO6CGQLMKR,0
LZVT71OD37,0
9WBMLR7RVR,0
MJ2BLI0DNU,0
AFA2Q5CAF2,0
5Q9VFYWHP5,0
L4TBRNT3ZO,0
LI4C81EEP9,0
WSK55ID350,0
94NVFXHAEI,0
KVQV8I66E0,0
356686C7WT,0
F60MWZQOVD,0
2O3KCY6JMO,0
30ADKPYC9H,1
7DY41O7AS1,0
QVTUSVWBLX,0
GHC4SZCYPL,0
0Y5HER11UK,1
UQ0NGVT8G0,0
XRUROR3TY9,0
5FOYD4EQUJ,1
UZK0ETCEKT,0
6VWKK4B64E,1
QC53MZOYC3,0
5O3MRFC7ZJ,0
QG06TS0D4D,0
MAYL7FZQID,0
L2AD0MYVSJ,0
IH59O0FKA0,0
1PBUVKUBH7,0
T48NNSCF96,0
A78SFBS1P0,0
MFLQDY7C1J,0
4ZW0R9WSFZ,0
G0PUVITC8A,0
JYIH9RX9IK,0
027UPT2ZFF,0
E15UYHVB2O,0
JUG1ZMRL78,0
X71IV023QS,0
PAL9BG8XXA,0
75WWVJ95VL,0
UO4IAYFOUN,0
JMXOWAD0PY,0
CSFVW7KYCI,0
UZ73SAL77D,1
ZJBTLVC0BT,0
5XB82D7CXT,0
J1Q9VV0R5A,0
WR2FTGM9HB,0
SOOIXNHL02,0
DPXTI4UGLW,0
1QO74288H4,0
17VA6RE57X,0
U4J8BSBSGF,0
9P2CWISBKT,0
GQSRKKT0W5,0
3P5RJ9RFST,0
HA8QUYY0KW,0
WUM86ZVJE4,0
T8H57T9NMB,0
HSR3CDSRDO,0
CLFDY8U6UP,0
E95IY6P14E,0
IOFB8XN0ZE,0
FL5YL7JC22,0
I8CZO2ZG6L,0
E58I07V2NO,0
WC4GZHAP7A,0
EABT1BSKB4,0
IAMFH8V27K,0
O3RJT0VJBQ,0
F9N78LQ7MI,0
2PDNZ6ALSA,0
8YQP5N8HDN,0
G5APFITMLK,0
H346NVL5RU,0
4LVLI4OWMC,0
0KPKT0SPPS,0
MG6CE77YUT,0
H8UXFCZRWB,0
VX0RXKJY63,0
NQLLZCHAW9,0
E1E9HC08HZ,1
4Y3TQBUDSF,0
2IBA6RBL7M,0
T38GR98YUI,0
IOW6WOXTQZ,1
9UZD7CR038,0
DZE9PS6BIY,0
8063NC1XU7,0
DLGV2J13Y1,0
BA9CH50T93,0
KAJI665WOC,0
SBHFNUX9MO,0
6V9JS62I43,0
G4DMRZ4LRV,0
Q0XNASRQVI,0
Z7JVZZ1O7G,1
6AHSEBC2G1,0
UVHOPS3QGG,0
6KK5XVGFZU,0
KEEQWETKBR,0
P4OVL1K8NM,0
3CHURCQSLN,0
3OB477LS4P,0
8FX4K4MBJC,0
36GLKLF1K3,0
UAKTDHPLIU,0
GXI2BT494M,0
NOBYOZMQOR,0
K9E7F06Q7N,0
BB4FSNFL8Q,0
TAUSUQSROS,0
NBZ5X5Z2HZ,0
KV0SL87HCA,1
JD2VVVK42R,0
NKZW16N0FH,0
H77DJFIO9P,1
OC8VXK137P,0
UY4E5QWABC,0
JEPVE2GC2Q,0
CKN4V2R5AE,0
56D9H3271G,0
VWERF0F3U3,0
9F9NTK81T5,0
80Y3JL5G4Y,0
E71302LUGY,0
QIJTUTVW2J,0
5P7237LWAR,0
1J9227QULJ,0
SBW06RG4BB,0
VX09210I4T,0
B3JIBRREGK,0
GKSRSXDLD8,0
IDKGIQUGXS,1
8AELT4EE7O,0
F7X0GPG71J,0
NMBP0LTKO4,0
MCXMHLS1TV,0
2H4W8CZ2Z9,0
K1K9GAZ5V4,0
N0D92SOK2K,0
J1ZZKJD32X,0
BF6I9IFTU5,0
F00G99KHO0,0
6C96KCBXO8,0
C9KRVYMPBY,0
YPUF7K2EXI,0
P1F872VGCV,0
OR9D3FHRYR,0
OEEH0BX6YG,0
5AZGB7AXN8,0
4PQWXRCPUZ,0
QL9DEBNITV,1
B6GRZP42KO,0
KO52NNLLK4,0
S9U19SL0Q7,1
Q9W9BSDD8Q,0
RZDQYIIRHY,0
RIMS25BY12,0
B9J91JZ6J2,0
IJQW9ZE2W0,0
S2QN40LKZN,0
I783GWP1ZA,0
KEH8GU37DM,1
S69W1VXJWC,0
Z2ERPZ4JTE,0
3HIWPJWKAL,0
NZ2R5LB5OV,0
6D3V9NSSJV,0
5ZU3HYY93Q,0
36PELUOB8G,0
DXG4RUJHW0,0
IBBLG07JL7,0
TY7RIPFH0V,0
TIJXWG1OZR,1
TO0PVADXM3,0
G0SULMUK96,0
C6H1YJIH8K,0
4GMY21MJIB,0
YFA7IKPUB6,0
V1OOSZCR3G,0
FRT956EAIF,1
LP0PJXTURG,0
UVVOH6RR6Q,0
PB4H2W5ZTY,0
1SW1MC3PRB,0
NRPVL734PM,0
Z49KF9VS3P,0
KUE1U3FNMS,0
Y38RL937NA,0
81E0HCO4S9,0
D7JP565B0K,0
2W5LM56T8F,0
G84MLPQV61,0
HOCETEVXQC,0
P4FK8GP7H8,0
GLUF1UWKAJ,0
OQLBTFHYWZ,0
R5FXL3ZVSE,0
KZ4D91TCCQ,0
ADW9XOQWPR,0
KJPCZCS2YM,1
UFV0YQE6MM,1
27OC9N9AJF,0
TUW9XHSOBM,0
G08B2SSCBG,0
5PK821VV5L,0
E0VRX2NAS8,0
7GF1NS1YNE,0
IB4T1PZX7Z,0
VXNCRNLGT7,1
UC05HLTNNG,0
IVD7JRR1T9,0
MFLEACHABT,0
X98F6I8JB9,0
DKV14YN67J,0
HKWBNPKRRA,0
2KAVDUV0M6,0
HXCXOA4V11,0
YI9GBJHE7I,1
UG3WY8T4X4,0
JTLRNTPRV3,0
3QHDOU18H3,0
9FIBF6AVNI,0
7EWDG2O5FV,1
TL44216ZIP,0
6UQDDYEWB8,0
X9M87D1YBO,0
R20AU6PP4X,0
C5DQBDOMN5,0
0Z7SBCBDIB,0
S7LCNLKYCT,0
X4BUNVIEMF,0
7K9MCUQGXP,0
5QJJ3O71DV,0
GR3AEH5ZFF,0
FFOB232T28,0
NP17A9DW5L,0
CHDWI01H4B,0
VORYMRY3ID,0
8YDGJBU9AZ,0
LOB2BSQ39D,0
G0NTZHB4RO,0
MY776SXBA3,0
41MJMNZZPB,1
E3CNUB0M8L,0
UX9MX0C0X2,0
Y9U8U8FDL4,0
P2T50WT758,0
TC7IO6U8BI,0
0ECRVLDZJK,0
Z3LT4QOATU,0
NNV2SALGHT,0
8RLA4B6NQ3,0
2AAX4S13DE,0
GRL84SBX1X,0
SG9B1EZPMC,0
OC1G103PUN,0
B5I8RFIDSW,0
LPFQ79Z58C,0
5KMR7S74UN,0
1ZIIAINR5M,1
22KWXS05E7,1
405QO6AN55,0
ZODVHTK70J,0
VZCEZ9VCCZ,0
1YJLKK1Q2C,0
1ZBYINOL4I,0
T6QX0VWI0H,0
LFP6RUCQ8G,0
MB18VRAL8R,0
234GNXUWTG,0
5W6W3PN6GY,0
SBZPL8L5WW,0
4I6GNDTV6J,0
YS66C3XRQT,0
CMMB0FFZN5,0
I28WGJL2O3,0
GCUYNHTX85,0
4Y7KZ3L4RE,0
2QNQ9XJLRZ,0
QD2TOJBXJW,0
PEB2X6RZDV,0
740L04EX20,0
41RZ241F79,1
F2R9SXDC4O,0
KSJW641IMM,0
IFSAM2VDBO,0
FHL75VAPD7,0
1KDFLCM1Q3,0
SHQ0J3GJSV,0
4CZJ9OCSG3,0
1V8DOLJMGY,0
RYOGU2FO4X,0
KTB8KFXBPZ,0
MFCTLZ6L8G,1
S7RIFBPKWC,0
DFHL6KZ9MB,0
TT2I4TN4XP,1
ZPLAV6S1A6,0
R5P2OWIHQ6,0
RFZN5MVZGH,0
F61OG7JA0C,0
7LDOGBO41C,0
8JJ1EUNAP1,0
HYAA8C8044,0
RM0OABJPIJ,0
R0Y4V5J8DM,0
4TKO755EGB,0
F0J5RBDNY2,0
NUGNFGRXC4,0
BU20DW3NEB,0
R3P2OO89VV,0
JORY8JU9MF,0
19MCIXR1K9,0
LQ1KVZ4TQ0,0
FWZEQGY4XG,0
ZRILQF7XTI,0
PEXVJABLF4,0
7FF9JIJ5T4,1
ZK4699H78M,0
NJLKCI8SZ0,0
ILA5XMBHXJ,0
FJ5R7KUX1U,0
U3O129ISOK,0
UHUBNZIIVQ,0
77X5HUANCF,0
4V6IE3OP1J,0
5QPDBCFJY8,0
ILSHRZ5L38,0
352HEK3ZKE,0
K9LHOX5HOO,0
Q3W9136F5E,0
E0A9LO4DPA,0
0H6J0AI0A3,0
XKBOZ087ED,0
CT16YBHKVB,0
L6DD222K32,0
JDRXY9ZF3N,0
TOGN8OS55N,0
YXY7K18OKW,0
XF8TICUR1W,0
J6Q34Y8FJ9,0
E6U5ZTPX3N,1
RNAJHAVYPH,0
QSHRGZ4YZY,0
WT0C1PEGS6,0
J2LR063BW1,0
F6I1PXWSMX,0
4TF8HN3U4D,0
XY5W09NDSR,0
7UR42ADTUJ,0
EKBJHOGISK,0
ES31TB414N,0
H97NDLNKCE,0
X9I7D22IJ6,0
2RVWLKXM7Z,0
7KMBIXBDXL,0
28E67566HX,0
FCGJ9JZL70,0
IX5L6F1S2J,0
GCO6RTZV6Q,0
9WBCNY9MH9,0
4DCFVC0802,0
HY8Y3RA5F1,0
N6QC6QXLEB,0
0EXRLER9M9,1
72CFHMEVT7,0
G5QCL9D8G7,0
UE4Q265KCG,0
UN2KXVP7HT,0
VFYXDG8F3X,0
X0QI8VC88E,0
UCCGQJPF9I,0
R4V8C9UIYI,0
NDB172K3Z9,0
8PXFLQ99VP,0
YUU1WPXN8J,0
KN8A51O8F6,1
FDOKRZTLBB,0
4FJUDPVJZR,0
NIS11OHNK7,0
L2OO2QU7KY,1
RYIMBV4CMT,0
NV60IZB1HY,0
UG99OC1IOD,0
W7HRCA8B9M,0
DQ06XKYF66,0
S1EHDNZ1JU,0
UF7MPNBLID,0
HQRMJ6R6QE,0
IAJ24D8T82,0
6QIELUAMDC,0
8WUZ6QE66B,0
KDPK0LUWGE,0
CB0W1TURG0,0
5RGDDW4WQE,0
ACAXNYQ4WI,0
8W7NPHSE8T,1
79D28GIPJP,0
RJ4MCNGRVX,0
HH0EBAKNLL,0
G452A07OXB,0
59WHPUC1Z5,0
BD037N2SIB,0
DRETTOTPK9,0
IVGCRYKN0R,0
H7BA527JS7,0
70ULJTU0NN,0
Q0KNAXPNDO,0
FS3BQAV1WN,0
V96SCSF7JO,0
2YCQ25N9QD,0
JXICYWFAT1,0
XN97JCIB8I,0
MF7J0HUNOT,0
OJ8LJ8LVEM,0
7LIXJV7ONC,0
9A1I2QT1LJ,0
PU6XAEEHU1,0
TVNH13WEX1,0
35GRV2X981,0
KZRYQ93Y3Z,0
EEA1N2ADGX,0
CDAUM8M7GZ,0
SBF81KVX4Q,0
479X0Q1N7Y,0
ZAJXJVHFJI,0
K46TL50SYM,0
P6JZ4379F9,0
CPO5KOYX4R,0
AOZ7VP3WIR,0
4LRO6P255B,0
7A90W5WXER,0
DTLS2CUCGD,0
BXBJRXNS39,0
J4BFKIP23S,0
ADHRBZAMI3,0
B4KB2FO6N0,0
FO0ZKGV3TI,0
WV30T9SWWE,0
P4Z702F92Q,0
9UIVIODM9Q,0
EJUSWWWO99,0
7L720G8Z1L,0
924IPH9993,0
26NK8NUJOA,0
1CEEZL6488,1
W717QW5Q04,0
GMQLBJ9G25,0
R7Z0PMG0UA,0
J5R19EO28D,0
29RER9X4CU,0
LM7ZYIEQ7L,0
NHIEXTC59T,1
U4X4EQMSVU,0
ZDCU6GQO8A,0
SW0260ZKXB,0
IPARI868L2,0
JNVA6X9PRB,0
09V0N4A288,0
YRTVKTFK2T,1
IOFAWPWKXR,0
77RKQBZMAY,0
XKK9OBTRYX,0
NW6BA4212G,0
8IQOOFPEZ7,0
P17LVKX61D,0
FNCJLA0KKL,1
RO85DA6LL8,0
IYZN6JE55E,0
WM6OUHEM8W,0
S4DCDAH868,0
VE3HI8YFOV,0
R6QGBT1FGN,0
R9AQVGQ94T,0
RE1JYMB77R,0
ECPTLYKOT8,0
P194EOC81Z,0
OKJFK4AV7O,1
0JA2VIUNXG,0
3C4X0TF0VQ,0
YOOYYFNR9U,0
0VZ8L8GQOR,0
0ENU6INWBG,0
A7PT4DRVXK,0
NQ7MBD93JA,0
Q1GTIEEYKS,0
0XYD3HU4P6,0
RNWRYC8QL4,0
CWIDTIU578,0
007I0YCJXE,0
5D8ULOJ77W,0
WNUJ2O1UP0,0
ANZDY0JOMN,0
4HSEJC9U4O,0
E9IQA9KGHR,0
PYIZMOWB6D,0
RSC9EGBWHP,0
UTJH73ZFTW,0
TNH2VI7HM5,0
VB9A5C9E8X,0
S89YR29B6M,0
HQAJ9ECLG4,0
DVGTW4YZLK,0
5PYG9HQATI,0
ME6GI9H8TQ,0
G5D6IOX4F0,0
0CD0NI08O6,0
41QAD7K8CD,1
5UOG65BQ3C,0
A8P6EZCLXJ,0
ZTT536F8AV,0
EU15LFP08L,0
Z9RW0REFGX,0
Z92AR3N91D,1
WKQ5CIY7GH,0
EE3TWU44JP,1
DL9QQCFUFC,0
4VWX6ZNX42,0
T7FSOMT43I,0
1DMQ2YYIKS,0
17XOK9JCWS,0
OJT86GGE8I,0
UDDRF1DYVW,0
57WJQ91FUR,0
6F51SKSTB5,0
I91SS758Z7,0
DUY1GL7255,0
5O9TUOHU5D,0
V9SY1STYOQ,0
8OJA85NUR1,0
Y7C4U13OO0,0
OSO60AQ91S,0
028GGB37WE,0
LDAA2M7V0J,1
ALGECD23FV,0
WDBX00SBSQ,0
BKFTI3LYD2,0
YYFTHO7FYQ,0
WTKRHF7A8C,0
0CXX5R6WFI,1
NH1E47SL8O,0
EEGQPMXCOB,0
UNHQ9NYMX5,0
YNFC65MOF3,0
XNJVKSPUJY,0
1RHO4875RK,0
A5KFWW08S4,0
HJ2XGSQLQQ,0
CIAKR3XZHY,1
JZC6YXJS64,0
STDNNPX7Q3,0
DAF2O7SHP6,0
RUCGTFFGV6,0
HRN2BDZ398,0
P59KCEA21Q,1
4GJGF46ZZ9,0
T0G6X2EJ1P,0
F8OC7C3KY8,0
JWFV9E1NL0,0
0OTP7VTTW8,0
NXGOD7B6PH,0
QU6LSG1OSW,0
R0PC2JGR0L,0
ISIJIILJ4L,0
5GJIVN4EYG,0
821BCJY1S4,0
5UH8GNUCOP,0
6XFUTGPAWR,0
VD0AKRUFUB,0
P79WLYKA8A,0
WYFBNU6P8Y,0
UXAIUAQL5L,0
BWE1DIR3D8,0
G4Y8PB6B1X,0
XZGS5WS4JS,0
YMG7P0X36C,0
2ITD6KDSXW,0
HMMDUG0SO8,0
XCAUC1XWJ7,0
M7U2UTTQ5D,0
74TDK4DIUL,0
NBQ3WLZWD9,0
Z2YRXYZDNP,0
9WZ43VFP9L,0
OOJPCMYN6X,0
YN8QBF1R3I,0
3DBO8KL6S2,0
BBRSNRK65G,0
1YEILU61JO,0
6YMB1LTYC1,0
YIFKAWS2PJ,0
6YJTML2YSP,0
Q2Q4UP4H50,0
4V3P42KQ9O,0
0VOZTEHC1P,0
1G5ILRCQY2,0
A9NARSY94P,0
BSZJ0QANDX,0
QH5PZO46TJ,0
NM4POFEAUQ,0
FAEEDYZRK8,0
ODDFPMX2ZI,0
JP6L82UBXT,0
PP50RDMWBZ,0
F1VRKO7VE9,0
R9E71EHKCM,0
0K4Q440006,0
TG79UMFWY4,1
57GGNYCUEN,0
XI28WD4BQD,0
TZCYLSUK49,0
TJ4V7JM4LT,0
OFDSYJKH6D,0
MI217N8TY9,0
6YWAMR9UXX,0
JR6MCVFBNM,0
MQZOATGDR7,0
63Z58PG4AD,0
OGLTALKM2L,0
L39S4VAOAA,0
DABYLOWMVI,0
TKT8191YC7,0
7Y3LJCBPVZ,0
SX4P51EPY9,0
3GT0VQ2GSV,0
09M5AZ3SGP,0
E1VW08W2U7,0
4JO8BSRTY5,1
9OG5RCYCZ4,0
IEI8GHJ6IS,0
AANB24BXX7,0
JX8BCN6L43,0
267ARH17C1,0
N5Z85LCM2E,0
BN9FFCRYKQ,0
LXDVR0GM62,0
BMFO7A6CHK,0
KCPO59XDQA,0
TQQL5D251K,0
XRU1GJUSKP,0
KFO5U7Z7FF,0
L4XWA8D4RC,0
KBG27I45OE,0
FG6RIN5P51,0
QR2B23KSRC,0
TS65KB7H6Y,0
7FOZXZ46B4,0
VSAFJX3LP7,0
SOA07631PF,0
J1E4TPRLKZ,0
KKNDMQCE57,0
URWDF3GVDM,0
AG7RYX150M,0
RVT2VA1D1T,0
VBVFW33V0I,0
U2JXNSOOEY,0
7N5Y2L2IIC,0
NOGULKW1EF,0
39HIGH6O8Z,0
8GCTY8AA2A,0
PI0OGTQHYN,0
VNFYE8HA9H,0
40Q24VCQRP,0
0OBKY6FSKT,0
EOI16CKJW9,0
DDZW1TZ0LU,0
T26TMU4IZ0,0
7BLD8FPZMI,0
U0UD81J53T,0
C3N5557233,0
O6IWFCUH3F,0
U7K6Z4AB3N,0
LI182ZE4FG,0
JQ6JNRVHJ3,0
NCCAWC0T4A,0
93XZX1G740,0
GFU64FAWH1,0
5Z7GI8YLJ9,0
JWOUDVE1TB,0
Q7329RCD8V,0
F5CU78VLOJ,0
E139BF4IJQ,0
O4C2CYAAGT,0
G6GZJQSBB0,0
MWWFX1DG12,0
HH88LUPX6F,0
TJ5JZDF9Y2,0
4SHODZGRPD,0
1FFPJ87MJ5,0
EE1Q288WP0,0
OLDXFCGPTT,1
05TITXWK72,0
1YVAXN0XCM,0
BFN3DTFCJM,0
21CQCEUQT2,0
9E9190L0IN,0
FN9AK0JD98,0
6DX27BA1DY,0
IMDAKKGQKT,0
EBRH094W15,0
TJR7F44S78,0
OM2P63E8B6,0
7Z088SZ1ZD,0
WY1P64MUC6,0
PBYOETEBFP,0
EBW6RFR2IP,0
Y59XAAB4B5,0
JM5Z7PBPJL,0
S3MMI5I3OX,0
HPFI1Z2D79,0
22OXREFIBG,0
U0D67EP8A3,0
PJBU5UAHZU,0
YRVJC2O8O3,0
PHBQFP0RWS,0
SA95BXBTCB,0
1XESG6UDLJ,0
OJAP6BCDBE,0
ANKXQ0LP8Z,0
HW4VHL5MCH,0
RZWIAXUBNH,0
1FEON53HYT,0
KGG4JC8IOD,0
QOWLVN3RG6,1
XH0IU5LEFB,0
5L45TFNIF0,0
P8JDJN1YSZ,0
F4ZV34T6AE,0
NR9GV7M40Y,0
L4UR1SCR9L,0
5R8GC3IV9A,0
D9QJ9FIE6Y,0
19UXRDU726,1
UTVPPG5MPI,0
XD79BXJKUX,0
DGDEFXCG98,0
FV8R0SXL18,0
REU7G4ZC13,0
83AMR2Y2OP,0
CEL9P5CYH3,0
55XZP50HGI,0
DTWL4TX46V,0
CJ5B5PEWIH,0
7F22N6NINZ,0
1K27L8BWI5,0
KA82N5JB46,0
SW02QNLZ88,0
RORDEBMI1N,0
8KA019MQ8A,0
XJFFL0GUA4,0
NF9103QCTV,0
EWBU3KPGTG,0
E143VPKLI5,0
MB03JUK90Q,0
SUX5GSN1IE,0
K932GPKEFV,0
JU1GQP6XIK,1
IJ2WFQE9FA,0
202PG8LHN3,0
38V3YBXRYH,0
8J0RP4CJMI,0
43Y22W9RI0,0
CX635JPYQF,0
JD3I7ZHWJ9,0
WWTYIA7R74,0
YWZI0A6QZO,0
Z90SZZ8KZF,0
6P66R7AUTP,0
AYR4I95ZCE,0
9GHQIHZKFR,0
3N9WW5YXJZ,0
Y3AEN924JN,0
ZJ7ABJIKN5,0
91PH02D9OO,0
7MCGUQNJR1,0
2MFCQXCDEI,0
GRXRLF3FD2,0
6XIXOIFQC2,0
K9TXNJLXLA,0
ZRAECZQTFC,0
YAK5CUQ6Z6,0
5U1Y7J2UK1,0
0JTD5AFPDH,0
TT2XJ5TBDH,0
STX4RT3IUF,0
XG19U1Y4U3,0
F467KFHJWK,0
YWO9U4SOAI,0
QBK7UE164H,1
IQJS8VO5WI,0
ZGT46BLMUV,0
CBK10MN368,0
2GDH7KDQB4,0
RQYY6W631D,0
61Q8L7VLOW,0
KHBPPPBJZ1,0
9CSYBZJ3SB,0
86M6GITRW1,0
L2ZONGDOZI,0
35WZV7C9H3,0
TV0PE44X8K,0
SR291N4NDX,0
RIRKKU6OGJ,0
CIXJEL5T5T,0
2WHB3I0C8G,0
X8N2DBF7MP,0
1B4K8B3EMS,0
POPRJ27ILP,0
438ED0R0W5,0
ZX5JLRFIR5,0
J1VNICCZ91,0
IDZCSYFYLY,0
YY61KOGN7L,0
1ES8Q0ER9X,0
MAFJJ336IG,0
4KDFFY9MB2,1
3JATSM1U0C,0
LD1WZ1FAFW,0
VZC84JTO9Q,0
QVSMOV6EYB,0
Y4T442PBCK,0
9TJUJYEWU7,0
GDL61LJ6LX,0
2JC6XVKTQQ,0
7V8DCOLWAO,0
C80PPEIQBO,1
X05NXNR624,0
JRXZ97X0NG,0
X4OWUNH7WZ,0
PT3XMS4HYK,0
G5VYZBFNPM,0
H36S9XD70Z,1
41UX9L4BYA,0
VQ8EG1MQEE,0
JMM8IPDCG2,0
FIUAXK9BH2,0
IEA2RPCANS,0
VV2NKROZAK,0
6RHBKFMHKZ,1
T5QNIHOJTM,0
7549BOZPXN,0
SXSFIU8UEV,0
IH3P77ACWC,0
6NQQ5U6O8D,0
2P9CJUNAXE,0
O2PG6CAAAV,0
GT60FH0UNZ,0
NJ6VQ9G0V5,0
6ATN9BYZOI,0
9PBY4YKSK3,0
O9UM322IPZ,0
RV071XV4ZR,0
56ATB7UZTM,0
M2QVXIOX0E,0
LJKSY3BXBY,0
R3EZ7MGDOQ,0
Y7ZU1P8UPY,0
X6I0A24JCC,0
3WJX5QGO98,0
I1LPDF1535,0
NL0XLJ4LMU,0
2J5N083FKZ,0
NUF5YKAIL2,0
3MTTXEFUNQ,0
8KSI2C0S1L,0
G8NRYQ1PWG,0
8HCEZFMPYG,0
AYPSTTGCNR,0
20A1MCI2BA,0
EDL0Q039YO,0
O8LGFHP2IQ,0
G0RY8O4IVL,0
QZ9QAV2V91,0
A6ZD0AHYHX,0
F94BY2PC2N,0
SR9BMRKBJ3,0
ZLTALHRLL6,0
CNXO3YXGB0,0
VAIOF9APYH,0
W5IKUCRQZL,0
QI65B29RQD,0
6LMPITRC51,0
N9MLBMHU8J,0
KLHB9Z0KA9,0
QIAWDB46YV,0
6ZRGAN3N9N,0
IKGG19JMY6,0
YZ5ZMOB0H9,0
524PBF23GC,0
PDZ0PLOCLE,0
8KEP2FX6VM,0
FRC69UEXW3,0
SUQ2B6FOIC,0
7VWCLVZ86U,0
TH4SWUX64M,0
4ZTDLVJQFI,0
7N2XOXUJHD,0
TDE5SHZ0UO,0
RUT8LU3GBW,0
WVZELIHBFI,0
ILUGDKG2KZ,0
0IO0Z0D0TM,0
41MKHR4TCV,1
IM169WM3ZM,0
RWAW03YK7W,0
KC6T6LP4E2,0
5QC0BFCXPB,0
84OTR1UDPS,0
FH9STQPZ8M,0
QM6ATL8M7M,0
Q6CU2KGZPE,0
VFUR8DQV3N,0
S7BF2BJYNR,1
E9Z4AH637W,0
55TN22NWOT,0
PX5YZBS6BT,0
PD4TTEO80S,0
PS7DT1ZMUV,0
47KJGLIAJT,0
C9SGETHU3U,1
W1MS2NDWF7,0
S8W1XO7OU4,0
RP70UF4SN5,0
GDR2SN9TMZ,0
DI9J4SRZUX,0
6N117LGOS0,0
7L1XXUIK6Y,0
M4VC2VKIZK,0
46FDUXEIJQ,0
30LT5U888S,0
FKE28CB1GD,0
FS7IAF1V6M,0
MOQWIKR1FF,0
KLE1IF5J3L,0
6MB95QXBYV,0
RCVJRWPGFK,0
QZ17GDVCFM,0
KIQBQFXSJB,0
AJKZPSQ9G4,0
LU322TVIU4,0
74Y7WWWIIX,0
CXMCRNAEZV,0
HUFRJPQZM4,0
UB1026EVJZ,0
NUOMCWG33F,0
I3VUXLW6R0,0
CX5BT9B4CD,0
A7DOBJQFVW,1
9TO8Y2QXSW,0
NSR4C0SLB0,0
2MN28SUYCU,1
3RY5KG1E0I,0
7XDGIMI7AJ,0
TM9YPLA29F,0
TNB6TMEO11,0
FA9MVSUVNS,0
97WWC5NQCT,0
BUH26DGRR8,0
R06299MBSA,0
WF93ZTX1SM,1
GIWIGXURIV,0
MYIN00B9OQ,0
NTW5GS3BHU,1
9OIM3E0I4I,0
8OAPSPZKY6,0
GUM49BNZVO,0
P0VPV83WPP,0
JSGWYL90GL,0
A87G9SBDTF,0
R54LZ5KBQP,0
3K58DY9X0S,0
0IRGDG4EDB,0
AJXBV2AAWS,0
EJKNXDE5RP,0
ZMA3ADP0RF,0
L5X4VLS39O,0
PRQLOBM71A,0
DGCQ83TLS0,0
5YGRK60C9P,0
63O7EZMIEH,0
CANPMU9GB3,0
H93VSH9Y3U,0
DTKXW1ZKIE,0
JT96K5EWXO,0
A2MS6YOCBJ,0
KLRVB8OPBX,0
CWDOP3JVBL,0
PMIFFLRYG1,0
4668JWW28J,0
PDMHGF6Q0K,0
WKIDJKWZZ7,0
S6ETFQOEMD,0
42IEFKFT65,0
1969VAOO88,0
51EHNIZDYF,0
4IZFA3T0ZJ,0
WVFD09SHUF,0
PZM1VDYSCC,1
AL3RHZDY3R,0
TYUYQFPWQY,1
24HGA9YS41,0
TCG7UJBPDQ,1
S0MALKUA8I,0
QF4G9RO7ZB,0
HH9XPXZUR1,0
Z1RTGTVT8F,0
GS0OLUK2YR,0
2GPVSWFYM8,0
DW0TYQLTIM,1
G9EHS2VK9B,0
L6JIQGCSBX,0
WWD5ZWH0AN,1
234J4ZITEL,0
XDAUI890T7,0
BQHVA0SQXO,0
OXH69PFRES,0
JBAOXMY281,0
9CZAAQMVGM,0
2A0GZ69BRY,0
KPKIM31S6C,0
D3ABHYL9GP,0
AJ1OL9AC1E,0
1TO6G8E41N,0
Q1VIST92VQ,0
XNIUH4IAEK,0
ZYPADOGM3O,0
6LPMIC8JWE,0
0XGMZTYDTF,0
HJGMNVVNB6,0
F2AM2HQ3XI,0
RTWEF2UJTK,0
4RJEEREDB5,0
WDLN63XF5H,0
E9NHGVKKZW,0
CLGXFP3VAD,0
SZODA02BJA,1
4ITKTYILB4,0
FNGO2SEMF8,0
YTPT7MEZE1,0
5REJX1USUE,0
3CDQLOJX7L,0
L1IROJP5RQ,0
9F86RNZKUE,0
7A8JYO7JVP,0
KG5EFDWTAS,0
MP6USEDQ3T,0
YGDCDTTC61,0
E9MCAKPIEE,0
S7UXR0RNHT,0
C69440J3OB,0
3GQXRJAWS1,0
QN72I85H5M,0
XVXBX2Q217,0
5ELZTN19R7,0
6RY3ORDNKH,0
NYXOX2BCEK,0
ELGUTIWXOB,0
QKSLIY3KB2,0
RTVAZUOX40,0
8NBUJQFNLQ,0
CE6K8YEQUV,0
SU4862NWTV,0
VHYVIENJC1,0
PXPLEX9BU6,0
ODH8UOVLTW,0
0MGBRDC8WE,0
AQR37LWTBQ,0
8VVPJ07LQG,0
S6C7VCMZEH,0
936RNHIM3M,0
B05L7VIC65,0
24XCL8FSD0,0
DR370GHR48,0
OWIVK7XSNH,0
SOGSEOBTMD,0
6L6TBXCJ5R,0
YFU2EVJV73,0
Z3XCIQ8LQU,0
W6SVYP1WJ9,0
L5LABSNLE9,0
YNFGA7KC9R,0
U0HYW8DYGP,0
KH6QRISCSM,0
D83JNCPM1Q,0
CT8FMQ65R4,0
AAV5Q1H5JG,0
S3T7XMYEVE,0
758E7SI2KM,0
RFBH1UJ4OJ,1
C3HDKW2MJK,0
Q9NELFM327,0
QAH7RG4TPB,0
ZE98OXBBDW,0
15XNJNMZ9F,0
TJUA8NSQ8Q,0
WTCB64XMO3,0
SX89V9TF7U,0
60IIFMZ4DP,0
BJ2PPSK83N,0
GT08X2KPI4,0
LXJZENHQL0,0
HOYRD17JO2,0
F75LGN0JNK,0
Y65P6EEIL2,0
1ZZVWYWZIV,0
WDPVRTPJ7A,0
O6DI05WN1D,0
29PPK8OD9G,0
8NK6Y71E0Q,0
MM8ZWC034R,0
3DM83GNEN2,0
U8E3Y0KS0S,0
HQ8HWVGR7M,1
BY5GAT9O7F,0
E3LNH3HT5R,0
ORC6QZSB2D,0
N2CO5EB5OS,0
UQWP1C2TAD,0
S3Q8DGC6BO,1
T8Q0HWQZRI,1
E23Y2JSURP,0
BYTCVAOA15,0
TEZOS4U735,1
V9C04NKLDT,0
JI6QBLAQ56,0
TI66DSDTUC,0
PFKIKI67I3,0
PKNG05XGTY,0
YTRA2TEA4K,0
09BRBYHED7,0
V0M3ZW2VRJ,0
2H16D9I9V0,0
063YLP7CYR,0
6A3UVGL1SP,0
71F4MD7BS5,1
G3IXRJKZA8,0
YVERG6ALXZ,1
7DEFDDAWWU,0
ICQBT95VUO,0
4HH1EQ74IB,0
NX8QHJP61C,0
3FAU5OLF73,0
LGANYFRC3H,0
Q4O8L4KWBO,0
0JTZZAQWG6,0
RQ61FTDGMV,0
L9LQA7VNRP,0
I3QWGEHMRC,0
UOHE0ELEVA,0
AOTXOMIMFE,1
GJDR019CLY,0
CVSG75EX1L,0
IMOCDOI3NY,0
I6VKW4ZJ1N,0
B9KO63MWUV,0
6D2SQ1PFA7,0
M2IW8THKOJ,0
GJ1T3BJJZ5,0
LJ17L5MWZA,0
27ZP58EA23,0
U6K5XNW84B,0
5OYZQW5608,0
U6BA5T4Q4S,0
2FPJ9XIAJ9,0
GH3H97SCZA,0
85FN6D63J4,0
FVHO97JRGT,0
O7JBOX4A6H,0
P7A2LPS5V8,0
51A48AW576,0
976CK6M78K,0
PXMVVIWWAU,0
W9IIWY0XPQ,0
31TTIY1R2J,0
XK65Y419LO,0
KWBCO72211,0
QEEWE9MT65,0
DIP2OUOIIT,0
3O9MHRBYMG,0
2YCZHJHQ9K,0
UZ04OM2H56,0
U0MVRPXFEY,0
EZTI0DE75D,0
HO0R6FCG64,0
25EJG74US6,0
RRS842EJUF,0
LQ7JL95PU9,0
4IHPDBBPYG,0
MB1TRHBZXJ,0
CHORIRH9PF,0
QZ5SAGU4WQ,0
9WB3JPORA2,0
GNZ1I4EW10,0
KRLMBQIHAG,0
QOQ7VSQEYU,0
XETCHPCSFK,0
K3LRJ0K13S,0
C6SH3QIK74,0
EPGGIH0DBZ,0
S9X36P96QP,0
1JHL6B1IY5,0
XTYUDV2OO0,0
VK54QE8S00,0
DMY0QFKWTA,0
RZTT5Q3FEO,0
G6ZAZT2MPR,0
MXU6MONFYB,0
9FAB0LAMCI,0
9YZZFSOOPH,0
SJD4145635,1
MF8VNS8UVN,0
3UQ9EKJZVF,0
AMQGLXEIIQ,0
4QBLEQ5B1N,0
BVA0UJPORL,0
H2TYVJ60XJ,0
RF0KIB2642,0
NJL5ZLVA64,0
MH50KDQE4X,0
LTMQMV3HAP,0
NHHNWVZYCQ,0
HNSYSMVI7H,0
K5NWKN55O3,1
IL3RHUY9HH,0
P8A8PLR141,0
WPZMH1T4RO,0
0USNJL88G6,0
GJ1EUI5SEC,0
5SOYZDGL7V,0
TH52J2BSTP,0
IIGTHWF02X,0
RLU817J38Z,0
5BEP6VPO41,0
FACCOU824B,0
CJ473X5AR7,0
2M7JJJTZVY,0
F2RRI635SB,0
Z3FC5BBXNK,0
4ITLNKE9DB,0
649ZXPZONL,0
Y6SFSY3V4U,0
54KSJPG2HQ,0
ZVQ19CGT4F,0
W86SFK5LPM,0
3CJHN0V1SF,0
S4BCWXWZAI,0
5OKYEGDURL,0
5XA8W3OB72,0
MFYRTIU0V9,1
P926X02REX,1
0X0YUBGVPZ,0
CO8AZDWLLK,0
CCOBI7WH0P,0
N8T9BNN63J,0
Z48NPKOGMQ,0
19SVN4H1HL,0
2Q94IKGQYE,0
4JU26L9042,0
FZH3FHPF0G,0
6GWK6OJ59C,0
DO2ORSXCAU,0
23LK1NTR1F,0
09FH31YTPF,0
SQ2537SDST,0
1110A6FBNL,0
MK5ZBZQCCM,0
5X93J5UPLA,0
Y99LQTHYN8,0
AN7129Q616,0
DB2QYQGW6E,0
CG9SB4Q8L1,0
2KT3F6AR4C,0
P0IHVOJRIF,0
IQTHEMINK7,0
RI8MXU6KFI,0
55BEWD8VYV,0
QNA3WC1LLE,0
LEM09N2C27,1
YCE3J8TWV1,0
FJM4FD0EUL,0
WB9GAQXW4G,1
NRDSUO6B1O,0
0XM2T6LKN4,0
TLB4713U10,0
YOYHY1RK8C,0
YYBZC38DIB,0
TM5R2OVOE3,0
1R2R57WR0E,0
4ZF13LQTII,0
9NZ8M2P1W9,0
XBYMXEHWNI,0
DW9Q7K57KC,0
H297L8I8LV,0
T4TATNF1Z4,0
F9CG12LQIZ,1
JL7N9YCIQ5,0
HZTZNA96OD,0
1YXB7NOD37,0
UNZM4F3B4F,0
CBDLSVY3J5,0
D1Z4X67PY0,0
2YJB7D4S4W,0
2YA3FZB96T,0
QWPDPR163A,0
2MTCT9LZZ9,0
B3FZNNWAWJ,0
85HT9NK0L2,0
O5VKXH7I7P,0
O2XMA904P9,0
RANJHNT9B0,0
XJVTMG9DE5,0
6HIKVQSY6R,0
D08ZUY378M,1
UL6114PWLP,0
T1G12C3ZOU,0
2UYL1LAPJB,0
J0CX99P4ZI,0
D4DRELC6AI,0
8W9A1YB156,0
Z2GVOSVNR0,0
WBDMNRBEY7,0
Q0VZ6NEYGN,0
82NK4K0PBU,1
EVW5RM6DOJ,0
PNT59AF00K,0
B7UYK370GV,0
6Q9WI1RWIF,1
OY71LXIEM0,0
E85OJY72KP,0
BVT8TVTGHG,0
B7492G2T8K,0
69161HC0QM,0
02IEE8MLVL,0
0USEAAP267,0
L4TKZY431J,0
34NM1M57W2,0
OE2MDBX7MU,1
M3O4XL2HBP,0
KEREIZJUPI,0
3YNWX9U1OA,0
6Y69HTDELV,0
VNVIRR81V7,0
RIR33YI1SJ,0
PIK99ZEB70,0
7F9K1B2ONC,0
PHUPJHATZR,0
G2791CAN9F,0
EALRJGX048,0
UHL9EM11Q0,0
U7RHK70BV7,0
X0HNGVMPOD,1
MZHDVTRY6X,0
QIT060YID9,0
SFVK802VSC,0
5KZX51YFOW,0
ESAFZ3SEYO,0
DHLTIWEQSN,0
QO021IXJPD,0
PO1AXL9W9V,0
YNIKFE70F1,0
WGGJCJBS6K,0
2ZC4IBM63K,0
HZRSHG0M2L,0
R3VXEN9JB2,0
GO0ECIKJPU,1
33M5QTZDCQ,0
333ZSJP1ON,0
BDA0H9APM5,1
QYFNZG8YZX,0
PGKXT1M1PO,0
XM01HYDERL,0
RQ9BUJ783J,0
Q9J1HM2PGV,0
00TLD9IFDZ,0
BNE8POZ3E9,0
TL44XTP4HS,0
P7WI19P7E1,0
J7PRN8WIWC,0
TXGAOFFQY3,1
967EPGA1CS,0
X6FNCMS0AG,0
QTMX3M27CM,0
2Y018OBG23,0
BMB91AQEHN,0
Q82IREDSQL,0
VOINSL8JNP,0
QH5NR6HWZ4,0
RE50VCK2VV,0
833MZ80VSV,0
VD8X7JO5GO,0
BRIGMCIKMY,0
BKO3RR4G8I,0
7L4JT10WLR,0
G3C35150P7,0
MACKNPBZFR,0
5SJ7PBCD41,0
JXC1KRTY9J,0
PWJN256ZAK,0
YQHR689GZY,1
F114550DQ7,1
OES1QHF35J,0
2SIIYNHHLY,0
9ZXWNFE4GQ,0
FYUMKLL66J,0
C4UJ59DD1W,0
6M54A608C3,0
0XEHHU7M48,0
FFPF2H1PTJ,0
VNGULDG5MZ,0
K19WROHBU1,0
6QMR71GJ8Y,1
8QPQVS4YYY,0
7NQI2VMTL0,0
ILUY4VTQO3,0
ATKKT513RS,0
PMKMSHDVL0,0
0VS07GNHWN,1
BBGW5MEI80,0
8TDJQKUM3I,0
FVZ2A11QMN,0
78U636VS2A,0
HS2BB8SV2M,0
9WH6TMC4UA,0
2MHD8BYGF6,0
51PJERI8BG,0
N6YJYY4ZBJ,0
QDR7W813VK,0
J6NQI8OCZ0,0
72IYKHH1IN,1
MOIQLEEMZF,0
HU1C9ZSQM5,0
G80599NHQO,0
8A1PWIU92E,0
YVVUD9ZP9L,0
9CEMY43RKR,0
BUNN4ZG6SQ,0
PQRSX8IBW5,0
61081JXMHV,0
0TB8K4FPCV,0
ANSU2L8D1F,0
LCGBWNWNC0,0
7QN2V0Y7EG,0
MTAUV4BVSY,0
PGHIVKJOD1,0
CU773Y1POF,0
RWBY3WOO9C,0
URDGOVN4R5,0
CSUJ0CDSKA,0
GN5D1U5IPL,1
O9FZDLS5Y4,0
1LNF4D4138,0
P92E46APIU,0
S4V8PJU693,0
LMJ8PP1E0N,0
5FTMDQGDBH,0
RREXO1HDGV,0
JM0YCZ8CQ3,0
46MOBVP5LE,0
M74Q4CZTFS,0
TIEM7RDCLE,0
8XWWVDA1Y5,0
I4TU8D92SI,0
UIQACHGZLO,0
7RGSDOBU4N,1
KOR7JD6H9A,0
LUJNBFYXV8,0
P5N8PQS7KH,0
HG07ZCGOUS,0
OGJDR2V87R,0
81V1CFBY86,0
T6DRN61BQG,0
SAXP9J51OK,0
NVNLCV0VEA,1
TPZRAA6OPB,1
TS07W0FM9W,0
FNUM6873TC,0
BKUDCBUAKC,0
KOULXF0N4H,0
FF11IKJHMK,1
Z3GU0NBBVU,0
2O8DGDSA1S,0
WQAFQ90I3N,0
EUMWWBTM58,0
DCGFHDCVIM,0
WMS9MQSKON,0
HPP8S8LX51,0
DO8WVGIF5H,0
ZDFC7ZID5D,0
XFL9ZL0JDV,0
QOOM6VGSGY,0
WILQ06Q5P8,0
GTTBJPIVLC,0
XYU5OFEC26,0
8NUVO7W391,0
MD9K1G2MUC,0
ZTZN1H3F50,0
65F044QOL7,1
PWKML30CR2,0
ZY12PX2MLT,0
P66PGS3HTI,0
J1PWQ6BSTC,0
DTXC4IRWCZ,0
PYJK25W2BL,0
V5TSARS3PN,0
ZAXDRD0NKG,0
6EOTFMNS0Y,0
8JF5JHDRL9,1
LF9BL8F5YI,0
B4BGDDDI8C,0
FH3GW2RM6I,0
UT0JIFZ94W,0
BEW9VQAPE6,0
30BIR4PV6N,0
KSHK0QHHY6,0
R8VVGJFV5W,0
WVYZEWQX0J,0
A2EZ7UL2GH,0
A08QTYRVBK,0
UJOS230HAD,0
ED6RJ59LGV,0
RALX9IRIDD,0
IQUOBLRVWL,0
Y8UH9A8VK0,0
EDKSPN0BCH,0
D38JZ6Z17X,0
JUBA3V3IIJ,0
BDWYCMTVL7,0
V6BEIOBRFM,0
AMV77823LF,0
M4EMKT252K,0
QZURCZ9835,0
52T5Q1D0UQ,0
DWWCBAFX23,0
68IAPW5Z7D,0
9EV9DA1EDD,1
48HR0J0K1S,0
VGWWG3UCVI,0
GQMLSSLBNX,0
NKOV62UBY7,0
DKXVDIBKU6,0
07OQ43HZGM,0
AKLN7W1TGQ,0
FSBUZNDMII,0
PUU9L0CUXI,0
BREZPLVW5I,0
DM9FQ3EXQY,0
VIS6H9YBJM,0
A3205Z7267,1
5SJL3FTTB1,0
4E38FO79XJ,0
TR8AKVG5Q1,0
HQEZ4P8TEL,0
2BCX5Q6N1E,0
4K8BJCRWCK,0
IDXXOZFZ5O,0
8OSS5UGKYO,0
RTJ3SY2EA1,1
IN6CTFC9IG,1
H77X32RTI1,0
X2K9Q11T2T,0
PM00DBCWNZ,0
YE4I3Q08IE,0
H2JXD13H7L,0
SSWS3RSGCZ,0
U292FDNIZV,0
P7ORSE7244,0
IHLX9FZFKM,0
I211JFO8EB,0
2Y3CDEJ3GL,0
2CZHA7AW2E,1
UYBYH0H6QP,0
L7ZW84LEWW,0
7VVXS2DSPN,0
R5PRBQ4OOE,0
U70KYBNP7E,0
ZAL3ZOVTWD,0
37OY6VU6ZZ,0
LJG07GW7QF,0
71359QBDAM,0
U88WMCCLOS,0
RAJWDIIOCS,1
U83ONQ741E,0
0TKTEP9VS1,0
A0E7YS7YWL,0
M1ZXOHX8GJ,0
XCUFVHU6C1,0
JTESBFHFFM,0
SDCN19F0W9,0
ERZ5PKN6JV,0
0AYS2R34G2,0
4MT59SGGX4,0
XX3QSRX1NC,0
HP4L0KPN10,0
2HQGKDFTNT,0
7R34MERY79,0
Q3IMINVIQ4,0
652AC5702G,0
UH2M0U2YLN,0
3SN1VAWGUM,0
3VLD44IRYB,0
KI4CC0BWJJ,0
KQ0FCYRL33,0
OCV6RA7YJG,0
9OQIRBYY28,0
S1PR0NKVT7,0
R38J0I2H2N,1
9VDMFRQLRF,0
R2W1T3T1BF,0
YX5KFOFGDO,0
50OKML6GPP,0
USDCN1O8KO,0
JHZDPA5UZE,0
V7F4R6TN4N,0
YLP3OL9P9S,0
EFDT7JNVL1,1
V8CN0TQBO7,0
CRBOAKMO4K,0
CC4BL61WF2,0
TWJLZ5C7JM,0
7JGR22PBCZ,1
4218MTVAO8,0
FM5AFRUB7D,1
CAAUNLA311,0
AMF14X6O3E,0
5K49XK6X3J,1
MWL20IPRKQ,0
RAUGWQWDSR,0
YK83K37YYO,0
F51P2FDW1N,0
BLIUT5P3W9,0
JAHXJSGJFP,0
ITYP0K61X2,0
C3ETIJPE8S,0
QTTMZ66Y9R,0
AVH0F0L7DF,0
MPF0BI8YVW,0
NUE4Z7LA72,0
T9CMPU9C5K,0
N2ZA3U6Y6C,1
KTQ0373LVJ,0
4PLMW8K8HY,1
A0D5PYWYRK,0
B9LCJPXMBI,0
G8NWEMBMJT,0
E09QWBTGT6,0
H7DY2GNB10,0
822MG4YPZ0,0
N9NS7USSJD,0
NMQR2OC942,0
4U27ZD3T91,0
CUKYRJH7QF,0
CNWNLC13KV,1
41ELA1ZBWH,0
DIQF9WB4HB,0
1RKVFVX2KC,0
K1ZLEWQL07,0
PSU396V41V,0
VNVFELGRVW,0
7SFQHYNH1M,0
9VWKIES7D2,0
ANOP8PI29H,0
I2KRVMLYTE,1
XVIN95QTJG,1
24NE8177XN,0
J9IPTBOSVC,0
I9QXQG8KYU,0
7BEZ28E8MU,0
Q81T7KDBGW,0
H6BAD08LFV,0
ZJWVUT6BVC,0
1JTOSO9UOD,1
10C5AGQF2W,0
6LTSAM9AXH,0
LPLXEKI5CY,0
QGZ85A2HIB,0
ERTV063L0Z,0
PNB1EHRBV4,0
2R18W5W627,0
RKZCOJX49I,0
CAKDAPUDXJ,0
L55CEN80MV,0
S0359D72YR,0
8L3FNNO82W,0
U3XK7PF4UB,0
MFI95FRFIL,0
R4U069MIHB,0
QFNHCNIJ20,0
AFFWIK80F3,0
QEH49LWGVD,0
UECZG3N9YQ,0
GNWJE1E75D,0
TEF98KNSHR,0
J3RO5ED6OC,0
OQ23UII4P5,0
9R9TSEX2FB,1
ICS2DMUM9U,0
I9IM23VH5W,0
44J2WAFG4X,0
B6C3W9KF3S,0
M6KTDR5H7Z,0
82NWGUOO38,0
N2P2L6I9NR,0
CTSWPQMFFW,0
SO3O7KX0EH,0
ISEH3X36J6,0
WKK8K74W84,0
AHPNN4ZTJY,0
HANQ20MBKE,0
JFFZSJKL8W,0
8WRWUP5K3Y,0
LBE0KNKNM4,0
SVVTAH69CZ,0
WEB1K0V0RA,0
BUYMB6TGIV,0
V6LH3U2WKU,0
36UQ9M4GC7,0
NAD08NY36B,0
CWGNVHVQB2,0
BMO5VHPTZE,0
S2EMYR8CV2,0
ZG1EX1JUFQ,0
MCQK8LDZ49,0
MJ5FW6TT5N,0
P4M892E1UI,0
CK4LX5MZWG,0
PKEAM2DNAO,0
Q6IE7L7H9E,0
2A83969FDT,0
LMNU7X5XS4,0
BTYT6WFHXW,0
31FH9J5JPU,0
0889HKOQ48,0
THTTO7A5IN,0
J39YW1E3T5,0
0TJ3J2LXNS,0
YZ7E5EBAQB,0
19OGUYAUBI,0
QQZVJJFRWJ,0
BQ4VU6JV94,0
5PAT7L8ME5,0
J6SOQ7TP53,0
FSQ15XBKCF,0
2WF6N6DO3L,0
161130MF7G,0
TETZ1CNR1M,0
BP94P5FJ7W,0
BEG57XQFZG,0
OIZINMMLL1,0
74D68O8C7W,0
065408LQG7,0
AVG7XWUKYE,0
N39YTP8XKJ,0
52S54HRV4V,0
SAOXERCM97,0
7NMQN4Y8YM,0
BLNYQHOKG8,0
PC8HCKHYT6,0
NRYZUVS4VI,0
RMR0O9UJ97,0
86BZKM7QZE,0
1GJ6NJEHL0,0
SL0BBELADO,0
IISJFBAC42,0
GUCRCE2BKS,0
6R3LUNEBQ7,0
LAGN66HNI6,0
8N6ED08R1Z,0
F3JX6ZFV4E,0
WB8L04M5TM,0
NRXYKIX8FA,0
7ZXTTREO6G,0
3VK2VIVX4O,1
RTBS65YTE2,0
NIZG6S9DV3,0
7Q74I29T4B,0
1LRJIAV1WR,0
9BU22PIBJN,0
NXO79JCM2W,0
AEZLHVTX4N,0
9XJ4FMWA5F,0
7G1W2H2ITF,0
TMHAJH56U6,1
NQDCN1CD1K,0
BE0YTYWUO3,0
Q5VHIK4JUE,0
MB6BGK4X6R,0
HEMVS4N3L5,0
EVGR6QP7WE,0
W8OPGUOQTU,0
HDM7GVM9VU,0
2TILPHTYGR,0
99NABTGGPD,0
G54V9NJZ5Q,0
46Y1FNGX2W,0
0G8903UAH3,1
LZBFT12RX8,0
XIV5Y2QNLK,0
QPXL43S1JZ,0
BB3FYAB73X,1
KGCT68HBSN,0
WX283YS7O6,1
OF2NG1RDS4,0
ISIFOL5S0J,0
MU2QH38YHM,0
ZCFZ34SJWR,0
RUIG2FLLY7,0
84IGLVMCUA,1
K9D2A48QOJ,0
05S8SZ1TZL,0
U2L2C0GIFH,0
UG4LRTY7RT,0
8PAKKI1H6F,0
64OFAY6NFB,0
3MZMLMW0T9,0
HS81EAJSH8,1
V03ZJSJEC6,0
RSWLM50HI6,0
1T0R0VZVUI,0
HCW8O2R19A,0
EO9S6DP2H4,0
TBWIIBC7E6,0
E78F6OI1B9,0
37O542YDY2,0
QGMM1TCJEX,0
LD3LWVMN42,1
3N7AFC5WAY,0
2BX8FBM4UL,0
IW93DEUO8N,0
V456T8DVH0,0
D14WEQGR42,0
FPXAO6YU6C,0
NELZM852WN,0
3EV24ZTCE7,0
AATX2LKPXO,0
G3DPAE7S21,0
YCLUILNQAW,0
LZ8TAUIF2K,0
OX387FQJKH,0
RWOB26DSKU,0
NI2NAQWNDO,0
GDTFJBTW0Y,0
HXQR9TI0KY,0
FRNWUR9DW5,0
2HQ1K38BMW,0
F5YUQARZTV,0
5WB0E6C98L,0
H91URH2XQ9,0
H3AVLFI3CB,0
QINHQ6Y7FK,0
2M098GT9FJ,0
DHKA53AKQO,0
CNO4SF3JJ3,0
WLQDYEO4TZ,0
L9OT6CWGNZ,0
MH71KIYRAK,0
2QCXZ7D5K5,0
5JHDUDRNF9,0
T5R7B2WL9D,0
BJS56ET5Q9,0
7BXGNH33LW,0
0A6B1722P0,0
1ZKMH0E8YX,0
CQFLMFOHXW,1
50DTCCVS0T,0
HMS3Y8AGG6,0
9U3GRMQ10I,0
9KYQDCI1R1,0
2HU34X18V5,0
L4DYXRH8II,0
95WAY02DVG,0
FM5IKCA30J,0
IRWCIH0B4A,0
UJ4IAD06XV,0
TW3XJ6X1JD,0
GD92X666TQ,0
PXTBP5I07Q,0
809VXSOJMK,0
SW9C5H4SNG,0
3SBVG23JCO,0
JRPSCUFQFE,0
4ZJ6BCKVOM,1
N59QZ7KNQL,0
WW5S1FKI3P,0
L3CZTSM4XE,0
XUV7PWF84S,0
WMJDS6HPJ1,0
GWDULH4V1Y,0
VQG4RWMALU,0
FTD3DFM6U1,0
IIGE53BXOO,0
VRKLKVOVLN,0
VUP6S98YAX,0
BYZVDM8GPO,0
GGKGVD5U9Q,0
UGB3EY1ZQX,0
0RX5O3TWCJ,0
2X86K8P7HX,0
XO632K0CTN,0
JNQ99YS0OL,0
9XHSV2P174,0
M8VBEBK7SB,0
MC122WPYRD,0
NFIEOUSSIO,0
SIL0VK60D9,0
Z761M6R2F4,0
QG0Q151FSR,0
8J2PP1BY8Q,0
TZBREMPP3K,0
FMD4NVZ7G4,0
ED34A7ED9K,0
CNIS14ZPVG,0
V7EVPWP96E,1
S38M74KUIF,0
9N3C891QIF,0
8Z7AB5YKHH,0
ADDQRBXMFF,0
UAQSDQ5XA0,0
NVKVWKRSTS,0
JMDLQI4MYT,0
4SOC9KWC1R,0
Q1DGGREEFW,0
YD0IDDVPNH,0
OADP0CZHDJ,0
3PJ6020AK1,0
F1JQ4A5JJF,0
WZJFPUBUB8,0
P9GHIZAX95,0
QQGE74FN7K,0
YLR2XVJL8S,0
TYPJKPFJM1,0
QO8BLW12M8,0
4UJKMZ4M95,0
QF4CT5ACCP,0
NAGS0260TM,0
6KF489O9XM,0
K3BVX05VYU,0
6P6ZQYSQ7C,0
P3WK4Y9MMZ,0
06OFOJWB5V,0
63HS1EHX8C,0
7Q3FBF10B3,0
754HA2UZP7,0
Y2L3KW9YWJ,0
5XDONLXLKN,0
6KM1A9RWQ5,0
50NDC3ND3E,0
TVBC2KZW0Z,0
ETKQ6DSYAI,0
6ORA2XESTP,0
GYJ0D538UG,0
1XU5G8DLWI,0
MXOFPJ1CUN,0
AH2FH2J56W,0
OFLGQEFGJX,0
G1VIKS2BW5,0
FOXBQWWOPM,0
89RFSRAYC4,0
Q9TL42QPCA,0
0LF34ALYF6,0
YT2UKZ4QBM,0
WNV1LR0Z6Z,0
Q6Y95T7OZ7,0
AI82C6VMPE,0
RKA3S679DV,0
HFL86EM13V,0
W9MFZEGGPJ,0
OHLALR5URM,0
SFYNH69V46,0
3OI2AX8S9N,0
CGTYZXW6ID,0
90A6EOMSKW,1
01NFQI6GQB,0
J5CG1Z1HVL,0
2TRXSG3B4I,0
9GRL3NNRLK,0
9VPECRVGUU,0
4HPLDRXVN0,0
RUD9NH1U67,0
GZLKP8FOMD,0
0U6ENDW77Z,1
49KKU4ASXX,0
EAKD2NAK2Z,0
PDZ1DG8PIT,0
JRQQI59D6J,0
Z5OPN89H1J,0
X19ZV9C9RZ,0
SF77OWNZMA,0
SAAIAMMCQO,0
4ZSX0JISEL,0
TJEYCSQZ5J,0
8Z21T42BW4,0
V2851YDIL7,0
Q18MPSL1NQ,0
NBVJABA42M,0
LSL7PLML1G,0
FI0GE9HUBK,0
5PGM39KFOK,0
30ULUE1LVN,0
BJ4EJ1D8FC,0
B17DN5N8HI,0
6AM93U21AQ,0
W8XEBIQD0D,0
D36XPH30KV,0
KSHW9GRXOL,0
N7085D428B,0
S2WBMNMHQ5,0
0OU192IKZV,0
BATMWX5E43,0
6N4Y5OKDFN,1
J9MQDYQAVV,0
SJTYLD2X5T,0
M6YM70RNOW,0
IYPW2CTSH3,0
I15HE1BNLW,0
MUYT06NJAD,0
DPAQ4R3FZB,0
ORH84KOKHU,0
Q76NSGALS3,0
ZY4ATBIQ7D,0
IWA7G1LK9K,0
M2GW5F93OP,0
EMQO005YTC,0
WU6NAJECJ6,0
ZTXTLQJ0DI,0
55DN4RF718,0
W1ZHRIYMAU,0
FANX6JXRI0,0
VZT5DEBP4U,0
3MHQG0B4T3,0
WTHS439X10,0
XKB76E98QE,0
3PTJ19L9O2,0
LFL5RIJGZE,0
A0VGSWHIMV,1
6TCTVNZMJ8,0
A33W1EAOVA,0
PNGOQRZLG8,0
CJP4IWUQM2,0
B6V8CGM8UN,0
1AHE58YGH9,0
YWI56GPONC,0
LWNQU9RFVO,0
0XVBCFYGEH,0
ZGHR06ZQCH,0
P8JCAH3VYD,0
9HKSH4OX96,0
8Z3M8UTMW8,0
FOKUXFZ2B6,0
8EBQXVS230,0
70I7388UAA,0
4EYFYJLVB0,0
XNPZNJ4E5K,0
E32C5JAGCS,0
XQQQN9JT2O,0
36YMEBLCO2,0
HKXQ23HY84,0
NDEUSTEKZF,0
7ORAODOZIU,0
VWAWMFQ0M1,0
KTBHDHIBEW,0
1PHTSOEZDZ,0
TNEJGP7M0Q,0
U3LN25QKVH,0
7HLVLLCL10,0
DD77FOLVT3,0
LUUQIG3ZZ9,0
AJEOLT6HTA,0
YVENZR6FYE,0
61I48R1N1C,0
YPKJLMI7RC,0
3B2VV3AW23,0
FUEWPQZ8KC,0
3GF9FHBUKP,0
3KVRK0DQ1V,0
9HKDA4WBF1,0
VF4TAT0A2G,0
5TIOK4L1HE,0
0XTNUEUV8R,0
SRK40FWV9C,1
626VYBINGB,0
BDIS59G46M,0
GYYDZUU8BO,0
8P3U2P51VG,0
D5GMFR8CTU,0
HSEAKMH0SA,0
L4S7KYWBDR,0
3NFMIJ3X58,0
K2955BXVOV,0
Q7KCVN27N8,0
CSTWMO5VSE,0
RB18ZIFG3P,0
LCLQFZDC8V,0
GBS3FB1KG4,1
OIOZSZMQT9,0
ZLC1F2ALEM,0
NO7VUS89FE,0
XANOOSI05E,0
28U59U8XOW,0
KONYX54GLP,0
W5V2CW604R,0
BH402ZI1V2,0
U96K3I3CBF,0
81CSPT1U3C,0
IM9JYGO2Y5,0
6HMN1Q0QX0,0
QH8CYD5QRW,0
ESS22LP2II,0
PYCXS0U1BO,0
SMWSG7YQPU,0
AHCTMXPECJ,0
OTOHOHDSCW,0
KORCPCSEJP,1
84G7K1RKT9,0
JLJQ4OBLIW,0
7YU0HAA1W1,0
7O0HJU1GPX,0
G2XJN9SZON,0
P6YG5MJA77,0
0TUMIKXV2R,0
C3EM3MW9ZQ,0
CS69L4REGT,0
0PMANX6V9C,0
LATGLVEQO2,1
OYEJ5U6J5Q,0
4FO7VS4TO7,1
EFEQQPNEWD,1
80MLTI87DP,0
RB4XKKSIBS,0
Q6VKYRI9IE,0
XLCSG9P4LK,0
JO597UEILU,0
U38LPVIB2Z,0
W9YDFT4X9F,0
2G6JJ49IZ2,0
FNN1KLQK6K,0
1X8XW5DXB0,0
XACTSHO9HI,0
IDKA0Q6R91,0
WEM8Q1SPJF,0
JLX69UDT5X,0
8J2DP43RVX,0
RWFRPABYXU,0
O7BHHQ4HA5,1
G387I24FTV,0
J6D6ZJXSJE,0
TONDI2PD36,0
S172HKAK5E,0
7G7URRJ3XN,0
8268SAQ18S,0
PCBNA9KOLZ,0
DXDQA7ITYX,0
LB70FMECLF,0
PIT32CPK7W,0
7UIKCCB0Z6,0
SXDAZR3QT0,0
E9FEICDRSJ,0
OM0X34YR4A,0
4T234ED1WZ,0
0ZWJ4GFQPR,0
9SSOLF9PC7,0
VIFYB2640H,0
2DGFFZC892,0
DB815Y1C5B,0
RMWUTYZ8D0,0
33A109C0IC,0
LGV9DDVJTW,0
Y6B98OGFOF,0
5ZQ32TG8RH,0
AU6MW1KBAU,0
483XV4JVZQ,1
VTH64SLQ5Z,0
RT448UXKJH,0
EXRRSIGK5V,0
000UE5J2ZA,0
CVOZBELPPH,0
GED9I1ZQB0,1
3FLR9AML06,0
2FHWLP2Q3V,0
7X8C9F4F2W,0
E4G9UH5D6U,0
XZ3S77BK5F,0
HQSYPK68MR,0
POCSZGDXN6,0
60PYTLW7YI,1
R8LCPABRJ0,0
3HY3SKZPMP,0
561BSF0WXP,1
SDGKAJB29K,0
GJCXMUZDTG,0
0TTKFFFZ5S,0
ML0IRY0RCG,0
Q5IYJ9UQJP,0
QVW4C2WVB0,0
R4AS92WJ0M,0
ON0HZOV38P,0
OSLQDI5YX5,0
NSKIAT4AN5,1
DAB6BLGSR6,0
2H0ZUVEQF1,0
Z6N6703HGH,0
IRG36S70HG,0
8CHBNWY738,0
N6IKHRLEWW,0
D7T1ERZQ8O,0
SJ3VTPVMXT,0
9CAI1XCB6B,0
ODQWYFDVYF,1
TCT1SHIS8U,0
98LX3XOA3Q,0
7TYABLR26T,0
NGUGTE70MQ,1
09KM4BUDAN,0
5HRSTAYBSQ,0
2N4M949083,0
KNWF4PGTOY,0
VZ70ER4FEJ,0
BFZBU5MYUM,0
QX7TP9P4XU,0
C18TTQOWJP,0
FH3VTQ55J7,0
5OUEL2I9SH,0
WBVYF8TPUJ,0
01OPO0E9NV,0
3UWXY6T1O1,0
US20YKH9N9,0
X441DJMHJC,0
C22KVX7Z66,0
I7AXXOFAJR,0
VHCN2VFCH0,0
25HSVH13AI,0
IUSGRI6H27,0
275M6KAYHK,0
89FRNQ5HNW,1
LQ1Y12Y8MJ,0
CXOHH4PDLO,0
9TS7DZENS2,0
CLA3ZUD5IQ,0
5U4EGOROXM,0
HAY2OY1ZHK,0
AVZ3WWJI55,0
9C2ENSGN3U,0
8C7RSPKBQH,0
L0GB5HUCVY,0
OCAZTXFON5,0
4Q5A54ZJHB,1
BE2JAHPAJV,0
QDCCWMLOAN,0
JQ86BJAMTX,1
82S76KNGPU,0
4HOWSANAWT,0
QQLO8W5T7Z,0
K868ZZIWFZ,1
HFTF4L06KM,0
JAJA72SV4E,0
8GK7AYZ4L8,0
OOSSD4KAU1,0
MMCBTSPWFS,0
YGLDO1JDL8,0
J1FUU5ZAEU,0
C64FFN2550,0
JRUW2XEQOU,0
3CR1JP6S88,0
H1OZA9YJYM,0
BJLPKBI9GC,0
9XU0CSL3PS,0
N0BP1FSCH4,0
PJ31VK06AW,0
MKW1UHC0CP,0
3RXAU52Q46,0
V2GYOCCKQ8,1
W7JV29HZU1,0
07C33PXLN6,0
N6R20WINMI,1
9XPOJXSOTB,0
ANEZG9W2MA,0
NH2KBRU5L4,0
ZT64T1ESOT,0
QIYD7F0KP3,0
R5EFLOZA03,0
G7EMWP2C0K,0
XY06XIJM77,0
LY5DVSWO4S,0
QAT7M7OZAW,0
KXHA0MTV5D,0
IF1741HNTC,0
5R9NHPWU0I,0
BULPRCC2X3,0
6Q96RDJONB,0
6M3EMO3DIY,0
BY47M616F8,0
2HCJHVNCP6,0
SPZRBI1Q2P,1
W7KQQC4SF5,0
T4PB5URG24,0
6159OPT31B,0
JSEB65WS7J,0
V39E0BXUG6,0
ITFZMQQRO1,0
7MAM9P0QY7,0
24PYJNP37Q,0
Y1HLSB9Y85,0
5LP4OHAGBS,0
8WALR3ECCX,0
JUAN93FDGD,0
3JNG8DTA6U,0
ZH1GN6A8CW,0
JNEDCP0G1U,0
XX1PIB12CO,0
CY3G6TMY87,0
ICBHJJA1B6,0
T9FW0OUKAG,0
5RYFP7LPKN,0
TJQ07400AH,0
FSEYYKPAX2,0
RCC8HBDI5L,0
03LV10XTDS,0
VK3HT937ZL,0
N0HBY4GKBX,0
QLD9TR1DX5,0
YUEM5RRFYV,0
H9ZCDXCZ7I,0
ZX1CGVHL4U,1
EKQPIAH7RK,0
WAA94AEZMY,0
9M3KCMREI0,1
IS1QCXVP20,0
MU38BOP58G,0
SWHO0SWSKF,0
PDWEUXFTTB,0
NMQFBHAJPV,1
JX0I2G73RW,0
JUHSOFLASE,0
R6ZUW9PPRO,0
GQBFLREE8B,0
KKDYVXS3KZ,0
Z7CAQR214W,0
6EZS95JKRX,0
D9Z9C80RC4,0
N2PEOW8LNJ,0
8S5R61ROXT,0
CZOK2JDKFP,0
HG2W8YZRW1,0
DNMP2Z34AS,0
L0M5Q2TWRK,0
63KZA33K2P,0
ZFYONZIS1D,0
ZM46T7K4QU,0
D68LHW15PA,0
WT97OBF5HE,0
UQLQU12EPN,0
QBBP62WTEB,0
NADYNIP09M,0
C7SQB3UDST,0
HFU86ZC8IA,0
2SNGZK8LXR,0
O3DSISZ6LB,0
98KYOHH8CF,0
7O9B94EOFZ,0
010GH9U4JW,1
8KGC53OOQ5,0
D0J7ZFFH2C,0
B97556ST9S,0
F5NGOP07ET,0
18F55DXLN9,0
V25I0FNFBJ,0
0Q7OFJ9LO2,0
H62ONS76R7,0
C7E14ZF4AR,0
PVKWFK6UWT,0
6IX081ARZB,0
BLWFVA73PJ,0
2V4C9D0IDA,0
T5FH8X9O4T,0
PM0270MN5M,0
M9T8F9NUHM,0
H3ETE0GMPK,0
2PUHB0FIMT,0
BA2QJC6YGV,0
UQ1A93QM4V,0
QZJCAY3PH6,0
TS9R1TEVDK,0
QB3F1TK6ZD,0
9BTZZV3687,0
Z27IPZEMW1,0
LUNGUTLDLC,0
NO4O5JEQK5,0
FZZ06R2JOI,0
TKFDA6S2XD,0
2OPQVQG0SY,0
S4E6G2V1VO,0
U5A7JNFSX6,0
RN7LN2XZT1,0
OF1QRIJR72,0
I1J3MTMDG9,0
UJ4BFA3KNG,0
XAY11N6CFA,0
KZ1FLGP96Y,0
HQ3BEA0AX5,0
31NNCLQS0K,0
WHM16SU4LK,0
COIJ8O8ODL,0
IYGW9OM12H,0
1MISPQWOM7,0
8IQ77O9BY2,0
WJ6C2SNK7E,0
OWC2OACWG3,0
CL35Y2VDO9,0
YBLHVXS5LH,0
NLTAQY506O,0
X9ZUKOHR6L,0
EJH4PZ1QME,0
1AA6IDBYDM,0
BBE70VD5R0,0
JC2BPGF2WD,0
Q8YEQDQN1T,0
QMGCJIDYWZ,1
UA3LNLEDMH,0
SF9LT15XTZ,0
V2EWO50GTC,0
XQZSQHT3T3,0
BDMAMLSOY2,1
5GWSG2YC5Z,0
WA58VVZN2Q,0
M7PT0V7MVY,0
TKQD0F14G4,0
SSOKGQO07B,0
HHGBP3AKTZ,0
0Z57DARM8G,1
RR54H7NJ7G,0
SJIOMSH689,0
WXIN1B6L8X,0
OFOGSAYO1Z,0
YZD24S8HFK,0
IK8S0UDMTI,0
HQMCT6X34V,0
PG7LR1BD1Q,0
ELR6MHHHB8,0
J3OKPMPBUM,0
IX9QY0ZERC,0
BD1CSYVDTJ,0
60097CNR8W,0
2RU2U4M8K8,0
8P5ZYE66BT,0
AOU8EHBRN8,0
NACHPP516N,0
HOUQVB9NIO,0
I7EUFR39PD,0
AOB8J145Z6,0
9U5XYVK4JI,0
5FBRIMJJSU,0
OF5I72ITQG,0
SYEU4FJ111,0
5ANJKI3M8A,0
FNTEVU92XP,0
LBYAF3618Q,0
VK2N821RK8,0
PWVL62CYNK,0
5O2DGMD59X,0
L3H6Y1PEY4,0
HTSZC5Y49S,0
NAFVUYW9K5,0
KG79XGVF8N,0
AJHGXTV1QO,0
QADUPC1K2W,0
0Y7Q58R7FK,0
43EEQ9KG7F,1
SORXBEJ5NR,0
MMAQJLKJ74,0
8I2K3DH6DN,0
MQ0JSYSNWJ,0
UO73UH73ZO,0
UWERH6HRM1,0
GHS78J6SX3,0
IEGA5SP9I2,0
02UBF8PIB7,0
SU9VUNTXVI,0
ZJSB22Q0O4,0
SGTV58RHAA,0
22R0LS4LU4,0
NI1H0SUYTY,0
YD5AIWSC8X,0
W85KY3U6WQ,0
QWBS2SKY26,0
B01Z8HCP6I,0
ANOTMP37TE,0
7Z332WFBRF,0
24ILFF6RL0,0
0FQSFT1XD9,0
MRNR8YWLP5,0
GNKA491NAY,0
ABJ99ZRXKC,0
ZZKPO68HBU,0
Z1FF0OVCBJ,0
YRDE1L0HDG,0
2E479MW5N3,1
2WMHBQSV71,0
RT1XIJG543,0
ROKKIQ0MA0,0
PXDU4ISOI7,0
30SRVQMR52,0
LVPP1P8WID,0
IUAHOZAYP7,0
AJAL66IG9Z,0
DTNZYDD5HR,0
Y7D8OCEVBC,0
066JXFHTMM,0
V84FKE1IPM,0
F04L1SQ2OL,0
E9KNA5WQ3L,0
KDEDIUKZ14,1
6OZQC54500,0
DPH2AQI8ZG,0
8WB3RIR1HP,0
3SDGWHY3TQ,0
3GXRKOPZEQ,0
MTFMDU22A8,0
EBT31V4J4E,0
YLIWVRYU3L,0
PEJL8JORCX,0
TKTZTKFID8,0
UH9MQX1H1R,0
0NVVJ73YUZ,0
NSMYTN67JW,0
JXSDXROBMO,0
HEBNGIEGO4,0
8FZ0UYFMFI,0
RJ5IB3ALDH,0
F8V1D7NTQI,0
IJWMPQVJ3J,0
K6401ML0HR,0
C95Q97JHPT,0
1GV3VKGQPH,0
9NNR5ID4LF,0
J7FAMVK3B7,0
RDWWHS32A0,0
X66Y626L7T,0
ZIFK25A2VL,0
MCD43AMSVG,0
ZUVY2O6XND,0
OR24IGEDRA,0
5DK8RBEQIM,0
PJY1ACZ6V8,0
L37I8YNN8E,1
VKXV0R6WBF,0
3SROJTM5CX,0
C5CUNN9RMV,0
3FBNBO32IJ,0
0UKARKAAJJ,0
97LHZBJW34,0
H8C07YQCZR,0
XWZKL6QY2K,0
AJW6P1RMN0,0
XJK19IK6J3,0
NT3QQ6MHDW,0
H57UDRN1RK,0
QWH3YAS5YH,0
BBD29EOM5E,0
ROO1IDOFRH,0
G810PZ3U3O,0
AE9PSS2C3F,0
7A6ZGU0Z7C,0
PG4VUK8R6R,0
ONI5E3GDD4,0
HTLU0ITPUH,0
GAWPC3KL2T,0
DJP95NXZLP,0
BCXI3FXG5U,0
4HWP6F1LTT,0
7WW5F45HA2,0
59012NAT65,0
BBVBOKVRKH,0
I541RRQXXI,0
O65UIZ2TCN,0
K8D64MGSBJ,0
262RPTPG6Z,0
A9UX4BRPUO,0
QFBWU0B7JW,0
I7PDGURNK6,0
1VXH7YFM9V,1
LBE7CODU0E,0
Z6EBLLLULT,0
4ZTX37E923,0
TZPXW9N8B5,0
6OEA8XKGLY,1
2A20SHSB96,0
3TAA67IM8H,0
2MCIFLODDA,0
F37K630N5W,0
OKSMYU81EA,1
6L19J6OMAG,0
N37B64R2LJ,0
G50BHXDW9F,0
5VFA62MPH8,0
SMN7QTEG2T,0
O8SN918URK,0
185GGMFDFP,0
TYNTKQ024M,0
71LEH92RS3,0
RF7W6IF8QH,0
I7VBTAKGZ3,0
LF3U6RS6UT,0
AZJH1OFKVO,0
H548I8ML6T,0
KKY850MQCP,0
S6AUGL7FF7,0
N72D70NDGT,0
D6E1GQBOHL,0
81J6IU2F08,0
5N9U85HGR2,1
3QZCE48Z6Q,0
Y52A9ERS7Z,1
5U41AY1YAP,0
U9F8ZXX11F,0
1UBQQB68EA,0
BOZRXEOCS4,0
18ASZVEPTP,0
C52IH859Y4,0
GDP6GHH252,0
QCGGBU1QD3,0
IVK2WPA0SV,0
P50BNUNQUK,0
LJAH6S4X8H,0
HZQG57CQA2,0
KDODQSLNEV,0
XTCY45NFT3,0
E514RNTM5A,0
SFTKY59N7H,0
F5121JDAOV,0
CVSLRN46AQ,0
D4UVTI6V80,0
SAVG0TAFVK,0
4HQ6AUVW3I,0
65UBKVBFPF,0
R9O4V6L46I,0
G5Q0LUOYXH,0
SGP9AIPYX5,1
Z13SKLV8K5,0
GDA1FNP53P,0
JEA5AYTIG4,0
LQAMSY5HZJ,0
ZDEXINJWNZ,0
URUN2C8J46,0
GILZSVMFPP,0
QATGDVNJNT,0
GK1WVNAITZ,0
A5GFA7UH3E,0
595TU3SHFQ,0
SML4OBV3SL,0
WN6Y3EBWQ3,0
89O0S4EW6O,0
828LGFUT1I,0
VXUS3G68GL,0
ETA9R30SW1,0
BQFZDCYJUF,0
0KYVBEEAQD,0
X6YGU9JIIG,0
NDCGFJV2J5,0
C9OGT24GCQ,0
S5M2YCMWTW,0
UO61QYA4L7,0
DV2LNC78R5,0
TMQ1BSH6OA,0
6Q96BEASYO,0
HVE3GCKKDL,0
5FY5MBKRM9,0
JB11EOWB8S,0
NL2XSNC6JN,0
UP3WUNW63F,0
FSVVSD0YQT,0
R81DJSFUW0,0
SYUFY0JYTI,0
SUXSDGPFOG,0
HH7UO5F88F,0
BW72VHJHQQ,0
MFBC7SYMOE,0
HBLRPTTIX4,0
0M53PDWD0Z,0
6J4H8L0O0T,0
BZCXV0IZB0,0
30T4R4V80S,0
FXJL7Z0LAA,0
A57SVRG78F,0
0UW90O8SHD,0
81I2Y94ZO2,0
8QJB1FTE22,0
G1QZPOTI5I,0
ED3J84QRQA,0
YQBHVEMB3H,0
RHAM3EKAP2,0
MSUT5FL99N,0
WFB0RDTWW2,0
L3R7XW8OE0,0
RTHFJ47CRT,0
YRQ2529A47,0
OSBBXUAETA,0
40DGA33I5E,0
AUI0TQQIPY,0
223I3BBXB9,0
IYBVQBQI3X,0
9M2ZI6HNBE,0
EJX299ALLL,0
7GEBXVIB11,0
1RM8HQAHPY,0
L27E4K69SP,0
FSQPU7UGM7,0
1TSGLZJP2C,0
9243FIWUTK,0
J6LNZOCC9S,0
W73FO4PQP0,0
HXGDQBQX4A,0
36KPQ704BG,0
O70M2G3528,0
KIC6JO1OL7,0
061RJCZIQL,0
EY18HKDE8B,0
MPNYW88XO9,0
ZTDB2CT0AR,0
QFHYJWBKEH,0
IGPNYHGP76,0
99QUISQZ0O,0
YOI1FLUCEC,0
ZXIFX6P0B7,0
QJP0UMLML1,0
SDIT8IDOXH,0
6YWZ2W7QX0,0
RGRTN0IB1O,0
GRZWPU4B6L,0
AL2B1QEKL1,0
1QQMTODMZX,0
5EGCW4RRHS,0
VJ9663E7P6,0
4PM17CJKEI,0
SIT6FR0RI2,0
2V2A8JFL3D,0
6FQXBO66AO,0
3T1AHUMQDR,0
8Y44J2NHY0,0
NEAIGDRMN1,0
VH1X27WT4B,0
LT9QEJYXNM,0
1TC0C7HS9A,0
QLKI02MQFX,0
4IHRLG7AAO,0
BGQ5LZGX3R,0
KV0GLUVL58,0
4NOYEXZEHP,0
TM1HX2P15Z,1
24A05UGSYD,0
QY31HR6OIX,0
44TQEEY5MT,0
G1FFTB9D89,0
WETND0LQ6W,0
Q7KCVH7LF6,0
26IYFGZUYC,0
2BNTYX0DLE,0
KUAS13JGY1,0
ASNU632I94,1
6Q6T90ZZHB,0
9HEE7YHHYW,0
R2458PAV7Q,0
BGBOMXNY4I,0
GXWY7OEYSV,0
X9GTEMKWV8,0
KG5L48C9J8,0
L315BYLS5B,0
29IJUX46PF,0
N327PXOLI8,0
4SIM8R69RK,0
N34X300CU5,0
A9OFY90SD2,0
LAU8A6Q6W8,0
OJCU85MKEF,0
GRTFZ1T5N6,0
59LX6YHXKZ,0
TOCP1QIL1A,0
ZSWIUTQB7S,0
3JRFXEFHNE,0
R0DTU6W1QY,0
02EFPJY55I,0
D3DEAXAVGH,0
CCUJY3SVJK,0
ILBZVS5S8V,0
GDAGCDI7W3,0
IU7SQS9TL5,0
L4PPCCH1GY,0
DIGQKZJ18K,0
H0HO0DPXHE,0
9XZ5PMN545,0
XW5QU0HJHQ,0
P672Y5938M,0
41V2YD2I2Z,0
5TVPK1GI0E,0
PI39QUJQ5W,0
CC8MTVB2PZ,0
8T6OLKMUAL,0
5NLY1ZEAZY,0
V822KZYYII,0
BZA8ANWF2O,0
ZCWTDTHHHW,0
4OK3TJI8KL,0
SYMXU6AJ02,0
FEBOHSRMWX,0
J4VFSWLCEB,0
UYTMYG7QIY,0
NHT8TVBS8B,0
MNDJ7BXIV3,0
GTKYMCGPXP,0
9U65QS5WRE,0
GETCN4EBBL,0
SN2265I9FP,0
TLVJOKYN8R,0
ZHJ9UYTBQM,1
0DBZA2MF9D,0
OX1L1DGI4I,0
3QZMJ092EA,0
YR2NBXTXAQ,0
ZOBPKABBS7,0
NO68QEPDS7,0
CMLAEY0QDX,0
D5Y5EKBZWJ,0
LI15O7P99I,0
1RQCVQADUE,0
5EZIBC6OQJ,0
W86HQRNN9U,0
A01BWTEI15,0
1ZP9DR59BS,0
RSXS1PUZ7J,0
6VHGC5O5GB,0
KPVHJIVTSH,0
BOVLLGITQS,0
MBKYXWCILR,0
2EL7EIXCO5,0
YYOU6TYWAX,0
Y927CHRS3M,0
A0ZMPGW6NQ,0
XYTVJEYHUR,0
W664XREGZB,0
Q2Z86OIFR0,0
TSZU19OAI3,0
DCNCS8ROB1,0
6TMILDUZUG,0
8GT7O3DNOD,0
9VRX6Q9W1R,0
6N9WURX3XQ,0
0L8HZRTBPY,0
2WS2939E4Q,0
PNSW0NYYJ1,1
HYSYWESMXF,0
9HKG2BLSH6,0
K5KUP3HWCV,1
4PA9GE45Y8,0
X3J9YZLAON,0
9IGDZ9B6Y5,0
APLGFEN896,0
3Q4TL7U334,0
7V557BO69N,0
WDNXLXWJ63,0
Z39WJZP1F8,1
VX7MQPB5IR,0
6TJZKJKOYN,0
6WQJNITQ2F,0
CTDFRIOYPH,0
KWVZPU9SL6,0
618FSHEQ5I,0
HRWBO7USUP,0
CL0GHJUS97,0
OZBXB40IU2,0
N74T5F6NC9,0
9V5DX40WC9,0
6C5W62548H,0
F28ZCMBR98,0
5NSHTOTUWY,0
Q0QQZCUD3C,0
RT8X45BU8W,0
BEH5SZY4JK,0
BX0626UY6F,0
PO23DFNOBT,0
QFRG6APYBH,0
DBNY7TDGH9,0
H0Q2FPKSC9,0
7WHM29QI6F,0
CK76C8FVXW,0
ZWGZKK8A0A,0
LKOIBCIOT9,0
F0HAO2EHFA,0
SWR0W5RE5Z,0
5D3XK5P4K5,0
50FP2A7RZF,1
B6J7JWTQ7G,0
PMVEAIAQ91,0
H2XJLRUHRF,0
2C8SCECAD2,0
5H5WFRBC9M,0
AL8QSFWEK0,0
AB1PASXHMI,0
IXFBCH19AM,0
YVLUHDXV2S,0
K29EXQKM49,0
RLBNB3BWVB,0
HSG5PWGO8Q,0
T9WHPFN1I1,0
HQRVZJ4QWW,1
MR3WT4EEEH,0
GPH1U543HV,0
6G7HPHJ07O,0
JWN16V9P7D,0
JL22ROU8GW,0
7R9J7YZQYW,0
KVE51GGAH2,0
4FIE1HBVYR,0
QJNNLM4WZ8,0
6D9R6GM5NC,0
4TIXHMAJPV,0
2TTQ9Y3JRW,0
IZ3MP9IHIM,0
K88689K9O6,0
BMZC2ZVGKU,0
7GNVR5II7M,0
45T8PFMDD2,0
VYRE7DY1B4,0
K102JKCVXR,0
GRCVLQ5P35,0
2O1HREK4AZ,0
EPN2KZTACK,0
YJWSK20XHS,1
EK6OE47S4W,0
8XI31RVX9Q,0
T4J5SJ5DDO,0
UKIK6T3IFE,0
084AIDFHBH,0
GM8SJ7VV5U,0
MZWTMX4ZYX,0
ZM8H6O1CYZ,0
SGD3PAOSCA,0
5F7I88EI34,0
1QIYX8URT3,1
8CNJDJ7OXP,0
ZBPC3K5ONQ,0
H575C87GA2,0
OLYSCZ8E54,0
AA2P4HIZWW,0
7V7MCLNVQX,0
14YQI6AEMS,0
HDKAHWYO66,1
146KWET604,0
XFY4CNMKN3,0
AWMMFGGHY6,0
IAUP1YLF1I,0
79HMCQ14Z9,0
XLXXMCYO2H,0
ZFCFG7XC2E,0
H1JLEVOOO1,0
3QAW7U0TO9,0
F7CDX1YUPJ,0
CRF2ORQ4TR,0
YKC707BUC7,0
1Q6SHAPHRF,1
1F13GTJFAZ,0
JLCYNXPX55,0
0H7VWPYBAY,0
705LRMVEB9,0
EZ4E5UMLJV,0
Z57O6DAIA2,0
FHQP90QG12,0
WM60R1Y35Z,0
K3ML4JRLAH,0
8QVJY85GAV,0
CQSSLLAUPA,0
1JJRLCDS73,0
OP7IU7YSE5,0
III40XA129,0
HAWKFAJ05M,0
2EA2DCWIG1,0
GYK55IUK6V,1
LVNT6E0B96,0
I6OF9O55QE,0
JVHM05BHT3,0
HLAESWWKPP,0
D88WAGU4X7,0
TVOE7OFY27,0
GPNJIUL3VH,0
RALVHZIUK2,0
TDMARI9YME,0
GQEPUH3187,0
1U7RG3MLE3,0
8WPS4IPKBB,0
80H5THM873,0
7RFFOWNS22,0
UU6WCIQR0B,0
APENEFESBP,0
P71OVOCHWZ,0
R4O2KQ75R6,0
IL9506ENLV,0
W5KHS3MC64,0
LTKGZH8ETY,0
Z0LY6FTGZE,0
M19Z3GHJNA,0
RX26TQO5SA,0
LL0EIGOYVD,0
17HAP6BUB3,0
GRM6WR5L9P,1
KCY7E493TC,0
7T7VC4BQA2,0
K2SGHX8F03,0
2PK1WCJS5Z,0
Z9KWZKNR5D,0
NWIKV30ETJ,0
I1IJ6X9OEK,0
HJ7S6MQGL6,0
6RP0FWGUN2,0
TRCSOYC9SC,0
SPDTFRVTV1,1
SKGJMPPTQ5,0
N0WIZ16B3U,0
B24VTF2FZG,0
WSDJBSFBCA,0
1K3MBY9RAY,0
DACRO1GULY,0
D1ECBO71AX,0
WPLJZ01M5N,0
IRZTTDIDRY,1
DGPXG5XMUJ,0
7CCS55TSBO,0
TZD95GCHMO,0
DQS3TZ39XW,0
Z15N7224DO,0
U5BHWUO9ZH,0
W25U8VXPEN,0
KW94I4IIHT,0
VKXRM6RIDF,0
IERNKEDBTT,0
U9XE8E4UXS,0
5LTRO0V8KW,0
52O1WYCHVN,0
LKCLWND73A,0
JBS2IO64XT,0
3RWXW09QMV,0
OQLRZLA7SE,0
VP28ZK2KY3,0
4WV9236SBH,0
29DDSRELJS,0
WLHDA7W3PV,0
6MI19PILPM,0
7P4TWQ1CDE,0
LAF0OWE2VM,0
MVR7XYRVYI,0
G4SOKYEOZH,0
FDOLP1Y29U,0
9TTFRVJE2J,1
C1RIVREGSK,0
L1341CSDR5,0
1EE6CZDDMK,0
KR4USLC66B,0
7G7RKRP9JM,0
QDCRRGT5F8,0
33P0RYNDY1,0
0HL740CS7W,0
0GNHEOBONL,0
HM8LES1VAV,0
XMPSULKSV0,0
3Q9V33I86V,0
LYV8TNI4XG,0
E7AEP61M1V,0
B0XNJNAPS1,0
501J8OCWZX,0
NIGL8L0LTG,0
8XDBBJCFGP,0
VAEFG8PED1,0
9T6CT6K2SI,0
64X5C63E4A,0
NUWRGCXR2B,1
ZM80GHAJHU,0
VDHLR602UN,0
1P6DRORCZQ,0
6RU7RJ6HFQ,0
XLN9OY5DXV,0
ZL8E857QRO,0
WXJBL6NHD1,1
ASWQFGEF3S,0
JK0Z1ZKSVH,0
XVER7241UK,0
2KUEZA722J,0
UM9H4UPD8M,0
JPLGLOXKPK,0
T1658IYRG0,1
GBABDRW1TR,0
W3BSWXIR85,0
HDNTDLJ5XY,0
R8QB3ZEK3T,0
05JKAZN8VG,0
CGK3GN28CM,0
VVJMEL3Y16,0
QR3M6N3E00,0
Q70P1UMN3M,0
0U0MN91NI9,0
GJF3Z81PSU,0
MIENTGEDMP,1
MHKYO2GDUM,0
23PB2JSV8W,0
WC0NF63AGZ,1
IMUMSV79PF,0
WHIKWC6TTI,1
FUAH3ZVPYJ,0
WHTL0GT1U4,0
CQ8Q0ZSQRJ,0
JTJ6N2DIRC,0
S0L7X7K99Y,0
PSAXD29N9K,1
6PMISQZ5GR,1
85K79FCRCK,0
00KY5UR9YR,0
BRDJWIBOQQ,0
57197SLBWR,0
9TIHH1XF0D,0
MC8M28RKH5,0
Q6A9XTI49P,1
CTP1G02Y5P,0
WR1ECIPGK3,0
CIHCK49781,0
NGL7KBHEHN,0
R1KOGVNOUG,0
LFHKQ1SQUK,0
R0CMRDYA16,0
UP8S5F1CVG,0
PJOVRPH3GX,0
SUO77MGTUX,0
CTBP41D9H1,0
W1PS9EBZ3H,0
M5RTHTWL2V,0
JP0GN58YTR,0
1021CZU045,0
PBZ6GS7SFR,0
ZNW5O8X327,0
K3YVYV0QA9,0
7NPBTBTFEZ,0
E7XA5VKNM9,0
MEA946U9WH,0
419Q8ZNWUP,0
0VZRSNTD4V,0
VK61MFK60C,0
0538IJ6CDS,0
P1GTPEF1BT,0
QNXCETE9DZ,0
1DGQ7545RE,0
SL48CB7RTX,0
C0ZNDQ7SOK,0
ZQHGJK1YTJ,0
IZ5U5Y08H8,0
ZJXI27S6OM,0
0ELO4JQWDD,0
QJJTJ8XIWO,0
KZKL2WRH4P,0
6BDW5JE5W3,0
U5419K9YRH,0
KD8C4I7C29,0
HXHNCJ8VMG,0
IZS43ZP39W,0
79VC4E00AJ,0
LSVFOQ7B01,0
BT7YPVSJJO,0
GC0CJ2EKA2,0
8LNGHO7WD6,0
YG2C8ZI0UW,0
JSK6LJ4ZUF,0
SHRRSEURLW,0
PH2FIP33XN,0
YO5BJYKB0V,0
L02IFY0BIF,0
LD9WU7GVFX,0
ZONCH8U74H,0
VF1DL56H8S,0
V5C2P8GYR9,0
EF2LVCL3JA,1
49BIY8UQRG,0
0X7DX2X5DN,0
S1X0PSRR8F,0
GZ25TLVMYJ,0
U5QME7V65B,0
5PFZR5P9Z2,0
JZ050CRRM9,0
FXQEK5SSUP,0
F4BXXIRPON,0
HZK5KYCL62,0
VOWYAL03WU,0
74I3YKR48I,0
ZW7OPFWNQZ,0
9DJVI7XVEL,0
CPIOXVQJTA,0
UBN0ZV9CIA,0
H1C11B62SU,0
VLNHEGGBBX,1
3G93RQPD3T,0
8VQ9XVU21S,0
M4L5KZ2YJU,0
S3Y6XG13LS,0
BP9WPXSQLU,0
E2GXXDPMAS,0
EH2T1J5JOG,0
CG7F9F6P92,0
F07F60BIHB,0
UVVUUHDDLV,0
ESZM94VFGA,1
O66ARRKPBF,0
JOT3SPRW49,0
G1ULHWFRE0,0
TDB754WYAM,0
I1P3VPZOK2,0
W3XI4OH7E0,0
OYHQ1LW5UP,0
K0506TZEPI,0
KI0WH5Q24B,0
W6FLVG82J0,0
0M55HMBA5F,0
Z6GPI6VSQZ,0
41LYZY3A7W,0
GBUP02KSVV,0
M0VFYBM1NG,0
QDY8HYLESU,0
LIG8V3V4JB,0
V9SEQBA5B8,0
0XI7A071R8,0
FMP1FTXIKI,0
60WNAJH417,0
0E5T5U5CR6,0
X62DY02EN1,0
9M1Y7FTWK1,0
V38DA0SGUH,0
79JLYTDRSA,0
E05ATL64ZF,0
HJYQ0RPKHQ,0
AZX1S1HMRC,0
6JXY057Q68,0
4LBCNLSTGT,0
G9Q03XPFH3,0
KCVNUT0MJ8,0
T18NMOLVGF,0
WXI1WX1GOC,0
VX5KW32ID0,0
QCAHLM8YGB,0
YPUILMHM12,0
ERTNQMZ1V5,0
WCP94K7ZLR,0
LAM6JLZ2TD,0
W0U8RAKDF8,0
7ALM6RD24D,0
G76GCM8XRW,0
ZCMYFTRFYS,0
QH5B9VGY5H,0
LSTTUXIGR1,0
J3F2KXVXNH,0
FBTY5OCCII,0
GFR7QZYQW3,0
JCDC5D7JS0,0
HFJRAMPUSF,0
IFR11LWGAZ,1
VA2HAMAMP2,0
EA0EP8XNCI,0
95GOJX6KEW,0
OUBQ4YDNEU,0
V1TWFX9EK4,0
RS5SK7FUVH,0
J046JYBD0N,0
XV3FQLAM43,0
UU24T5GTIZ,0
RHAPCNQ3IN,0
JJM8A1NVFD,0
Y2IKV84C2D,0
ZHKI5ECTNC,0
SZ60WB3S2H,0
8X6JSDEPBA,0
DI503VYFJW,0
88XH6ZRU62,0
L3JM28FXOH,0
235FRI26RC,0
BRTPEQKB6V,0
P9NK7B8TUA,0
S47Z25O7MB,0
SIFTRBINTE,0
BISR6BLCB5,0
L3TJIDIIV0,0
GVTMXS7ING,0
IXKJ2DKWD0,0
WXJUZ7LS65,0
V8K4YNGL2U,0
IWRVQZAMNC,0
XJ3EW69MMQ,0
MX8WSKTVHN,0
FVYL4PQR2Z,0
QMAC0TPCHQ,0
IHX0DWAB8T,0
Q5M3Y0XKTC,0
DK0CA7GU8Y,0
XCJH9KTWW6,0
952T111RVG,0
LJ7595QCKT,0
2674S706PK,0
7XNG5J6KFQ,0
E4QKVYD0ZJ,0
35TTQFQ5PD,0
C680F3IC20,0
W15JKIM4CC,0
OB5GH9Y1CE,0
AX6YUD4OCK,0
WJ0ZXRZLJH,0
KRYQ3W0FGA,0
EAKUZFB5DU,0
9922TY8HPX,0
N36CPWE0SY,0
87PWR95IJL,0
0E71FIAL3E,0
L4ARSLMVUQ,0
CXOABUKOEF,0
PJAP49YYIN,0
Y3OPYAFTDH,0
IW8HP7QLKJ,0
H8HEM8DAUT,0
3Y6CQWGQ57,0
VD9H9GSQAW,0
5DX1CO1AVD,0
FTRA1ND0C3,0
FCAO67WJK6,0
13C2RU18JX,0
60K2UUMM2Q,0
XCADTRVGFV,0
YRZKB5VOXO,0
H9RL1EW074,0
79JDP6QC6S,0
EOKNPSWSP1,0
TOTNR0JQE9,0
L0DN7RAVYU,1
4F6YNUMBKG,0
YNFPKTHV5I,0
8YQGTKUR9V,0
SPSX4C25VM,0
YXE1LAGQRU,1
REILC32LG7,0
II6RE403TA,0
GIVL447S7M,0
GWPYJCZ2C3,0
M60TQR9FSV,0
SIQCUBRZ7O,0
GFLFO18R0R,0
FTPKERAIZS,0
1R7ZHULHBO,0
TUUMGM0ZA0,0
HKN7B7HF1G,0
ZDUJ7188B8,0
7ZK8VHBXMM,0
5Z5IJPXPXG,0
94GIWGQWBC,0
8PNLNF1HF4,0
7L8GYB60KS,0
XAED7ZE0PI,0
HR8O12QLBW,0
B4DISOZYXQ,0
PKMKHUMVKX,0
V8SGKW146G,0
1GQSGZ0RY1,0
SJHSEEWNYT,0
YQ41U5TSYZ,0
W6JIRIZST8,0
VSLA9WPL4P,0
RJ49SAFOM4,0
QPB67I2Q8R,0
RO6WAIEMUF,0
FEZ414AV5X,0
TJ56OSWT7Z,0
E6NYJ702BD,0
GBP6CR9UPC,0
K3SGB9Z3OT,0
NS105VIPTS,0
ESQVO8E27N,0
UPBFSRZ528,0
7F80POT6ZC,0
2HOC0PQL5E,0
57LL8EVY4I,0
Y961SQF1MU,0
ODYYS1LJP2,0
UJYY4LPOZW,0
B44M6V3TL9,0
CWB8FLUQQ7,0
0ECI2WMA0Q,0
GCSRMKAVO3,0
D2NZGQ9BWX,0
Y9G3KUC5GA,0
057JGBPKDL,1
MKU8ODMGWN,1
UTZHSSQX09,0
R2MTRL7F9M,0
LA5362J4WA,0
S3ZOSGQ2X4,0
HH48IUIG8W,1
5P84DZQFUK,0
PLRSXMF36N,0
G6KNV2FSOY,0
23FWB1ET3H,0
9K2OCPOIKH,0
H4PDPO8O3O,0
8SD37CYHQL,0
AL2XSXQYEL,0
7RRR4D1EJF,0
0R2RJWTWKH,0
B94C8J5XLJ,0
L576YBFJUE,0
V92QHWQD2E,0
O5B84R5URP,0
VX1GX6F7QY,0
XZNCR0NX4C,0
HMK7QY2UUF,0
6R97DCXN1S,0
7MLJXCUTQZ,0
F6YZ7M0UT6,0
I23G5TCHMU,0
UM8SUK5JQ8,0
X41MCFBLJ8,0
OAJT4BWNR4,0
5VUN4CNCZ0,0
7FBFTXLGXF,0
C1O5FWWC0C,0
ET8KS7T8SU,0
Y283XG6DBK,0
PLPBDRA1YT,0
E68UJBN19C,0
LW1ZQIL4FU,0
DIGEP19F3A,0
IC8UR0DO8J,0
IUZLMPY1AW,0
DBTFML12UT,0
58Q7NI0R3P,0
P4KGSS14I0,0
T00LK4OUML,0
1YLRF0YTK7,0
GWZIWSJVVZ,0
G4OAKIXFAM,0
TUWM05KGNU,0
7JCA3E4L45,0
WUG96KIQYY,0
IQ5XPFR2LY,0
NCSE3EUN6C,0
BQ935PTKAY,1
3FOGDXSY1B,0
7VSOMTMCTG,0
EL1CHNJ5K0,0
NU79O6Z20N,0
I8187Z75IQ,0
PPIECKJ6IZ,0
N14R67FB3P,0
T4TFVLYOIR,0
FFUNA4SPMP,0
08RIGRK4NY,0
JAT9BKD1E2,0
3KRB4GPGTI,0
9M2RJT1VJ2,0
SN7G4EDFD3,0
FCYR32AD94,1
Y78BTJ7X6P,0
RVEUO1P94J,0
NU2CH3FSSS,0
4VN2PST7RS,0
HO688FVPO9,0
2W7PPGJXQ9,0
VOKJJ27V4G,0
VH91GSFXO0,0
V8LOGJIVN2,0
B95DE1QJ0Y,0
UQ8LSKMO4D,0
LQFOUTEBVU,0
XOFLKPBXTS,0
PWLAXB1I2B,0
4OEZBOC6JV,0
N9G5IMITND,0
VC1B0MIQLG,0
D4RWXLETYN,0
Z6G0A26B4B,0
2CTQI2GH29,0
NLU2A2VHJ2,1
734BBHZRTJ,1
MBRBZ14FU1,0
AC54BJ5F7Y,0
5V0PUTBY4C,0
X4BRQ0Q35W,0
S4TEPS4RMJ,0
ZL6WGVTNB2,0
EKV9A3DZGK,0
JNCCV5OWQF,1
ABCXUOKQLH,0
ACT02Y84NZ,0
GZ4RRC8TEH,0
AYRQKQJG35,0
2VYET70X93,0
N4NIVAC089,0
VMF9AZCDJT,0
WKZEGW1YL4,0
2T59L1DVOQ,0
X2QEHCT5OM,0
P64Q5WFU42,0
JAP1RDOFG2,0
80OMY84C06,0
VVEC5SLGCX,0
P8873K3JPS,0
AM1P20J73Y,0
YC8AMPIR5N,0
K8RQC9BYFZ,0
ZPP30XEEV1,0
H9DY2VCKUT,1
BT3F7GRAQI,0
QDVJMQ0UWM,0
SFT8HA9JHR,0
L945BJD93Q,0
5CLBPS3898,0
3DIOBT8Y7V,0
Y8N8WLGMIY,0
X4735EWIZE,0
UV5IVTUPWY,0
OX54A833QE,0
PWMQF6ZERI,0
J46Z5RRC5L,0
6MIAZQVJ2D,0
HKINFMY99F,0
HB5G4GYW9Y,0
QA62H7290G,0
NJ3VK9YUID,0
K6CXIKPMVA,0
F4N9M0HPFU,0
S446Y29DEG,0
65C89HDISE,0
CKEI53WN8K,0
FF1MDW6EDZ,0
LOVQ80YRRZ,0
3PP7QR9QCL,0
SEXFZGC1AZ,0
R33GJOQQLV,0
J2JW3FE5O9,0
7XVRL4BXU7,0
PRT57IUT6T,0
9A0JL9H9H0,0
FVZZYKEE1G,0
79OL5VPU8N,0
ZPIJIUPKC5,1
AEKWIPIWLV,0
3WWYZO6V96,0
AQWIPR704I,0
ZYC9R1N8VV,0
7C9C7314UU,0
Q97UCFR6WH,0
0X3ZQEJB5F,0
OWFIIMMQEN,0
7CM2Y5PGG9,0
DB5S10B4YZ,0
E5G0UX8Y8L,0
N9DFPC2CSJ,0
RACPHNXVC2,0
46Y8CJCCBB,0
VWIR8HA26J,1
04NCUBXI0U,0
5NI8C96V8S,0
YO8XAS67EY,0
YRQULHP0E1,0
TZL7WA3ZRV,0
2RKF7H75MH,0
THX5TO15DG,0
K84OXKX771,0
CW1BGHYOVH,0
E4T341FST3,0
IWAVNWUBNK,1
X7Q0CISPIO,0
CUUELLDP6U,0
DG8530XBPB,0
MFXIWPO4J3,0
298WBKHXMX,1
3CRBQVKSGT,0
6LYTJ4GY7N,0
NI1MKA2JZW,0
TUD91SBSHD,0
54PEDULBDK,0
MAUIM1P03T,0
UEOR6V8WKM,1
ZGATWX7033,0
PGO7WI0MP8,0
VQHEN6S8IW,0
57BILWKG5Q,0
OPIIX9MPG1,0
PVUG13MCVN,0
GRL6MPQFXU,0
G3NTZQTCZR,0
VR7K46PU8K,0
Q42F8R01XM,0
403IC46MUS,0
CT0HV0VZ5N,0
2GD78QBL8L,0
L16EFJTOL7,0
CX0LQN8494,0
PBQHTXI94T,0
4BPSEFJUQH,1
V14XK7G44Q,0
ZMYRRHA72O,1
8K0EK0XUTP,0
RCN7EHDRCK,0
0DKXU6MJC6,0
Y5V2VGOV72,0
VWV3NKQI3X,0
ACR5R3PUFD,0
FNIT687PA7,0
JTMIX2HRVJ,1
GTL0JKU15C,0
OOCN9Y6IC1,0
EFQI2W61GM,0
28IZP8TZ6I,0
DORHNP2DXU,0
UYHMN0C7I5,0
9ENVKQO6HJ,0
1A2KWAG7AH,0
T28NCMK0VC,0
L6UVGQ4LNE,0
1JJFFPTTUF,0
WXSMZUVVER,0
9IZS6AVUB9,0
PPYZAY5VK8,0
M6XVXHW8AU,0
TH6NY9E5S7,0
096TYIFIUL,0
1WCKNLWHGP,0
MG0M869RJ3,0
BPRFZDCBR1,0
XQDT0S9N29,0
1TVASATIDE,0
HEDYLLBHV2,0
IBBZFMTKGR,0
OHT417S8MQ,0
627CFIC5GA,0
TEB56IKDKV,0
RYTH2N00UO,0
074WEK2N9X,0
RYHCWZWFEQ,0
EVIC7B7BO2,0
C0CK2MOTVG,0
YBDXPO1L3F,0
HVHSL08DPT,0
YIBSXICNK5,0
BTZJRCKEKJ,0
Q26K6Q1PUM,0
2X2GR93T6X,0
IWHRRNQVK1,0
84V7L6ITQA,0
JOSQIG1IAI,0
QPCNVZ1B58,0
9LD9U6XTQE,0
92N5LF1STM,0
VLLGIO12VZ,0
GFHBDRS7K7,0
A4MI6LDIJE,0
ZHDYI549BK,0
UWQE2FXE9N,0
AESXDSZJW7,0
K51HRQ9WW1,0
V1RQ03R7SV,0
WZPTF861G9,0
G074NKTKYP,0
BGGMY6LRGV,0
OSQ6G5FW2B,0
X09NSUS180,0
6IY22SVQ3C,0
EG44M5KURN,0
0JF0Y19Y7P,0
WEJYP1W6SS,0
TLOV9N74DP,0
HBBPYQL5Y9,0
0NB4CZ3J2H,0
F9RLGB8XXD,0
1WF4ANYDUZ,0
JY09OL4JAM,0
GDD2DHKR41,0
X2X3M8BT9Y,0
7UAZYPJGEB,0
V77GQ5UMPT,0
VRFGZXSTAY,1
KCIA4KDW0M,0
M1ILMZQUQZ,0
WU4L14UJHE,0
K4CINMH2DE,0
NO3X1WWFYO,0
U4KTGHWBV8,0
2WDGBMG7BT,0
6DUZGB7X63,0
MB1M85OC1N,0
8W8PTTV2CS,0
7B4Y0MXN8I,0
3LB8TYIB3N,1
H2THQMJM4X,0
VWGXG0NERM,0
7Z1PBWR7IU,0
H479A6KVCM,0
1ZYPIMIV6M,0
5UYEMNXJJM,0
79MSV6G5MU,0
SGJFTBY6KS,0
MTARIJE3DA,0
JOOL4HYYT4,0
9Z2R2OQIIB,0
6LQ8VG3B9I,0
Y00CW5ONZJ,0
TJ86C58P5Q,1
D5B3RB06ZU,0
MXMSOLGWJ9,0
N8TVPXIGOR,0
OXZS6MRNZ6,0
G46G5AMPWZ,0
5HZRE5F5OY,0
L4SMIYBJZ2,0
W5UNHYFCUN,1
ALLDH36EIQ,0
A4LMJH6HEC,0
CVYOCAJT0H,0
GR0Q6I14OA,0
RGNDTDNLIF,0
DJ5WI7JU9K,0
8ARAV3AXZ5,0
WA28GZK9M3,0
MIMVGK9BED,0
G3VPAU85JX,0
OXWU5IXGL3,0
PLH3GVAPWV,0
GJVOJG5AAW,0
QKE2JL71N5,0
LC7TAJQQTG,0
PUPT6M0AC1,0
D3PN3ZHV2R,0
BCSWW1L43H,0
7VC2PCE11M,1
D0VO3IA3FI,0
QWA1AQZLXV,0
9QK1EDDF2M,0
GKOQAGRS1Q,0
075OUF12E9,0
49G2VPU3LS,0
YPA7ENA2IM,0
Y0EUTG8CNV,0
IMKN3F5QAB,0
WCO450LT2Y,0
T4SGHM7K9K,0
ZLXEWIHPZL,0
6B5ZKL9R8P,0
YY81731EH1,0
5CPM4BQWS0,0
PXX06DZRK0,0
05U32UGSSW,0
TWNVKI0W8K,0
IWLNDTAA9M,0
MTY4RQXWMH,0
NP5CLZXI1C,0
P9UQEVLNDM,0
073EE0LTCK,1
7JM5B22EXU,0
U1AA4T2I9U,0
HHCROFKFH8,0
ROZ9FF1MAW,0
OEYTWPS1XB,0
AZDBQIQBUS,0
UERPO9741N,0
C35JJMLBE6,0
6O5EKC9RMD,0
E4GMUABIXK,0
6YVBJQQ3VX,0
0SWGF6M5AE,0
9DHV5GXQWX,0
HLPWYT55XT,0
3OHSXIAY24,0
YGKG157O15,0
4D1WVVH8N1,0
NMXADWWC5U,0
PYCON4GAE9,0
XCOAM7OJAV,0
V4LCAQXXJZ,0
B94GMR9GIH,0
OWPIYMP0YF,0
FMWT1X0X0D,0
AM25O56VS6,0
498Y17SSPF,0
CP05GL8Z9O,1
XEP9NZVEQO,0
BJMUOQJ6OV,0
GO9FOQXC51,0
JM3ZVFZZC6,0
9PZYG9E8EO,0
EL5NE05GKL,0
T7OKZJ6WUU,0
LB13RF4MZZ,0
C6IQB0NDAW,0
7GXPJN1E72,0
U79CB1ZKTD,0
GD8AVGA0B7,1
B5OGUMPF7O,1
CGADM2DS8Z,0
37SB5PWO9I,0
MNXO3M48MB,0
22NUI736DO,0
NI0R0J2K8A,0
H7FI4KVRAA,0
NJKZ6MJAQA,0
VHPCKQ962V,0
ZGLPF3J1HC,0
JNNBP4A5MW,0
EFCJQMTB9W,0
QLOL98YD2J,1
4UT4JSWH28,0
BD9IG14OPU,0
7IE1AP81PZ,0
VELGDQY40O,0
NW9RAOT8SQ,0
QW6PIAJVGJ,0
XIQMLDR96T,0
DYNBA14L2C,0
239OQ6G7JW,0
IZALP594HP,1
AILJRQLQ5Q,0
6RK2TQMZBW,0
8J85LZ2RV7,0
Q47ZUZNZEF,1
DVWKIWW7BQ,0
K45AWETB09,0
N2FBNWZ95C,0
AY7IPMJ78N,1
S4AZS9EVLC,0
KRCACMUFL0,0
ZGXFDVBQS4,0
ENORP72685,0
AKYHXIPK7E,0
PUO4WI8A7H,0
UP8JSR6TJF,0
6SS8HYDSX3,0
DR7AK1QP0T,0
LTGFT7N9O6,0
FYA0BZ67CN,0
U3905NSIC8,0
7YKFXFCD5G,1
O81ZEBUMGS,0
DEW1NCTWCA,0
DHFHJBCY3U,0
7KYUT4LIJE,0
NGPTHH6FIS,0
Z7TZ42DFLM,0
9NQMHHLQ3B,0
QSZ5G1L7XI,0
KZ3XEW7G52,0
76F9UH3SCW,0
JIB1LOCFE5,0
22V75W3AWU,0
8R2HA9P5E6,0
HJHX9QX71X,0
ATF653FMQU,0
FYYBQP5W5M,0
AAWIKA5BRB,0
MLICWXD976,0
LD96VALO4V,0
THX306L4PX,1
8MYRCLLSAQ,0
QICM5AEJBO,0
XHV4V1YJ9I,0
QFQ4YFHLIG,0
KY9HQKJGMX,0
5U0421DP9F,0
UZ07A8UMGW,0
BR16FYICDY,0
M3LLH4OQ37,0
GOGCD52BO5,0
QAHP4HPWRQ,0
ACK8U50XB4,0
QXOQ8WPKFC,0
HOICD7EON0,0
CGRJPMZB6C,0
73ZCEHH5D0,0
7VRCAYJFFF,0
Y059FHF7K9,0
W1L6E8EUQK,0
LOD7UTG04B,0
V4Z9YWKP4A,0
SOR9DH2Y64,0
N9Q1KCU2F2,0
MO6LD1USC3,1
6NC0TMQPNC,0
TRY2YMHMIO,0
28O39T1CCC,0
8V8R97Y6Z0,0
KQZD0OWYJC,0
T29V67UTZA,0
XPMR3EMQDX,0
MPAKLKCHHQ,0
LO0M6FEVFN,1
FKO04BHW0H,0
0V5PR82IG9,0
WPB8XH2ANP,0
5QWFRENKOK,0
NBSBMH4W8W,0
4DL08NNONJ,0
FGCRONY79V,0
OVNDSOC40E,0
QH8M3I5SRL,0
QPVMLCG4BR,0
8NT977DWJY,0
SBS75IC2N2,0
I8A7LFHLHD,0
UCHWEOX9DM,1
46OXVSPRSX,0
0XQHEBDSLV,0
E7D6G76E2L,0
DFA1XPXPSR,0
0RORABXI6S,0
DQXUM3KKHF,0
SZ8DJ1MFG7,0
OUICLG3P5Y,0
YMF1A4T12Q,0
N9KC9ZDLV1,0
X9PGOA5UWK,0
MA3GWHNDPM,0
57KEKDF566,0
8NNSWH71RY,0
NEOLM782GJ,0
XD1OKNQVHD,0
VCPVKH6KIG,0
LNMZ3031JQ,0
U72TQVLBMK,0
ABCCUJ6AFU,0
21KR4F1JR1,0
T3OL7CP81X,0
P1WKSYTPLA,0
FIHQF9X4SI,0
MYBYX9BGCL,0
9X8TE788SE,0
38XYQGIK80,0
EEVDVKJKBG,0
IOKPSH8GU5,0
GX3VT61I4F,0
O4RW0XQ6RC,0
KADZVGQCEG,0
3D3KD72UQJ,0
WNNS9XCQ2J,0
RU9U1F5KZB,0
WQ0PUJCUUO,0
48TEIMQWSZ,0
OERDMWJIR9,0
TK8M4OXW6R,0
FVOBV8CLG9,0
UV9N2YDIDI,0
LDFIWBXDIR,0
QSJLF6GE0R,0
4Y9F49LQCL,0
SXSI2QI1BK,0
OEQJVQBAO5,0
I4EQJJB6N0,0
XVGZZOAJIE,0
O9LPGJC9L1,0
0G4HVQK9XJ,0
W94TVU6JCD,1
CNKJYM0KPF,0
H8NZ72AYDH,0
JO7U14W468,0
L0I6LK5X7G,0
6Y3S2PYR7R,0
V8CJQI1IZ5,0
9KIG8KTFWK,1
IL8K51KEKN,0
9V281NQ85C,0
O7YRMA0613,0
3TPSX3XUWV,0
2HXEEWS1OO,0
U3D98TUZ9H,0
RN70VL3CZI,0
91JTUCBPOE,0
9P4U600O68,0
VHQGVTOU00,0
DDQ0EHALDT,0
HE31FZLOIG,0
0LOWK6RXXI,0
Q2OC2206IB,0
RCTHV4KV25,1
T8F4E3VHG9,0
R54RU2GIWN,0
DRVNTFOX7U,0
GRCA059FCD,0
1WCA9UDPWG,0
YAUWEI55XA,0
OYJZ9987U8,0
EHSEQJ4AM0,1
ND1V6C95MM,1
SR1WV0LFBS,0
SFRCT5DQYN,0
DTTVBHHVMD,0
BMU9K4LL8D,0
V1Z5H1ISUC,1
KB9BKHRPQ9,1
WWNH9Z3OZQ,0
9VNSWW7UYB,0
2OOTSH7D14,0
G9TCGXDP7Z,1
O2TNSSHY10,0
473PKJDGM3,0
PY9HHLXQYB,0
K6A0R325RH,0
O8S26L8612,0
Q64OMBDM3P,0
AZILV9PFW8,0
9V61I8Z1R7,0
2DJVILYW2C,0
0E0MZ44L9G,0
VQY05RNG8Q,0
ZLXDV5LPYY,0
4W5AUHLU1R,0
ZD6BNJ8HUB,0
0UC7ZJS1HU,0
FDW6O2QMLB,1
OFQMCX2Z37,0
J7R6Q4MAO5,0
SV4ENMCA9Y,1
5UNONQXU0D,0
3MTHSIJSZL,0
YWX4KO9RM3,0
W1Q3XJJKP5,0
17R0CJ1QZS,0
LJHRCNDXHV,0
T1FSXJZ0BB,1
OAMESLJEH8,0
IV37VKWM7Q,0
6HB74FQJN4,0
JPPEE09FBH,0
GA5O30P9YJ,0
RZTXA62V7D,0
WRP319K5N8,1
DOSBB55ZGQ,0
5UVGPK7AN0,0
6BCOMSVAHG,0
IH7NCQ0DSX,0
UX85G548XR,0
HYK1IAK0QL,0
A4KKY9AZUP,0
81Q5ON0FTA,0
KDIT70OJUM,0
1LZDEZU01P,0
9CO9N0KZOL,0
WV9E2MF2QB,0
TXTV9BDEON,0
6WLG2QP350,0
X0QAWSEWOB,1
ENPNO3PBTJ,0
SL64RSPTZ6,1
0J43RK6LLR,0
HSWT96PK2X,0
PKTMOS33L8,0
6R5NFLEVSG,0
M0NOVPR94V,0
RUOXB1CPC1,0
XOWB0MUHNL,0
5EZDZ7K2C9,0
P1EJZU63VB,0
JD5LDRMI4B,0
EBKARK85WD,0
5YZ66MCLEE,0
4LRLBZE0WU,0
QJGUMDK927,0
2GUU45293E,0
AWS04IODN2,0
S5BXDIEUQJ,0
T12QJ3GBKG,0
BIX8S04K85,0
S6CXYGETGG,0
KQB2LPCRAR,0
6NQJND3JHZ,0
PUL2WOZPSE,0
F1M2RMSDHA,1
DTY2NCDT54,0
V8NF0019L4,0
FVAL1ZEXV0,0
RRIFWUJA96,0
UWK3F7ARNX,0
K2WJBRIF71,0
810ZRUJOO8,0
5SXQ0YSYKH,0
EK7QDXSH4A,1
TEEIGY1IJZ,0
637ZMM7FRI,0
UYIBOL7BMU,0
VFVIT9JW3F,0
9FN8NZ3H6H,0
E79SI3V6WJ,1
XEFLPQ4KM0,0
UDB60YH3VM,0
G8770RO149,0
7F0HGVAB2G,0
Z6AC5U2YQX,0
UFSV80LUOD,0
F61ODVMGFR,0
ZJVV0NGH4P,0
R1RV6YJAUO,0
MR7B2O4R7L,1
RLSU8E99D0,0
WDDJ6QGUZL,0
Y52K53LY73,1
0F3GEGJ0PO,0
XEMR8YDP4F,0
A5JU5E3YM6,0
Y5MGCZWFR4,0
2GLK0GGQK9,0
R3IUNWZBLY,0
0H3RWYNJ0D,0
PW99UMRM7Z,0
27JTM4KIY2,0
DJB1ZVJ728,0
3V423MQMKU,0
40OVAZLG1M,0
WSGWHW45QZ,0
HKFAE8M10Y,0
6A219ZN3JC,1
61WA97BCTU,0
6HXFXXX1OW,0
VBB7SBQ7YG,0
FLR5TAACKQ,0
TCSLKD8BO0,0
2PRP3IJFE8,0
WZUSTAWH1X,0
4IH9PKTHPQ,0
J4TOL5LLVS,0
KDUEQNCK94,0
FZ68TSHO80,0
ZBXVKPBY7O,1
Q23PBDA63Z,0
5ZA2EFCT41,0
5N2BYFESXX,0
046HEJHDH2,0
H1NQ357XIH,0
4Z5AHBNVSG,0
1L3XLM59Q2,0
AJEF0D2NB7,0
7K0HQ6OMF5,1
EJ23HAVZ5C,0
WDLBQ25V64,0
4CYZPFJXS7,0
6H1AB5PUHL,0
6AK0OJDQUW,1
QSNIP22R1E,0
E9UUTISU2D,0
OKL6TT1ZA1,0
ZMG7B88GE0,0
2TT5ZMO5TM,0
QB62DJMP8Z,0
LJ8SPRNOZD,0
UX0XXSB6ES,0
0DFE5UD21V,0
KPVL3VYUKH,0
LJO8ZD746X,0
PWXSX53FPI,0
20YH83LEED,0
4IO2KHAHFX,0
BSEDBFTBCP,0
N8WBZ7A1FF,0
MNYESBHRNR,0
Y3M00ZUQFV,0
WF5V6VHBYF,0
XID1JB6MMX,0
0H8NJSFCEU,0
34YJKLHRWH,0
I1NOFITVPR,0
HWCILZJBO6,0
7C658TOHQO,0
Z9ZFSGYK87,0
VXHJPCYD7A,0
PS98FR8IF5,0
S78LR0RI4C,0
AIH2ZLPVQY,0
WMASNVQJHW,0
1WR8JR0H7R,1
8TPAT20AG0,0
LVE5DNF2T0,0
OS4NNXOR8X,0
RWR1A2QIIS,0
VJAEQJ11LP,0
7AW4RH4QYD,0
G7KGM4O4DS,0
YC7Z8QKS2N,0
7YCDNJUFVB,0
SY2YE7WWJY,0
OZ6L099MX7,0
8TWC29KANB,0
FU8M9OV3YY,0
8VJQ4KHAQH,1
L1FVD9VZKR,0
SU6CMNUMZP,0
S5PJNIM4T6,0
9WA940BXY9,0
UYA5SQAOEI,0
WL7YM73IQT,0
2S7PPPSTYQ,0
LEC9NN16IC,0
4PPY2ZNQR4,0
N1PVRX6T1P,0
IYX9D4RIVC,0
8EJBPTO48I,0
C47JG4L3Y6,1
MNNWW5BI8Z,0
VAJOC5HK56,0
XKLVWTBGEN,0
WE46CI7DGG,0
E4LCQ7JQXW,0
53XZUXDGYJ,0
8QMDAE6SM5,0
ULBMX6MAX4,0
ASXMYSR84G,0
8C0E91QDOU,0
FYF8QV7RJF,0
UXLXITNTIH,0
1RVEK0NDSZ,0
949EWK2P7N,0
7G90Y3H0L7,1
4BZ683TOMT,0
8EJOPUQWH3,0
3E37V5TRPP,0
YMEFVX61X4,0
BSVEDUJYHV,0
T2IDDZNDK4,0
DWYWX2QNGG,0
4G41APPZH8,0
GR6Y3UCHXG,0
YWBRAUHH26,0
I6UE550BSZ,0
83VY90R0UD,0
X3A2W6JE19,0
Z3QVYXROOF,0
3Z2ZTOIC1A,0
OZZATF0GU7,0
8MYFN4JNOJ,0
7OH923PV8V,0
Z6ZWRQ66L8,0
0V7HCPKDY2,0
75VUI4IFI7,0
5NDWVMQQX1,0
OZ98IP0XJA,0
MAHQ784OEA,0
UH9W9B0LY6,0
04NGC8DPHR,0
2JJ6NIF9SA,0
OGY7UJ6YC3,0
DPB2K7DFV0,0
YGW5OS4FZ2,0
PVO6G9X98Z,0
I9QRQP3HHT,0
K4T43ULCJQ,0
7UWE5STZ04,0
QAS6R4XCO3,0
8YS3TDB1PR,0
T9TEBBFV5M,1
Q94Q9T90XQ,0
F01I9CCH4T,0
7XCM19YGOW,0
SL6F9VOUBL,0
9B76OVGNOS,0
MR13U7N2Y3,0
I5U2QDLPKY,0
Y0VV56DMRR,0
R9BD4HD08A,0
QLE31IHUZ5,0
RUGOBCW1M0,0
D1W17MS370,0
UPPJZUTFAO,0
C7W4LNJ4BO,0
H532IOIZXU,0
AL6225ES0T,0
VZKRJJBTB6,0
7O5W8NKJNM,0
M8OCX5PJ0Q,0
3GR9UWCJNM,0
5SIHHX90HZ,0
CKMU74WZW2,0
YVYHIHX7NZ,1
ZGSITO30MC,0
IY9TWLGYIL,0
0DAT6EH5A1,0
6UGTIMV1X8,0
V5XLAZ9WI9,0
J9U3F6P3NW,0
FQ9JVQZAZU,0
SCGW8EXKXM,0
OHWJG3AI7S,0
72XN4P3MKT,0
EH7R8VZE6F,0
TER8WMWLQ5,0
6SPZTEGKDR,0
GZNGKI2TNE,0
0T0MRTD310,0
5QLWRM3YIY,0
WSLGA124VA,0
KXBGTX71MG,0
E1FW8KROW2,0
Z0U8BPAU59,0
500G9HA4CJ,0
4EK4Q7HE9M,0
2Q1QQ2A68P,0
ZUG52I67AK,0
7D5ODN8SGJ,0
F01UKFJHUT,0
EAIQAK3OMM,0
XKWFFV1PFM,0
JKU4A38XRS,0
WF5WBN12L0,0
E8CDY0IY4P,0
7TFVL2I4M6,0
CYB2Z5CY5M,0
KZUGKOUZO2,0
ZL99K6DWD7,0
FQTOINRSI4,0
K4KXU3KGHV,0
RGRUOW0DP0,0
Q68V89KW22,0
CVQX9XUO3N,0
4W0R7QCZS1,0
8GC2PWHY3R,0
FASGFWVSQD,0
1UE0EWKFPK,1
PC9SVFEHGI,0
Y6A003KQO9,0
ANA0RNSPRW,0
9OZRGQ7MO9,0
RVIQH9YXCZ,0
5JPUUVA2UE,0
QYYWASL0I0,0
ZJMDGV4KES,0
ALG5HB02IC,0
5AD7EINC8T,1
MKHMVE4HWV,0
RZQ3040P1Y,1
4YWHRVQACD,1
01ELHGRX8P,0
HUWLS1U3M6,0
LPGB29H742,0
2MWVFOL12F,1
NJ05G8UQJC,0
NTOMGPC1UF,0
0J2E6A6LN1,1
51HDZSU7B6,0
VNQUUE8HU8,0
P4J4727W2L,0
32P37NEKS5,0
K9GX3HTOVO,0
K73GIX1EZ4,0
6J0JRZHTOW,0
V1IWP2JQL8,0
7FCM844IBL,0
PNI6ZG8OFR,0
UJN8T8VY5S,0
K7LVHUMV4Z,0
5AAOSXU3W3,0
2PH30EGACV,0
IXKOJ510LF,0
5I14HVY3MK,0
Z9KJUCLAZZ,0
E7WELA7DHJ,0
MFVSX7ZDS1,0
AZUXNBUC7W,0
V3RE8N3D8H,0
XWDULJPNBS,0
2KNOY6MFPM,0
NRFECPMBRC,0
A754QYWOW2,0
UH3I3ZQ8XW,0
22XP74YK5I,0
XI483406UO,0
3JVVJIOOFQ,0
Z2X8V512MR,0
KEK8Y3JOWC,0
9YA4GPP415,0
UXA8IYWEJ4,0
4KBV2P1LXX,0
NUL24VWIU5,0
TJ6T5328DZ,0
FPLMX6J3PU,0
D95Y3A575Q,0
GPNXLWG49F,0
ZX8SBLET6S,0
NRQ1PL0E76,0
2PVEXDTH5L,0
9HF259WB4Y,0
XLPIWO8UVY,0
Z01HCL93ES,0
CBENUXHBJA,0
2L11QZ9UTK,0
GV3RBV0C4I,0
J2YADFY4OM,0
VZMRF5AC38,0
NWDYW1HMBZ,0
NIJKA9PQT6,1
8KWCX5NJ56,0
OOUPR8YG0V,0
XS234FWK9T,0
KCGGVH9BCE,0
WQUC8GC8MX,0
WL7CA9WB3B,0
WAXVVAWBDS,0
TMVQ0DKWF6,0
R1N75548KB,0
YM7I0AK1M4,0
LPBUBIEZUA,0
XMWYKB3T5F,0
G8Q1B1CEWZ,0
4Z5B749EHB,1
O5SUBTA9I8,0
773LLP60Y8,0
F11HW1NZWV,0
AZ03JHZPMB,0
COSDL2TKPR,0
WW9WTZBY9E,0
FNDRFTMOAF,0
0HU7CIU2AH,0
3O2VTIVVLJ,0
BIEDVYR51S,0
DXWWS5UOUO,0
QK9DQ8HCK9,0
9A1RS1ZHWG,0
J4G4BGMD3I,0
WQAUIIKWL9,0
RW56A766YK,0
XANHN44NK4,0
RJL2L1M0J2,0
0DJD2ZMUXI,0
D2MOYD83R7,0
XW7RO76D8L,0
QVL36IBK8H,1
32F9MJ7R20,0
AUQ5ON13YT,0
J3UPDYYXCS,0
OVVZVISDW5,0
T78HPUM8QM,0
BLMPSYB3YJ,0
AA0RZ4QCOV,0
Q67EA5Z1FH,0
MUQN0TDSPZ,0
GFDA1QNW86,1
MHEIWBF3FY,0
AQFBE48SUK,0
BUW6G8RBZI,0
J38YF91TMN,0
LWPX0RG8JY,0
D8QFQDFYKO,0
BMJVP5HT0R,0
N09ECLINLL,0
IVJAPQNXB3,0
UFTWDC14DO,0
Q12F72PNFS,0
APH7QNCE39,0
E7JAL5CRNA,1
84QNO46V05,0
I5RHWFFR30,0
CRBCB8L1L7,0
KP5RPY7R8O,0
NA5VV0H7WL,0
30ON92OVJO,1
Q37EDQHYTR,0
7E869K07RG,0
QSNQHW1WAT,0
TLR0VT05LI,0
01LU9RHQ9K,0
799GUZB0FX,0
07GUY88RNL,0
BKDVIMLJT1,0
BVWU0YUSIS,0
2WA5FCW8CN,0
9KYP07XAO5,0
2O5WNQS86H,0
1XHEH9GJGU,0
Y75IYS5HCU,0
SU2RHGPP4R,0
HL2RR5HMSW,0
YWNPVZPTQ5,0
44PZ2ZCLXT,0
EQGZ4RTVDR,0
58FDY9X4UJ,0
WXRLXIUCPM,0
DFLVUWS49H,0
L16QNRG9N3,0
LKI59RDVLK,0
HZ3PDE6SQF,0
XP59DOKAZI,0
G5P5CSB404,0
VWZHWMTUKT,0
3WZ54Y9M2H,0
GO8WCJLQ9J,1
TGI1P1I3XR,0
QIR3WAZVV9,0
7LKN00R1PQ,0
Q6A20PA7L5,0
UM8D0JW78F,0
UZ2IE3DL7U,0
0H3IK8F4O9,0
6J26416KL8,0
AI4BVB6S5T,0
CWMKKDQX38,0
CTOKNMHXNF,0
DBMR9RNQ2V,0
LG8OSPPOTZ,0
WTQTSKZLI8,0
T53M5LV3IK,0
CFTJL66XWK,0
9UNY4R0MF7,0
ARN8P5PYGS,0
6MM1E8T75F,0
5CEL6L7XLW,1
R9BDWU0QE3,0
K3Y7T369MA,0
2QIGQV0SGY,0
M25CFW1MUO,0
4GZF25I6J7,1
CA9UUEXJH3,0
LCQQYVT1BH,0
5B34W42CO7,0
496M9LN24E,0
9FAK265MFH,0
IE2NFUS3CM,0
OVTBWSB8HK,0
FT48ZXBR9R,0
I5KO6CC10P,0
05I4Q0DCUM,0
8EB0IIOHQT,0
9O3L5JBGHQ,0
LAMQ0ERXAJ,0
VPTQDZNEWS,0
YB9FIXD2MH,0
9Q9D0HUBEH,0
41DZB7G85U,0
95DSSMLMWF,0
9AJYSOSGC5,0
XIWZG0LWLP,0
QNHRSRWY0C,0
MQNX9ZB433,0
GWZDY81XWU,0
SCTGINLTBG,0
4E55RI8EJ7,0
8JG5T6VLVG,0
OFXFVX1NQT,0
9AWVYZ40L6,0
F79O7JFH61,0
RY4P3C4K49,0
KG4VQOEFQ5,0
QNQ4FOP9K0,0
DPWB7E0MFS,0
UQRV9UX8G7,0
FCJXYL5T0R,0
CM6T2XNVXU,0
5S8OXCZKVO,0
0K2M88D0Z4,0
KV96LOO1EI,0
4WOK0YFDL8,1
1KAYNPMGKY,0
0B5AZQSQ7P,0
QVQUA374HJ,0
6YH50CZUG2,0
Z1QB8733ZS,0
D1VU4B1DFV,0
B2PQ4DWVUU,0
VZ9SC7ANYL,0
F6SHRKA8A9,0
FQPO8HLC0K,0
LQ61SDS20I,0
0QK6ANMERU,0
P9HQQK91Z8,0
4IQMCNYO53,0
TBXB0PLUTI,1
W471EKIIMQ,0
721QSYV0XZ,0
N7VIQ8YQZE,0
DRQ5WN3BLJ,0
08WWS725A5,0
QORT57CBH8,0
URXFI3I4YE,0
Q6LEXALIEQ,0
YEFVPYQ2LV,1
QEBX8ULMMM,0
QPK3YQNVXS,0
AYYQX6OBEN,0
3567U1JM1T,0
HNKAA4F8IB,0
WYTPN5RS74,0
W02935SHM5,0
BK4ZWCAKEY,0
O25B5V1M0B,0
S5F6Z0213R,0
MNPL7VZERQ,0
KJM8ZWAGLY,1
IBYOOUBX24,0
5HH894Y4K6,1
12VG2GP2NY,0
TJ064HRO0T,0
WGLUPHY5CY,0
CVCDEWR78M,0
4M8V4VUE27,0
9X0Z9TWV4O,0
OKIY5XNS35,0
3A8SK9A7UA,0
Q90VYXJ688,0
TRIDJE2BE5,1
RFZTIUEOH7,1
T31G50314D,0
AA7778FJW8,0
BK4YEZDLWS,0
JAM7PI05FR,0
ZHZMJ0ORB3,0
FIEX58KRXP,0
5C1NLA0ZDS,0
6Z3IWSWWSU,0
EFBS0FVOJL,1
HGXP2OU2FT,0
VJGSZ6WZ7M,0
ZZB69102S6,0
6T5EAB943U,0
2DLHYO9TYE,0
STOPCDNBOX,0
N4YF9ZJWPR,0
HY8U8TQMZ9,0
EPTDO9QI1R,0
NJMXHKNF3U,0
K4C99K7BQQ,0
BTK0QRMJ86,0
WDPD1NT26Y,0
ZW6EI8JOLR,0
5BGE20QM3R,0
GXE9G31XQ1,0
23SEQSR8X6,0
VRXQSKWQS2,0
H6C4L55XPM,0
TROAWVUUQH,0
6VNR0QZGUI,0
TKBBEX02N5,0
7YH6H31A6D,1
47NYCJL5J0,0
F7EU64PKPH,0
HVB03VG1GM,0
YM0VP2UL3Q,0
2P6SHWELC7,0
E3QUYECYTL,0
C13MOC70UP,0
P5JNLU4D72,0
DOC0VDSDQI,0
A7ERLP6VM3,0
PKN4QV3974,0
YKK7QTMEW3,0
BAAZ3N0MQ2,0
06C7YUR5GL,0
J61DCYD0L3,0
U6CZLKMCE5,0
F54X4NMJ3J,0
ORSX5UB250,0
3B2PG7I19K,1
ZY7L943UMI,0
ZKY37F14EP,0
OHI69OF86Z,1
VHOOEDXH4U,0
C8NP93EUJJ,0
FHVMLVXH9G,1
R7IXTZSNZ7,0
YE2XF5K1D9,1
OMOZRMHKT6,0
OZH23UHQ1A,0
F6NCWFABDT,0
90LKD2NCGM,0
LEQTS8OSNH,0
CFWXDTVXO2,0
KW483CPP34,0
ZYZD1735QX,0
JA97HCU5W1,0
VVDJZQRFR7,1
54FGJNRFTK,0
WU2RA0OFI0,0
EUPROAETJZ,0
F1YXYHCGKA,0
FN0YLO9QDY,0
8UQJ6HJKD3,0
URFB9XJ8CP,0
XA60GPZB0H,0
RQQLR4GO7D,0
GMF9UW1RS8,0
99XK2EVENG,0
6VWRPXPH4G,1
P6VXN503QM,0
FBM19PA64I,0
VBD2LR433N,0
VE18FJD2E4,0
F67TJPQ4HF,0
WQHT1GMLZN,0
HOM284LJLB,0
BNQPSQ2J2G,0
SZAKPL49SX,0
0ZM95NO3FS,0
NYKH89L83A,0
NHYED7UHPW,0
2RGQ9XHHXV,0
0X63KMMYKF,0
R8XUE3Z3ZN,0
VAR0228JLY,0
XLMW7T52GU,0
0GMFREEFI0,0
IXTXILHSJX,0
9QFCT3N1BG,0
5SGSRHDNYX,0
FTZC6QMZ7W,0
8406EV824U,0
Q35MT53RJ1,0
T5MGDJGD35,0
VIAN9E82HE,0
G8CCS87JS6,0
TWHAZPGMHN,0
558INQRY2A,0
RMKJJLRLN0,0
RN9GRECE0Q,0
NH515WUFRA,0
7UZ3O4849Q,0
SO2RQAR73X,1
FEAEGKV2FC,0
GBM1YFUR7H,0
X7WE1KLWBV,0
PBEL92DJ5J,0
8E5M68DU6B,0
QPFGIZ5UPE,0
P9ZNWKEOV7,0
OHLD4JZP0J,0
QCA6AG089F,0
DQ3L77NLIJ,0
5EIS9H90CJ,0
SWBCV2GR6M,0
YA5JWU4W4B,1
X8L0UPIX2E,0
VCZOQZ51UI,0
IS15LZUT9J,0
2EEAX8PQLY,0
CX0A7ZNGXH,0
QUPFHQY95I,0
F7R2UPQMCB,0
H9HY25VRNJ,0
PDUJZSU2JX,0
FOSWCDKZRV,0
0P4676IW38,0
GTGOBFN4K7,0
XG5WOJQIG5,0
L5QB8J8DQY,0
VJW5BB3YPZ,0
QXS08936T3,0
EZ6WLLZY3G,0
BL11RK7DOS,0
X0C45NSFCC,0
MFIM5WSY7Q,0
6RV24FOIJT,0
08EDQO3IWT,0
NX7KSCUSMW,0
O84S3FTK5Y,0
PK24EU90KA,0
CM153KUSCP,0
H515YP8TO3,0
NO1KPK74WG,0
CVCK7I85GL,0
PUZHC7JAH5,0
SPBG0FQ7VD,0
YO7H4PVQDM,0
WQWHL5G721,0
GUV0N9Z9BX,0
DD6FJWWIKG,1
O0E6U2ISKE,0
JBIH3OHQAK,0
ZYD10R059Y,0
8GCRXOVUNH,0
B88VVOT02Q,0
VRVZIFZIGN,0
LWPRYK82D0,0
9WXI8D8M0N,0
NDH9PWXXQC,0
51GLEYZSUY,0
TMD8TL5ZXA,0
FFTAN4H814,0
LA4J5AER0B,0
2U13WTYKIV,0
1ZD8MUVZAX,0
AAGFR4WU45,0
VW31XZ6HAX,0
4YDP99W40V,0
KEKRPW1ZEM,0
APCI3KL4SI,0
J6Z61F8RT7,0
3IP79X0KI4,0
FMW8Q8C79Q,0
Z4W5SS4K0Z,0
K4D321OG3S,1
XFBFQSB68Y,0
6ARLCZSSHO,0
7XW8PDNKQF,0
DRVJJU5S2B,0
H4HXI0LPX4,0
FJVE7YOZ8J,0
GWHA2XFATE,0
Z4D841WBPG,0
0BS7MPOZAF,0
ZCGA6DMWMU,1
SMKJF1O8FP,1
G3A1HBQZFT,0
IH6HO0JSO7,0
TQBK8A9F7Y,0
18FQIK5HXM,0
HI636L8D02,0
7MUJG6FX8Z,0
JCBEB0XRY6,0
0HNMWPZYFY,1
Y2YA8XYYLE,0
X4VFZ8MJ3O,0
UCU5MYSQUH,0
UK0XKJRMGF,0
69V1RKASM5,0
2C1LNA76MF,0
O1PA9WC4M2,0
Q10KFQ7DN7,0
DJYDRJ23Z6,0
8YOL6Z361C,0
SOTIWS890H,0
LIJ2ZPR80L,0
9D2ID3AUCP,0
SKFN2NCJ99,0
GK84NPVLVP,0
NA8XJPHUVZ,0
404WI6MRXQ,0
H9A1C3XKNA,1
LSJ08ZK8QR,0
NZF1QP7QEL,0
LTDBE59U10,0
BUCJHEOLEN,0
94AZNK49XT,0
R5H13YYJ84,0
DID7LFYTYN,0
WABMNF4O6Z,0
57CX89FWKM,0
3P6BILHCLH,0
0VL8W47S1Q,0
XIRP60UUEP,0
3UMCJCKOWZ,0
0PGHRCQZ6V,0
G1REDGL1QR,0
XG2XBCAGGR,0
QOU1RODFZ2,0
HGKPJQN83E,0
YW47TF66Y8,0
ADO8OURAAE,0
RJEERDLC4P,0
IXZWD2Y3H8,0
W1NPZX8IAH,0
IKZX8MJZC7,0
A2SOGN1L0H,0
FJ5T8JJGUB,0
A6OADZPWAQ,0
6PJX75410C,0
7O2P4KH3SJ,1
WXBBNPMECN,0
3JUWM8OW1N,0
RYCNH85IZO,0
W0UKTDWS13,0
2BC3C5QPUE,0
B4X3J4C65X,0
OKT3UNXC3G,0
VNL3CO9KKE,0
HWNP9AVB24,0
Y03XQUPCDG,1
BJDITMSYCH,0
YC2MA5WHDK,0
7N19Z1IZC8,0
2P3D1D6R2L,0
2J3WFIQWGS,0
IZN3G0H1PL,0
VAQJA38XC2,0
FEJJT0WUPO,0
XMJZU6ZSM6,0
HV56OV7F2Z,0
S46FPMBGV4,0
DG8PTVF1MK,0
6FRK3Y12RL,0
PUA14CJLOK,0
HZVMEDHVLF,0
EZHK6ZCXU1,0
3ID3WAQXMT,0
PDQ4TG3LFN,0
JJFUYCZYR3,0
IP6GHITU0T,0
ZZFMKUTO2E,0
MN8XNNCR7K,0
3KGX0LTPP6,0
70NF9GXD6K,0
SMNIPCJ6ET,0
VJDPSXIO56,0
GXGXJ0L0S9,0
PANVURIDO9,0
XZT418ZX8A,0
A4VNRJ8LXO,0
T44HYQQP8N,0
EE02TNIZDS,0
SS3OYQKZAI,0
E07U1U5ZGL,0
Y3276JTTMV,0
OXH1W40DYW,0
1MS0NCAHAC,0
FOR2NBJTYN,0
J2HYF9ROKZ,0
1YODNNX31X,0
G3XI3AP7IJ,0
4LPTTGSMSN,0
7YIOHK1PR8,0
XWT73UI642,0
S3NA6G6NMD,0
CZMMJSE0KI,0
YW93LNZE4M,0
RJCF8CJG9G,0
BXU7MP3HP0,1
QVIKHGG4F8,0
4BPYGIKLF0,0
43CP67JG42,0
32E61N3AQF,0
CK93DL024M,0
S9S2IUMZVS,0
JNS0RPNHBO,0
R0QOF9BD3N,0
R8588WJETX,0
T64W9GNQE3,0
8X1ADOI9MA,0
ZXD3TPV4LY,0
X60O08GIN3,0
5Z3Y0O8A7P,0
NOHFCL491B,0
AHY7ZTY9HV,0
YRNX3A0J1B,0
EGBZ2D6RCC,0
PNFCMVHTW2,1
EFGFOPXKV0,0
PFBASDIURT,0
FXCKETGIJD,0
KFZFGC4C6J,0
9CHKBDHWOQ,0
LFIUG2N1RG,0
S32HMB1SEI,0
OS2LNBTJSW,0
BW4I1PXN8E,0
Q4CVT4GKB2,0
SG886YXUMH,0
0N53ZAP1RT,1
ZTT6WSXPOY,0
WVETL01Q68,0
V3OO2B1NUN,0
HGCPLU49VY,0
NO5R3Z2SIR,0
K3VI4BWKO7,0
FLZ3JVM69O,0
1OBD4DRVI1,0
467BFAEJ7F,0
QYRCCJ11G4,0
AODCIM77Y8,0
84ED2BD57X,0
JEWEOBZFPU,0
YA9DLNIFV2,0
DE1J3UCW8X,0
ZTK8MXN2KE,0
NH830XMH58,1
75WPS5DL9C,0
YN5OCZRDNR,0
6D0R0A2TB9,0
SDVF59I92E,0
NUEZ5FCD31,0
X0OFQ6XY7V,0
DXVOVYTDC1,0
TRO69Y73K5,0
R6HJUEK1FE,1
09LVME1IT7,0
LJR1MBP4S0,0
I6CS12B2TP,0
CFRHEPNVBA,0
6BKZHHWVHL,0
10NG1YX2KJ,0
Q1A645TF9Z,0
UVY8OAKO06,0
GTAF5732GG,0
6J4EN3L7AR,0
WQ5Y79356W,0
WA5IZNQZW9,0
Q99M9QVH9O,1
E4FI31DAKZ,0
MBCRHXS4Z8,0
7MPIJBMDDY,1
42V5NUJGJT,0
VBBMN58RBD,0
DI7MRC3GF9,0
ATIZ5KJVWW,0
SUA3LNORJA,0
J366YW6BSB,0
RMFK2EXH8K,0
CV18MB05RD,0
LOSCKNISMY,0
W2DDRKIBNS,0
TESKAT286A,1
04CBC5T0HK,0
08UYNAA64N,1
XMZVXU5IP3,0
MSO6MD2HZ5,0
630MAHSZXB,0
XYZ5P5R1PP,0
HK0G8DPX8A,0
NFEVCXRCR9,0
6350ZPWATZ,0
6SWFVRVP82,0
8KZZJU5K3Y,0
Y2DVOOTXIA,0
NS2X34P0HT,0
Y9TLHTK60L,0
PM7NIKOJKX,0
SIA9GNQRHL,1
WZJSEHZVDX,0
LAGZL0XNV7,0
UAGYCUF0UI,0
S4KX2U87OF,0
RLVQS1SP71,0
1S479JL5VZ,0
27B9IT5HVK,1
IIOIAXQTBV,0
6QANDTQ1L7,0
V3SRL4S8MO,0
ULGSXHV4HU,0
V01F25ZOQ0,0
MNOFJK3AQG,0
RL16EC630U,0
4SIM1H1K24,0
71NX22NMEM,0
K3B14PD4ZN,0
2EXVGGQR9K,0
XJNYIE3MC0,0
YL25RCQWPO,0
TVIPDSFFV1,0
RSFKQYRVK0,0
VOHZQTO9LG,0
LTBP38LVYN,0
U028I8KIRT,0
FAEHPCK0ZB,0
2R9ELX92LA,0
MUDE0J6TJW,0
LW4ZHBUMGG,0
SEO3VITL7J,0
2DM1PCCHTM,0
W19AHG6DNL,0
OOBX4OP3IB,0
VRV15ZOM5H,0
6UJN6A6H06,0
AP7DR4FTGH,0
59PUICZQDD,0
WO684G3090,0
KN0Q7NW9J1,0
ZPWCUDYLNC,0
T8QHHUPNS9,0
IJKZZUNKJG,0
3389RBODE5,1
2GMDI7ZLEB,0
H4LPKQ8THF,0
AZQPWCDOKD,1
BY8AHKB361,0
RV4NN6RFDJ,0
WLGRY9XTDE,0
2CSSK77505,0
HSTPS24MOQ,0
3KND0YQPL8,1
JIO4UKVAL4,0
D0OGHT069K,0
RKKZKGULLD,0
ATEKORBYKE,0
FJNPRJRIMP,0
G59WZDWIEY,0
ULUO0DF2HV,0
GQL27Y3Q3H,0
DE4NG4EQ1H,0
L74EIACBHY,0
G5YS1E69S6,1
TIAAPY3V9A,0
47SAQIYKVK,0
90C36LBIC4,0
O0M0J56YH5,0
DXKGTH3V5Q,0
SYDSS36F0Y,0
DWD1A0E0EN,0
07I6QGHMTD,0
45JA1WY4EM,0
1ZWSQP76Z7,0
SB53NZ8XU6,0
29CDOC6FCO,0
IGBCICVI0F,0
34J8LZW1IA,1
BJR8WVSZQ3,0
2IS7VPD4O1,0
Z5TGS9KAS8,1
LA7XJ7GKJ7,0
VECQMA2SJR,0
DI5Y516C0O,0
DQ7628GY22,0
6YUUUKOCWK,0
UPQOPL3T8O,0
7T8O5F5C2X,0
T38GZMLDM3,0
F2F8HIMJXT,0
USAIZBHLAF,0
EOGM0TI6GW,0
WEO2S3D9FK,0
W16DYG7O2T,0
1JVODTXJG1,0
FUHDIOZ2T8,0
3HICY3WTQ5,0
R1HHFIZRY1,0
DMXIHQOFP5,0
WY8S6LFJNT,0
MDCY5EWD99,0
VU90CT9A60,1
FUEGS9U7Q6,0
OEEGFDQYET,0
NFND2OIB2J,0
IONKSM7LLU,1
Z33WTHENCG,0
QAR5TI4U2N,0
VJLW42D1ZU,0
UQZ3T0Z8IX,0
XW2TAUGNRR,0
7L0XZQ6OUU,0
SFKAOOX0A4,0
ZN13DXCGZ5,0
DZQKO4VO13,0
5XTGI4PZ9I,0
DVHNLML6NO,0
PECFIKVHLR,0
8L6UE2LZRE,0
V75TTC0IGR,0
OIFHF5NOK6,0
NY5INGGJME,0
ILMTVBFZW5,0
2AQ9E2ULLH,0
HHNFN1C182,0
VZSADT0Q7N,0
4I4QG9ZUXM,0
G3AEFVYLJI,0
PISBSDTEDK,0
MS5QBCTXAX,0
CHNM4LOHMY,0
TOQKYN8KRE,0
D1B8NN0ED9,0
HAGM14V0Q6,0
RXNDB581S8,0
GDF1EGA4P3,0
58Z2RCVLS3,0
ER7S36UQ7P,0
8JS90UZ99Z,0
YX3V3C0U7E,0
B635HA9URU,0
S8IXBSD781,0
EYV1FUKKWM,0
GLCJL9BP95,0
AOPGEG7DWA,0
636LK4VSPD,0
O5ZW5M6VG0,0
8JPZ9LSW4Q,0
JCMY3YN920,0
ELJ9EW628U,0
V8E3UHASAK,0
JVM049UNP6,0
SFZ413BONT,0
X8SA5CJI0Q,0
LNSXUK4ZQJ,0
ZEMF2SI7A3,1
NNOVMFSTLB,0
S6LW6JZTJZ,0
2X5MEHI3GL,0
UA8CJ2BWRE,0
2OR5PIXS0D,0
XBSK3OJENC,0
0F39D6B82F,0
4GPD9WXN14,0
W1M16VR6VP,0
YIGB6VO654,0
DYQH4U13BL,0
OCIO4G3VQZ,0
29R2C9CPQX,0
QI07XXYXHJ,0
4B8LAH3HRV,0
M7ZPEDTC1R,0
7R9EP1MI9B,0
CDK5IYR2ZB,0
ECORMIBFK0,0
SSOILC5SE8,0
4RF7Q7QH3R,0
LBSL25P4WT,0
9X01TC2G8A,0
NO8UIODWB3,0
JO0H0SYMT6,0
LRTTQAQ4ZU,0
K6NLY3PQT1,0
Q278IM6MPV,0
HUM1RT2LAQ,0
EDCAEON9FU,0
3KC72N1Z9B,0
CNWWZ3JW2F,0
78FJICAZGO,0
9KXYD68HWF,0
ECO7L44Y6V,0
8WVZ4L5NN5,0
954V6GNNDJ,0
QDDWPNM024,0
SU1BQ52L7L,0
6JOU6XZUUW,0
KRRQK6L1RW,0
6X71CP2KSP,0
1DRM92L2J4,0
DMB39JE2N7,0
QL2FC65IBU,0
BW9SDP87O5,0
MP7IQ2FIHF,0
CYA7ISXXPT,0
ERUESEQK1D,0
5D56K7W8PR,0
SEACL7P1L3,0
8UDEGKSS5X,0
9IIVWJTH8R,0
4VSXCHXUJE,0
OI6FN30GP0,0
FVJO9XDO3A,0
4OJXKQTYET,0
7JRU72AQ8O,0
I6QM8RJWWV,0
7LLE99YFBR,0
YG3VGYRNTQ,0
WEM9O8RD2K,0
R1EU4N7DHT,0
7NFA9I4IJT,0
047P8DA12K,0
40OTA8IQ3Q,0
02TAH9SC0T,0
YOL09T1BKM,0
R385TWFEU9,0
60TJHXSTUD,0
ICPF5LSRRL,0
RFM7O08LUK,0
UW06KZUGEH,0
SC9EUDFUNG,0
1VPL25MQDQ,0
XRNZP3BULS,0
S0H57I492T,0
7U55BRBSJC,0
324DFHGLS5,0
FPRWIXVXAK,0
6LSR1HO9V0,0
KVO4DDIEBI,0
NSSAD3DM49,0
WCRU616KMB,0
C35CXF4OU1,0
H38AFMSPLB,0
84SICSTNWS,0
MXLFR77CEJ,0
MUFEFWLVDP,1
FG8BOUWCDG,1
DAC6BD1KV1,0
P32AV7DZKK,1
1086HWR056,0
HXPNCIXFRD,0
ZRV7UBBBB3,0
HJUQ70L2OD,0
AMJ96DRT82,0
WA36C57YKP,0
JWYELXVQ3Y,0
RQ7DNZJF41,0
T7H9VAG6N2,0
CYPME4OXBR,0
NW1X3KGOYJ,0
QOAVJ1XAHG,0
A87FY0RWPQ,0
2X9NY3E43Y,0
AP2Q13I6TK,0
3D8TOQ0P3C,0
5DECDCVEWX,0
XKDDPHX5OC,0
ESUMRWGQ80,0
GM9YC531QQ,0
53HF28ATXT,0
0PU7XREPL7,0
NP5OGKV0EN,0
E7Z07VRXC3,0
CAFT4HKYMM,0
C0T2HKI4YW,0
XW8THGDTJM,1
2PU7QC1IQW,0
IUL5R2ZSWT,1
A64Z28AUNO,0
3RSQJW6N7E,0
NOFVJHQAH3,0
22EILHAJJZ,0
372FZX8R1P,0
G91XELC50X,0
9QAQFKHKTM,0
IXL5DJRXDH,0
5ASF0HZA47,0
77FJKD537J,0
W3291RA9EC,0
G1M33N7TG9,0
M0UPLYN507,0
P9DWXVSXQE,0
42Q4V3909S,0
VXB6MJCFIP,0
6TNE6F6QVI,0
FI4062VQ0V,0
VF7D23AAOA,0
XODKGANK0V,0
I0P9T5ARLX,0
BIZK62UYZ9,0
8TX0ZUH4YS,0
S20A87RKMW,0
VUVQAQZVHR,0
TW00NA32KY,0
C4LZF0CMTN,0
4TYLC8Z9ZI,0
S6CPYFR8BD,0
6YPLZHZ3S5,0
Y0EWZT5ACX,0
YLJ1AM7DI9,0
SXJSYBOMQF,0
IS6OJX7V97,0
FQZA3EW9L4,0
I2BMF7U1JO,1
1TH9GAO5PF,0
A5YCLO74FZ,1
A6OMACCAAZ,0
RGUTI4TOLB,0
IFRGHBBUS4,0
717NQNMDFZ,0
BUMB98YVJB,0
445OZUHUMU,1
E7EXWAGPKO,0
C6OP7DDTNX,0
BWAGPB4JCE,0
Z600RM4WMO,1
Q9UE0TL7X8,0
Q1U64JX5GP,0
5SRGNM5SEG,1
Z4GV4HTC7B,0
04NQG1R9ZN,1
03JWAG721J,1
WHZ9DW54V0,0
HTQYDMKFOD,0
TTMH4DC9TK,0
D5NFJ567C6,0
3JV9KCDHO8,0
4Z71YPYZS1,1
DKXNO4L3WY,0
4GPNYAW96S,0
7K420AJKY3,0
QWBTE6F4I4,0
PNSD8VKW79,0
V77XK4OYA6,0
YHDODX3GMH,0
I9LIARGGEZ,0
JBRLSIYK4X,0
UN83JLW547,0
YX7E2F8F0R,0
BL1BBGB2C5,0
1LOBKTTQNV,0
4VN3XRWVDN,0
BU595W8ZAA,1
XQAEGJNEQ6,0
EJNZM4741R,0
XA94ISK11X,0
VDHMBPICJ6,0
WK9LLVHSZG,0
1U8EJVB1IZ,0
QSKM6QNCG8,0
5D4NL2QNPQ,0
SPNXDD7SL0,0
MPI44BNLC5,0
THNALVBRMV,0
LQ34D1JFG3,1
AZ5PSZ9N8S,0
D3H3XA6HEA,0
88A5W34PIA,0
40LTZ64Y4L,0
EIT4BWHPT9,1
5ELO61O15I,1
RH2WZB1JCQ,0
D4P9K83W9G,0
HTBL0X6JDX,0
3R9N1718KG,0
ZDBH9NKRIX,0
O2S5EFH2HU,0
XRG6LMBJNM,1
2NO2ALP8VK,0
N2DYYA2PK9,0
OGAG8VCGI3,1
BO18LNWRBZ,0
G5ZSWI3KBY,0
E0S8PUCUVC,0
KE6EFLGJNA,0
W0E96P7703,0
JMIF53DU4A,0
LSFXM304HI,0
XVBNTWTMZV,0
NPTXYJC4QL,0
EV7WM1FLFS,0
JTKZ2F0S9T,0
1JVCWV67WX,0
B3M1ACTU75,0
9ADGHK7SZ1,0
T3RB81AMK1,0
AJ0Y1RY5HE,0
G1REDV11E8,0
R31NWWR2PV,0
E5ZYO2QWPE,0
OMDG5APE0J,0
PISH7Q40DN,1
8QBW7RYZ2K,0
0H2GSDP9SV,0
WBZKWTMGP0,0
06JCW3DFSI,0
Q4CHFFXPNC,0
VEV464DN9V,0
3YU8WWCC3W,0
Q1BLOC1NS4,0
RK91KETA5Y,0
T383NBHOJA,0
J7IN2WWG9J,0
1XPPK9ORLC,0
UXDHY3P6RL,0
ZB39XXTBRB,1
7S9UEA3MLP,0
15AH8YW0QG,0
24G0HLF295,0
1QISJW57RE,0
BHHI2OVE17,0
GZURDLEG24,0
KDDRAYS2DZ,0
SF2ABAXMCZ,1
6LHWJSSTNR,0
VAV6EYYFYV,0
BYOBMUEDTT,0
XJIUMCUEGI,0
OO3XU81NY5,0
WHGX1C0F8Y,0
Z36UHCKIAV,0
F1TDYHHXOW,0
FKTDAX3MLA,0
0I7QFKNOOZ,0
VJWNRB9638,0
JUFBYVOHCT,0
ZRK3LS97PD,0
ROMVDNSD0C,0
41OV1MZON1,1
02ABFDDW40,0
TK1G4E41JL,0
YT2SEWRO91,0
AUGGXNSWA5,0
2UN2PRYK77,0
S7K6XPZUNG,0
2HF9B05TME,0
37MQ6OWX1Y,0
32IVQ40OZY,0
QHD6CD4R7W,0
QO3ZMBHVBL,0
7KSZPQFK3M,0
DIKNUQWTNE,0
04UL84KIAW,0
WD6EQBE2ZM,0
WIUE4OAGWZ,0
RCLBCR67RR,1
9NBI8B95ZS,0
SPQRGI1ROV,0
X00CO5UW5I,0
GV9XMB8K04,0
7K7LY5WDFB,0
IY69VUBZ8M,0
ZRD4NDENBC,0
0ARILPG6T5,0
IG7JLYXFXQ,0
OF9S8GL1SD,0
LK9ZWIF6J6,1
3UW2J11S5L,0
29Y23N1346,0
6HCDJHGVOJ,0
XV3T3C1I8W,0
1FNRHT8FR0,0
6SWH6466AV,0
AGZGVN6OZI,0
4TXUCRKYAI,0
YYTEFGS6NK,0
L5YHA3LPE4,0
4Y1J8Q6C25,0
776QVD5TLX,0
ZKPY8B1WD1,0
8HO3440HWF,0
VWU51K6HAZ,0
A511W47NT9,0
DGXX313EL4,0
MBHX4KHW0E,0
ZJS82RL5K4,0
XKCUFTWQ76,1
UXTSMNLNGW,0
DWYVMBSDPP,0
DJFGXDBKBQ,0
8AHTU76OK2,0
TZKCPPUWIE,0
MBSHJ4VIGX,0
UEZ2CSDOSR,0
DMZ74LRTAK,0
KOAYRDBYKC,0
O569S1AX34,0
PVWPOC7WRB,0
8F7WP5JV32,0
BMZ4I7H599,0
X0Q4HKPU5Z,0
DEBESR6WOR,0
BK3QRN0SYT,0
8LH44TJVFD,0
U61NG0ZG63,0
M5OABWNP40,0
K98OHNWDTM,0
BEAA7H3AFZ,0
4DYNMYAC04,0
W7NU2UH746,0
DSF1YDW4VV,0
66UJX7BBAY,0
M2J3IPSFDK,1
28IL4XN4A9,0
4FY9KIQV3K,0
EQR6J0R14T,0
U7LW41SZE4,0
GLUCTESNQR,0
PH6CZLUSJP,0
LYD0H210S5,0
CTXZH1KY1K,0
IGFF0NT1R0,0
KGAZ9KVJI3,0
1G7HA4HACO,0
K44VZ7AEY1,0
J4F6W44O8P,0
IXAX4W1YK3,0
YZHP2SCVA2,0
UE1FR5G4S9,0
G7X8F4RBT1,0
1EYBZUU1VI,0
VJAP7Y4PSE,0
4O7WAHZKN7,1
L03E5A4Q2R,0
ER7DVMLVZR,0
U4Z3DC5EGQ,0
70KIDJ3Q1Y,0
N9H3RKJ9XQ,0
7DSWZ1E7JM,0
9M6X9FAAXK,0
IXQ2DZBLZX,0
RFA3MLI121,0
IQRPTOJYRW,0
XURB9FBQO1,0
8LUQCOEEW1,0
FT1MUJ0G8A,0
QI3O024WAV,0
M2FO2W8DR4,0
SZ6J6B9MZM,0
K12PGW4IVD,0
2YK5778ZCP,0
I53HOLMEFF,0
Q3745D5ZY2,0
AJE1TB4YKR,0
2648SG6IRN,0
1D089EPLPC,0
SGY837O7JG,0
9C2ZYUO9AQ,0
9UBEJIHZRD,0
DHVGDTF9GO,0
KOJW47IVF8,0
KQB4KLV6SF,0
PG0FMX2MUB,0
FZ9YQSST0J,0
0QN6SK79QA,0
L63XPO6CPM,0
UDA9G6IQ0Z,0
IFXJS8YPUF,0
69JZ9Z16B7,0
YN81CBRAMB,0
DPSC3SESHO,0
OWUXCS8FYX,0
VPI838LLK8,0
C3O3TPAVA0,0
1PBGFIBVDS,0
RHYQ8YA0RA,0
QJOKV8AJJL,0
F3W3L3N637,0
YNDUUG6B9G,0
C9Q9Z6EPO2,0
R2BWSLT3M9,0
ICX88TZ5SL,0
AGPLFMNTI9,0
ECWMGB44ON,0
W72BKYDR7N,0
A9NWT5175T,0
9YA8PZ8BZ1,0
9CCH0DXRS5,0
U0D8C3XNZE,0
K4QOP2LVHG,0
E24LEU6M6F,1
5YX3391OZS,0
ZVKUDUEL85,0
W1WF583YWZ,0
KA4DBS4NY1,0
NQOBD63QJD,0
YV4J6K55AZ,0
2OPTUPJ6JF,0
HEYQ5A3A3C,0
MSS2THHI2W,0
FRVGZ35KNX,0
4NEVL2QTGX,0
4Y1XVI0XZI,0
8DK3CQDTED,0
DJZ792OF7T,0
7323TTCN3Y,1
46R59BMJ0S,0
KA8FKGAQFY,0
FIY200YHTT,0
4B5DHDW39Y,0
EJNGF629HB,0
49GV0JD643,0
JK8D3QUNE6,0
5L74OH9289,0
DJSTNTQMT4,0
NSAU5ZTU5P,0
BEKI8UM5ND,0
FSVUFC2C64,0
YCZBF0SLP9,0
97IM0NUDQD,0
U2P8C1JA45,0
EY4OWMRVBL,0
3QOPCRDFL1,0
2UEIQGXBGS,0
3HJZN30IBR,0
MULY602FAX,0
U56QJX3ND2,0
XI7U0KIW02,0
E6Q8QGTWAA,0
A0UK8NBU9W,0
1NLKE0UDT5,0
336BUMFFYM,0
ZVHJHQ9LHS,0
K9E6UVH3YV,0
1KHN85F8QZ,0
12XE1DRFW6,0
V0JBH588UE,0
DLNP8N4DRS,0
P6SK8CGD7B,0
MDRCQXRK43,1
PZDUVLFPGM,0
EZ155DSMKY,0
7B4B3D59FB,0
6LJD2FQB85,1
YY71EIPCSM,0
JKJHGKKK79,0
QBUXR4RJ7Q,0
AO5M2ZCC4Z,0
DY49C6747Q,0
QOBK4286MA,0
EFUM1IYU8U,0
PY5CYC92E6,0
Z12TGWYC2W,1
9BRXKLGOXM,0
GDRK7DJDJS,0
3OSU6AD1E3,0
A59X6C39S8,0
QUB9KZBGBU,0
75TSMSYOMD,0
8FNO1N6QW1,0
2P32ELI7KL,1
0CBPNLL9XR,0
JKV8YN0O02,1
1CT75DUH00,0
2KA92L4XA2,0
FODHVQN82A,0
V96TF5NX9W,0
3HVSEGOI9B,0
E70ZB945XL,0
VFZ04EYGBD,0
27JB3UJ2JC,1
QFRCBZ3LPK,0
1XRJY687LS,0
H0ZQDYC84W,0
G5LCRQJ0MP,0
YE4DQMV061,0
J2G8SVL3UH,0
B1B1LKWO1K,0
QQATXYPO0L,0
LJT4DX765U,0
6I3HR2ZPWA,0
1XV9A9OZZB,0
1T45RBAL0Q,0
TNID4BVS9M,0
QY9IF3DJHI,0
QBNP8J26SK,0
6EU5UCQDZ4,0
V76R6E2SPE,0
5S2YZG7BF2,0
PT8OUFYFWG,0
5T60PB5HJ1,1
J4809DVJT3,0
BSGLRDKAB4,0
A4Z7R0IE6W,0
8XDH4YAKCE,0
T7TNE47ZCM,1
HDJYZ3IA2I,0
H1RKFT4ZH5,0
GLRXULP70B,0
ZU3EZYVIHJ,0
T19MGY85BJ,0
VZMUPQNMLU,0
Q70S4GTMNB,0
OL494ZSYBE,0
MEQ5OGGXEV,0
NIC54P37XR,0
46C1IPWF1V,0
S0TT8HG9LC,0
WJ4685NIDM,0
32CTJ64MF1,0
1QYWU9FIGM,0
Y5HCZU18QO,0
3QEOO1FTJA,0
1Q5FVXF7UW,0
XPTEAOKXAA,0
UW8G7I2Q7D,1
8LPFZI3CM3,0
U8D7CIOWIL,0
4JCOTBF3VD,0
CRJH10D2EH,0
SLQBD2CEQS,0
2PT8MUU32K,0
637I7E0Q04,0
WKCLITJS8A,0
P5HS9W1KVD,0
KBXYJKTN4M,0
QWSGQZ9WWM,0
TBB9JN15DX,1
Y8LP25603G,1
7JA97V34V4,0
QO3PWKZWOF,0
YMSPVZV1DL,0
T90JNZVY9I,1
WXJ8OJIQRR,0
YMN64YDIDJ,0
7LXYOZUIQ7,1
WPLDA8SGTK,0
SFS80NE025,0
KELZGL5W4M,0
47JM6NZCS2,0
A6XGFT7MZE,0
DRWCJ12ATY,0
29HWD3KY7E,0
S5U3A6ZKLX,0
FDVVD2AHHW,0
VQ4GTASCRP,0
QJTHNFJFJ0,0
S004TEHSAX,0
Z4PXW3VTLP,0
BEJ5Y3BVNG,0
UTF02KFN6D,0
4QOUPMXZNA,0
0UB1G46512,0
ZANF3J90B1,0
MYAATFL1TB,0
87AWJP3QL0,0
BIRYGH95BK,1
NX6N78KU2E,0
3O2JEK3V57,0
8MH86P25IL,0
BDZ34R00RA,0
0OKYH2D2HK,0
B1F26DW378,0
96I1U29Y1S,0
F6UWJ7V0G3,0
4G9ERL4JIC,0
AMPD8FECTK,0
I4VVXQ2V5W,0
R6GT93OQSN,0
9GZY2NMUYC,0
OOJ0Z6PMB2,0
BIQ47OFTO7,0
KTZIFPZPD1,0
4OH7J10E51,0
YSV06UGBEF,0
0GNDBCECI7,0
JM7EAOTCSY,0
AUG06Q98Y5,0
MZA7V71V3R,0
FGLO8AGM7M,0
S3KD3RMSVJ,0
7BOPVYSHUA,0
775RJJQDXJ,0
R46WMBVOF7,0
BBM64UH78G,0
BA1LKYCEUB,0
P536F4GDG4,0
I543OAQ5UR,0
8OO3Y9JG6I,0
RFLA0J4U9D,0
5KIXEMTBCB,0
9W5UKX58FF,0
EI77UIZG6B,0
UUBG5P35JF,0
TU8OTZV62Z,0
T9HZKNZICV,0
BNKV83EQ7R,0
041TPO0H4S,1
OXS65N0OKV,0
IACET5ZBRA,0
X1T34NSMZI,0
PC1T4NQHC7,0
K8DDCXF14D,0
AJIX3YVNRW,0
WDGOPGBTNB,0
JMEPEUP62E,0
REFIJ2U7G3,0
ASPKCDBMZ5,0
1CYA49B30F,0
E9ASZZHN71,0
BLJH68REE5,1
X4I5625ZT3,0
LRF9G8I6VO,0
MSKWGQHZKH,0
CCAZ762QJW,0
65HNNISK1P,0
2OCW4SC6TY,0
ZDA1B71TJ6,0
NJUNWQTH0K,1
2FJ9KI6DK9,0
N0QJV6NBCF,0
N931XA8Q9W,0
5B8YWPK3J3,0
GG6I3HGJPZ,1
13MNM0RC6K,0
BPWV4HN9VW,1
RI4GSGLPBE,0
R5DZP82XGK,0
V9YKKGU6C1,0
ZZC86D1CK9,0
K4HA93CDFE,0
OU052RILTE,0
ZR619PB5KG,0
CJI03NFMI7,0
KZWAO2DRQG,0
BIOHWOIH8T,0
MISOVLHKVO,0
8UXXF38V9G,0
GA29IBGHMQ,1
RA518HMVHT,0
OWEGQ9QOMW,0
74D85EXIO9,0
S5WKGCAHTC,0
RK9A3EPSTU,0
V6EN78ODCO,0
MOD4BFVYIG,0
YHVIXWPHT7,0
ZYA7FFZ6IX,0
QQUZNS21FE,0
KW52GXWF2P,0
D0D2S0JQZN,0
450D0URVDY,1
PIQ63F0VJK,0
HS1MI9C797,0
U8EGTUS6M7,0
CCEZNZEH7I,0
NQD2CY04RQ,0
0F4E0CE7VR,0
FHSFBZ1YPG,0
R9398UE3AB,0
JV04918FBF,0
3KRUKW7BCD,0
E9UEMHLJTV,0
JYYLZOG1M6,0
GRBGTWCH8I,0
I3JVOL7ILM,0
JDDA5TSLND,0
LPAROVOBL2,0
QWY4YZ8MBP,0
QWIP5OXIET,0
OSREMRFKRS,1
W9EMKYV03M,0
T3SS75U0NL,0
3C69DSQY0S,0
NMS39APG0M,0
YS9E6W4CXY,0
LEKYFSCEE7,0
TR0A8TDPCU,0
HL6ZORGUEI,1
J9UKR53LMW,0
MLNV8SPP5N,1
J53XHMDDD4,0
JF7LA50373,0
F6ULRMMQ2D,0
XPDW1DQW3Y,0
I0AI6TX7HK,0
7V65ABY5AS,0
TU1CY24Y2A,0
NFCFIZEYPI,0
PRE4QKD8VN,0
XIQJQYGCUT,0
IZ3MPC78GW,1
983LX9U6GB,0
284Z958MK6,0
8CKWOK0HNR,0
UMY33GNNJW,0
ZF6P09M9CV,0
41TXN30ZAC,0
AK2EQLPK5R,0
T5IK2DJ8HX,0
JT0I8NKEO9,0
QFRH4KFZYH,0
6WZYL6RKC4,0
DJ7XCLPMSV,0
ZUPCQ72HRD,0
2OJTQBL1LI,0
63QC0S6LKN,0
NOXAIK7Y5D,0
W89P25653R,0
DOM9ZD1N1O,0
OP5G62Q1LE,0
L3864WLPMG,0
1D4PJY09OS,0
XFYHS8FCUV,0
MLWC4BX4VW,0
8GMKEG05HE,0
8WZRX22KEP,0
14XTI72BTC,0
RWY1IJ2P1C,0
HN8LWXOSOR,1
5QW67S915H,0
CH75GZ5WOU,0
MK1J3ILAXB,0
X73KBZ6DP7,0
6VV3OCXZ2R,0
7NNHSN9E8K,0
335TSB4SJA,0
IYR9EG19TC,0
5GGF3XBCJX,0
UM5TDYCRT7,0
88UVM11IJH,0
QYZ3HYAVDF,0
W499XM4VWK,0
686A2JT2L5,0
5MSEDLMHO2,0
HWIJUYOF49,0
FMFM6BGGA3,0
M6HTDA8X2C,0
KS0ZT3ZI66,0
XEVETZLWSO,0
0FJVC75LXI,0
OA8N6BGSH0,0
COB9ZZ3CLP,0
337TRUO2S7,0
H799TUB5PJ,0
7NJEE5A6AW,0
DPHR7MQP8E,0
HVSVRGNBVZ,0
2FOQTMPDS4,0
G4OVFAWL81,0
E3CYVF1BPK,0
QRCXLVUOOS,0
J2BKQP9IU7,0
QBCTRB5TVU,0
K9TXP9MFGE,0
DPUB5GZD1E,0
HWMUD4QP9V,1
AW5ZON79I2,0
23D17NBXDN,0
AE4ASKLCZ8,0
RMKNS0NJS8,0
U0UAUPW9ZU,0
YVIJWWUEBA,0
4Z46AE2637,0
ZJCJLWN9YR,0
Q3MJSPOCN9,0
4HU72KJ9R6,0
6VM2ZFD25E,0
7DFVJPOO04,0
FT0RJJPJXU,0
86CMM9QK0O,0
17O68HVQI5,0
8WHO7E19RR,0
28XIXBBX4F,0
NHWLCP6FBH,0
2P6F7W8LGX,0
IQEDYBCJI9,0
PAWZK92QT9,0
883V5HL0J2,0
6J21VNQ16J,1
KIQNJ7W5CM,0
4V3WZOD4WI,0
5WHJMN9BSB,0
5J3574I0KR,0
BX4NWZYEUJ,0
CXQC5CVRLH,0
2PDNSZHIUK,0
G5NBTSK0E2,0
91TA16V6ZD,0
NWIDFFL40R,0
NOHF524QNM,1
X0KW6N5RSF,0
RZ65T5D7TT,0
604BK2LF02,0
41H5RB16BH,0
P63BS7PUUN,0
68O66IXD1M,0
VKV0T05AA1,0
7GX9VPJT6Z,0
U04GCBFGUF,0
VRF4XBQSK2,0
A5PALHYWDR,0
3WMWMAP9JE,0
VY3PWACBYH,0
BF50RW6PHZ,0
SB14XDGOPW,0
VCV4RI6KE2,1
Q0FXUQ7ZKA,0
2OIVFC74EL,0
BJPGM3L9NL,0
T1HJ14YCHP,0
M88QRS8VD8,0
YTWF9XW9KD,0
6Y0C7IV3SB,0
I86P4ZM012,0
CI6FXRTY8S,0
ENPFPT7CJ4,0
4R53RIPHNW,0
WZQLC4GBO4,0
IJRDDFKRUB,0
TAS4AX4DPH,1
UXGDJKWYO5,0
FSYNQ23TWQ,0
PDSPPWDV3J,0
CVCODQ6UYF,0
K2EPDQMHX3,0
LTWVMYWB2U,0
AYI6FCMRJ9,0
SJYNY5VRJN,0
K10JFGYC9Z,0
MZH5E8WTE8,0
R4UDTQKE4C,0
AQAIUE664B,0
GCHUX281K8,0
0CGESAABU8,0
998UPXLHQG,0
LXDCKNUNRW,0
NI8VL611MF,0
DDCHENRC2B,1
63L825NW18,0
KGLDZ84U5G,0
42T9ACCODA,0
L6Q9ML1H69,0
SQJQU1SY8A,1
18J7NNVGS1,0
ZW6V79QS79,0
Y3426KQY2X,0
A09VTUY1VY,0
YSFEDQT8GI,0
Q84XK8RQ3H,0
EQBNHG229A,0
PK94JCEE08,0
L91AVAHYJM,0
EU736LILK3,0
VOSB83J68E,1
JC4QHD6M0N,0
9P5H6KT18Q,0
XQ524YOI8M,0
JCCC0VETWZ,1
7N0VUGF91N,0
UDO1FTSALB,1
N951HNCKNH,0
8VHC8EFGBE,0
TAIVPV7YXH,0
LHRWPFU3LC,0
1PY2H0OIAK,0
6A3BXMXM8Z,0
V3XVN61QIC,0
WZUNRKS27V,0
NHM756JVMB,0
VORMAS677E,0
8Z7WSEPSZK,0
7WRA888LWY,0
AD4GB6HO2A,0
545IHKTYDZ,0
TP05GB6TFH,0
JCBT6SK6NY,0
IWGGGX9YVJ,0
6UJMI24BH7,0
LI7AWAI7G1,0
1VWM7ZK1ZH,0
IDQZCW1II5,0
HC88S012SC,0
5FMEC6KVS1,0
1CAKYR3ZMT,0
E2XU61F54J,0
96YEWLS6W2,0
WFG18T9I4O,0
QFYOE1KTV3,0
ZWXC7NZ2PP,0
Q25H82FCB3,0
6GLD9LRO9R,0
CP8UZ39I7L,0
DD5G3MVXOK,1
V5J3C4N4OL,0
AARPUVNBER,0
VZPZ1MUL0B,0
QKSXY2TKCF,0
XDOCCOQ0GN,0
E4J0TZWI4M,0
WZHBJQUN3B,0
EGWQD31TRS,0
HE76A6NONS,0
SKTDZ8QMIL,1
LJ7LOAFSPX,0
WJEFBEFNS5,0
W03BASN5SJ,0
PIA8N2XS8G,0
QCJZ323ZXQ,0
TQNX568UQX,0
LCBZWHN8JU,0
BM8445IL3D,0
7YA2KNVHCO,0
RE5YVOBQG2,0
JJXUOWFMLH,1
LK2AUZE4F2,0
UQFK25W33G,0
L6NKZHKQAO,0
P3SBRJGVHC,0
RE5EQEWKS4,0
PQXR2S9PMR,1
HSOTR5X59G,0
G675B7KHNQ,0
AY0WKTRGWJ,0
R933GXUDYT,0
9RI3W9722B,0
Z3JDOLWCZF,0
VHD5I51TZI,0
E3NDOA9394,0
2KTQFA0VV4,0
D29RTM123Z,0
D58DWAJ1PB,0
D8SNK0GALZ,0
IUJ1STE6TX,0
ZXGMIVTMRH,0
N6A3IFF150,0
7449ILDH0Q,0
3Q608K0YW4,0
K1Q8FXDCYL,0
UHZXF1ARQS,0
B3U1DR74CM,0
423756Y8FA,0
0VA846KDD0,1
OZKH1K1SKG,0
HE5G1TJ3KC,0
T465GUYIAD,0
DPFJY9FMOY,0
AXM5TXE3D7,0
KEV55PFQ79,0
QD34VD7Z6W,0
30932SL3T0,0
84HIA23P9P,1
XZPGK7RSV3,0
XU1RODURDV,0
U5FGPWGUGY,0
M946KOKSQA,0
KNT48NB7NB,0
X4F9J75PAJ,1
SWH67A0EIO,0
RO9OJX5YWZ,0
KDUUY0FE05,0
GU3LV33PXH,0
YW6LZ2TGWT,0
WUSOXJEKGN,0
L41PQWFEK8,0
D9MAWSXEYI,0
BRRPPGCDX4,0
LWPV543U3A,0
VPNH4GK3EE,0
RMAOMX7HU6,0
3F19UDOX67,0
B4OPQ46ZTK,0
DGF9ADZ7K0,0
O5UANRICWL,0
MBCV2AE8N4,0
N4RK6FSN87,0
AAYWJTQ4YC,0
1NUFYN9KQ2,0
ROIUD458NP,1
PXF2XQCCQC,0
2EI9MJA3BQ,0
8LAT7AJBXG,0
5G62WP9QQ2,0
0INP75GIME,0
KP05SV049Z,0
2RO2A7L8AG,0
TLZG4V5G2O,0
5XOBHA33DT,0
CJROLEIOP0,0
S7VP7MUQ45,0
VD8G99075P,0
4VD1ZGUBNT,1
SVVJF7PVLW,0
UE6HTLQ1EC,0
9NMKS1YZTD,0
CFTXN5EW5N,1
FBMLTKXAOR,0
GKR79Q4H4L,0
CWMIQREMWV,0
MSL61WQXRW,0
BW5ZOK99OA,0
D3W6CIQOFO,0
88EKCZTT4R,0
U5AMEEPC4K,0
KFQBHFOW5W,0
MASMY119YA,0
OS3WF4FR2T,0
76HLI011OS,0
16XOSSVDOW,0
8PWV60H82C,0
U4A1VY7XQ1,0
2J8USRIGU6,1
PJA56VQ0Y4,0
QKVKG3A3IF,0
CQ1YIGFFMK,0
UENRZMXVCA,0
EKILH95GD7,0
NFH1JAQ5TT,0
566TR5RA5Z,0
HKHGXJWTNP,0
KS856ZB1W9,0
S8FYNTETQ2,0
XV323IKURI,1
FDCBMY75IN,0
O86RIKCX9B,0
R8WTGO93CK,0
GEIGT1O53W,0
71RDLQJQPZ,0
HU2RK922HG,0
4N7R9E8PZU,0
X038ZDF89X,0
2R03HM4IK6,0
0W2AP99E6H,1
Q6GAALQYM2,0
3CE9FFNU37,0
W15SULUYXU,0
KGJ77RBX4R,0
22BS51MNJZ,1
78L424AIFI,0
SGA2D6K98B,0
R5CQB7HQBV,0
AUTV12ZLFQ,0
05I2FXOOEC,0
GDFMVCEOKS,0
4HP241N8PX,0
DKOWCZJL74,1
FPM2KYRHD2,0
72XKBQNMPQ,0
GQBT82WHSK,0
K4UCPKI7OA,1
JY2KDUMUKB,0
QXAHUZNJJG,0
4FDRD17J73,0
I7IHHYJKMC,0
UPRO1IB91E,0
KKIWAVBE8X,0
Q7FHSAXAO8,0
NMQ1QZON7O,0
N4K6LZA1ZY,0
J3Z428UTDG,0
756V6UTD3W,0
U089T8ISJI,0
LWX8FKF7Y0,0
EDMKVUNJ2C,0
EKNTDX7NDL,0
EGFEW6WVC5,0
5O1JBL39IW,0
CKV4H6FA64,0
UPTWZK6ENY,0
JN5B7SEI3V,0
NM3MGY627T,0
QIS1UDWFX7,0
H8US8O1IHL,0
PRXP73M8ZO,0
Z0TNJX4P6I,0
VYCMWS8Q8J,0
ZXH10RPHWU,0
WPZPNENRZQ,0
ZFO0VVPZ6X,0
2R436P5CRS,0
MLZRQIVQN2,0
YT0V6QQM4U,0
CVZKY1TPKO,0
NW54YQ76XY,0
6WE05X91J7,1
U5E6VVESTI,0
14882W8XN7,0
D4VJFFJIAZ,0
VPTWT6VPV3,0
G93Y4O8QQP,0
MIUYZWZJV9,0
PS9WXGPLXD,0
6KARMUM8VA,0
A278361Q36,0
ANIMHHXKMW,0
5SJND8E8LS,0
9OX19OFYJV,0
52OU195FYU,0
S28B5TOQ0U,0
CSEJDZ0KU6,0
3OTXTGBGU3,0
QWVZF6EN46,0
GHTEKZEN2A,0
2RTNJ66VTD,0
Z3ZHQZ3A9I,0
8X01F5RREY,0
NDYQQG9UV2,0
I54LP1M3CH,0
82O2NABXGW,0
ZMGGOK921T,0
80ZPPSZ7E2,0
SVKRD5LCEO,0
DBBP0RSCBT,0
V3BNIXDBE8,0
8AXAFTDYL8,0
12PV0ZQ68V,0
9LNJN40FCS,0
PJL7L9MQUL,0
WKSQLM4A4X,0
ATASSIZGDM,0
V61YXYOD5U,0
X83VJPF1O2,0
S3CTLJ4N0W,0
EAEQEAE6BL,0
S81PU2LIO2,0
JE8W1O7O7X,0
F93898CJVM,0
A3QRIZHGD4,0
XTKZC0Q42K,0
0GBWS5IW6V,0
HXVH85JK5G,0
HM7IF4OUAK,0
JKB63SMBNM,0
OCOCVCNHZ4,0
GSSZ1XP0KB,0
ZG5C20UZBN,0
5F2KM54JWL,0
PAAXHV8QI3,0
GQVD6VA96R,0
ABHZKELPBO,0
OILAODF4Y7,0
B4MFFS5DJT,0
7Q59LQZH5Z,0
6TF0HIBHUO,0
B6WQ50B3AE,0
LCAV94MJ9K,1
5S4Y5XDX4V,0
N1UP6KBHA7,1
GTDNIMN76D,0
FV92TESZC7,0
ZWBCZK4VI0,0
QH3DOP6Q51,0
JAHLMRP8OJ,0
QX04FZVHMA,0
XJCAJSDY85,0
MMVSBFP3ZK,0
QDE42LL2FP,0
GIMNMJRF1Q,0
1NYDC643HY,0
MILVSEOJJ1,1
45QKGAY3GT,0
MVQII6C5WL,0
VAUKN2O7RG,0
33YF9JPYW8,0
LZHXV4OM8M,0
PDVGCEONEV,0
L5OLLV2IKB,0
FO3AHNB23V,0
H0YOFGVX5L,0
QZFMMY825X,0
4VJBXKXF02,0
KCPO0SLY8K,0
20M1YKEICB,0
FOJ4B2P20D,1
T2G0R6AIPV,0
W1K95JAL5W,0
T77YTM44H9,0
V405G8Q2YF,0
89C0A9K4NU,0
GD5B00UWBH,0
ZOR0LJBYHT,0
73KVLDUWKH,0
3PFCYMA2B7,0
9DTLXCSU51,0
9XNRI1L9BV,0
15G6O3GWQ4,0
BSB4JUY8BW,1
ZBCZNT8TAP,0
S6ARFP1M9U,0
0X0INY9Y57,0
G4UOC5KWBJ,0
23B4I2EARS,0
ZI17O7VP0Z,0
04ZF6OF2KE,0
NWN3QLX99A,1
IYPGWIINHV,0
V2MS0G9ZGM,0
XJFISHFMV9,0
3QI8GMOFY5,0
8RKDB9WQ3W,0
15JVKVG3R2,1
S7U6X6LTUP,0
EBGURMNZ10,0
ZO68YKSASJ,0
O941GSC2MR,0
YI3L3O3GQQ,0
56M8OEGWV0,0
VCNFRXNSIH,0
CIPBFVZIAL,0
T93O2WXSL4,1
MWZ8B84GOL,0
0OPT42D9K2,0
EWGC82MX8S,0
6SYX6VE1YC,0
A3KY95LOB5,0
CVR37DV40X,0
L893AQI2N9,0
3LQ9C9NT0V,0
UJN3K0SPAY,0
6FDCG55I6K,0
QQOCU3KGIC,0
DPMTGLA4FX,0
WPIVJJRRES,0
9LXK2D4BMJ,0
76534GPUD8,0
EQNWS0ZA6Y,0
TAX9MMQQ49,0
ZR6NU61CYI,0
2K1BV51FYJ,0
O9X965YAKC,0
DKUVKZ24TP,0
YQF61JSJQ0,0
U3UEVU2GHW,0
0ZBO80GSLU,0
IFCF4UTDWV,0
TPND3W5VZA,1
L521JKKMJL,0
JC1LIOVZKD,0
0R59SNY7HN,0
NGC5ZXQOFK,0
UC8RGDS8VQ,0
FXNBBG173U,0
7ZNOFLWQSE,0
2WMVMNNQ62,0
M8O8I8QQ5J,0
7VZGKC2O25,0
1CQITUMT9N,0
2ARM8SIFUS,1
VHVDYN2MUT,0
8FR8WV2S05,0
GAKLC5XGRQ,0
CAMI0UUHIX,0
560SA69RT0,0
9UX0NR819C,0
DMOGWJEQPE,0
D134G8HRM0,0
N38HT4P0ZD,0
SDUFIJZQYR,0
ZVPD1551G6,0
FG529XUKVP,0
JBREP6YBXJ,0
U1HMTPPQEQ,0
IM4ZP3XHVE,0
LVSE47YI5W,1
TS1JPIZ3C3,0
64KKSB58DA,0
M3D7J4C4F1,0
XVWFM5RWNL,0
MW8G4J44HG,0
LV3M88CPWE,0
JMOPRJOF8D,0
JADC3DEVH2,0
F9JRBYHK3S,0
VOBL8Y7P5R,0
2AHGXQQQ9Y,0
8FB4NEOVBS,0
TBTH63I3YL,0
BGRLZAC7EH,0
P650CC92E8,0
0OTHE9DLKK,0
XS45NRCKE7,0
R3WGEW0OQC,0
M3ULF2PTDF,0
9LJXRNAMTN,0
1UD97MWM39,1
9RK1N1U4TK,0
7YK83JGJKQ,0
Y14N9DM0PP,0
9NQQ2YPX1Q,0
8WVXSS0GMX,0
AN1L8ZZ79C,0
LCNJ6XR07E,0
WU596HB7GY,0
64VB7VF216,0
U16IUQS8Z3,0
9Z9T0E128R,0
PUWA1D8BJX,0
9SFDPCDRPT,0
5BG02S5NBP,0
AZCJUAWYRE,0
A688BDTGV8,0
9WNVEHOOYR,0
823Z38GLWV,0
A4WJUMZK35,0
7Q4KEXH468,0
55DIALGK8A,0
ADSYBF1H54,0
7HEQA0P8YK,0
FLCG1MQZ8B,0
IDMXT58W40,0
ILEMM7BLLP,0
XJIIWY2MZF,0
GIAISKSPJT,0
Z6J3V80APN,0
OBYFDWHN4B,0
Q96QM5T8ME,0
O6P0GDCZZ4,1
M793U77AF8,0
XYEOQG9HBV,0
0LZ8WDPDCX,0
4IXY65ZKG3,1
FK9EDDDHTD,1
B531QPAHAP,0
RAIP0N10A3,1
NZA4GQCUT5,0
GQET70T6RB,0
3LOQB309F4,0
KUOWBY5CMB,0
EMYK9YBMMS,0
GU549DH68S,0
8WL01VPQ3S,0
5GJUXF5S0I,0
D4LCOC8X9M,0
9NSWURSSDC,0
BX8XN25L4H,0
SJ4LZQFFKM,0
RMSS2UGAK0,1
6CSVVUPSZ7,0
XK19MD8SGM,0
RV4YEYR90Y,0
OR05DEPSTA,0
OW3JN4CJSL,0
8OPPOTE7T9,0
T2KXKYTF4A,0
E3EPZWLZC3,0
Y59ZRXVOBJ,0
2K9W8EWLDU,0
376X3RB4RI,0
6M7F6RRK5V,0
3OBGSJZM57,0
S29WWJL48C,0
LEP3VEDGW5,0
IHIIXQ11EG,0
LL85AIP47F,0
T1WHZ7HH4O,0
UU21USWKYH,0
2AIDQHPQX7,0
N12TOB9TC8,0
C6W84CSG8F,0
Q5AQSQIJSO,1
EXQ4CJHOJH,0
JZF7ZAA3EK,0
MODVAFE6A3,0
F13G91XWN4,0
7L9XC4389F,0
2QUEDN6HXI,0
YDZ8EOIM8W,0
9WS6JFVHDF,0
26FJE0FEUF,0
UG9QAXFIJ2,0
KJTUZ1RML3,0
LLEZ3LE0TX,0
Y1PCD17JWQ,0
O8GVYEG0ZK,0
KAMKUOSCBV,1
VITIRF3MQV,0
AW7RYFAAV4,0
8EQ6YPIOIK,0
IUZFJLFTC2,0
NWHL6AKK4O,0
Y71FXOYJC1,0
XLINZH6ASB,0
7NNRT4CQY0,0
GIKBDYEBLC,0
Z7XBY325O1,0
GFW6JMCWYE,0
7DL1CILF9B,0
40H46WMWAH,0
YIJY0NA298,0
BXJSAWGKCH,0
02G4RHZDRS,0
LREE4MORJB,0
PDMHV1LDTW,0
L7Q35GINVJ,0
J6JUX1DW5L,0
JXZ8D417ZJ,0
CMIMY3OAZR,0
MMJ9MK1GBL,1
P5GK5GHC9K,0
0QEJXCCF0R,0
IIUZYEMD1U,1
LFVFOJ7T8V,0
J72LO8N9QF,0
ANE9ENR2N1,0
GK3NUHOK7V,0
XH432HZ80H,1
MSI0AA1TK3,1
63Q563HS6H,0
YILDEHPU82,0
II0HQHEAEM,0
GHHV9QHPGR,0
PB0236XTKU,0
0D47GZPJDJ,0
CVJVY6YIFG,0
GWCF8OIS3U,0
G5QHYCQFVK,0
SMUDBE9IQI,0
KLDERUFX7H,0
PNG1EEZT1L,1
POCVBG5NNZ,0
BWVNLQMHVS,0
ZV0D4CL6N5,1
876S728IPC,1
P8MN7G800V,0
8IYJP903BQ,0
PSI4T3WO2O,0
CP085EX46F,0
0K08OHMU9U,0
ZWINCWC9YX,0
XC0KA8TU6D,0
LM0P4F4EV2,0
TIYQDR2BV6,0
UP1S9RD4NG,0
A90VHQ3ZC5,1
IPKVQPTUVM,0
VUC7F3R03Y,0
RNK7KFYL05,0
UOS436OSRV,0
IGM474OB3T,0
3MAXJZ2TS8,0
F0FFEQ6AGB,0
LBMCULBOA6,0
G4I75Y1PV7,0
4Q9KT5DWE5,0
LWZLW40NM0,0
C9FQJ9GLX3,0
H0TXLVTYKO,0
QEPKQ1N1FD,0
QIPZ2RTTUG,0
BTS73YJB5R,0
8Y19ZJHLD2,0
WC21DLK7TC,0
89X246KP3C,1
3NYBTPR62F,0
WZ7M5KUHB3,0
C6QUQNY6IO,0
QE7ITB77FL,0
LWMY1OPP9S,0
733PB2WWZ2,0
NBQG89LPDN,0
MEE18SK3PU,0
619AYAP4DN,0
ZPCBKXA9NA,1
WJFSGBOSI3,0
599RQCNSFU,0
HV4B4BE31W,0
9IF1UN8DA2,0
FESSTL3MPO,0
F1YT2POGFF,0
DVAAZLV8N4,0
RV7XCVPMCL,0
AJDJ6YMF09,0
WTLDBNL2MJ,0
UTJQFU3VKY,0
ILO38V7PAP,0
GXGQA4SNZA,0
5RZMSY5P5F,1
LN3I24A2OL,0
TN1FO0X8SB,0
VRGAYPHG56,0
1FRFRJC071,0
115WJNHJMJ,0
WVZOSHR02T,0
7NTUF12YST,0
RWE2PME6FP,0
9F7XBO4179,0
WX5RAGROJ0,0
0YIXPE6K08,0
PTFVONHHST,0
CLL1FWLU4M,0
I9PPFBDC4K,0
VD0QGM9EAH,0
JTHV6VEBBP,0
FTIDBWKI2A,0
ANSZ8F51TC,0
OTUA6ODVRY,0
82P6UJJVVW,0
60S15K6TWC,0
WD4Z0UF75P,0
SRLS6JZDCF,0
2MBF2F6T2L,0
IV5PHUI5PY,0
EGLXRSHG3D,0
G9O9L7LEG4,0
1PB592LQGP,0
68RAC3TKSR,0
F5Y66Y6YA7,0
Z90NOEF24G,0
1DRK7JF0P6,0
5GIIK5T2TG,0
HIST4SLTAF,0
730Q3TYMJM,0
YACE6NLI3U,0
VYJT4QR3A8,0
4AGHG3EGG1,0
W8D1IKO2EZ,0
5BX9E4RJPF,0
QEFCJ5OLCE,0
OMK88UPZIB,0
1H5LXYRIGI,0
39FUCLYO1N,0
0UOWQ231UA,0
URBKCQASAQ,0
9SAPB4FFD4,0
51J7W3OBHH,1
OCKAAYWUB9,0
GTY8TAJRRY,0
AYDRJ2755Y,0
UJ2U2DAP2C,0
PX6Q9D86J3,0
LPVXR784FE,0
6WL9UH6R4Q,0
U3ORN8ZBI5,0
DUENY5GS2Y,0
VAM3P5PAIM,0
MA7WGD8K50,0
Z8RS45UJHK,0
Z7OKONXA31,0
SU0GWB658D,0
0K3AEKIS0O,1
9TS53H45SK,0
WCT6HGFMC8,1
F3XMK94G5Y,0
RSD997XV2F,0
090WH78EQF,0
KUDRVGG62P,0
4K2VTEEHKH,0
FDOV9STYHN,1
IG1TPQ5MWO,1
8HD15CZXX4,0
ETKJNNDX9S,0
J3EVWFCB27,0
YEOUP4B0YC,0
ZTBNTZ9EVX,0
F03F6ASEPU,0
0WVJ57CFZX,0
PMC3GIIV10,0
P0PRMMNW70,0
2L9ZOIXB87,0
J2NTTSLAGA,0
XX12O8RDSY,0
J7FJG0UA6X,0
PNL5EVIJGA,0
ANYA21SLC7,0
3J1TE6NSRA,0
QQ8H0NJNS1,0
4X5NVDQM3Q,0
LOVRY7IFXC,0
DCXA3OLI7E,0
UT4KS50SUD,0
AZF3RUHO7R,0
07NQS6PUH2,0
CDAAD5D6SN,0
ASK30Y1S9B,0
2FHDSJMMHL,0
FEUHHFTRWK,0
PPAPKHWZGN,0
OD4GI1NKTO,0
LR4ZCEI2FE,0
3IDJ3TX9KT,0
V0J6VID54B,1
COJ7R2VJT6,0
17IUFXV8H5,0
U4XV69HE2D,0
QQM8TUUXUB,0
85QY0W2LIT,1
7JAGOGINTX,0
VJH2Y9LRK7,0
JR85F9UHXP,0
LK4SP191FC,0
WLHY2NW06C,0
50N4KZIL96,0
X7KTDWTD9G,0
83PHY0HBHM,0
VDH41LYOWN,0
T7RILT86QD,0
86W3TL5E9C,0
8V8CAXQ8GJ,0
VP64ATXELD,0
5JRUCZBCDX,0
2G7Z1X9NYZ,0
BJ29MVVJXP,0
I8YLMKTYRV,0
TV6WW7A2X3,0
EDR8CXTKB9,0
6I9ZOT0ZO8,1
5OJGGK22OV,0
MEOOQZ889A,0
HGLW3C3I35,0
V9OAIJ55WK,0
G1Q73TRU30,0
BDIM21UVEZ,0
HMSA7WH08Z,0
BY0WGV6VLR,0
VHYQS4BY4I,0
LSYIEW4VLH,0
XE1VLL0CAN,0
8BKJ16LZC0,0
3T2WQDQGUP,0
8D87WU5373,0
JQH78XR83X,0
HHECOXQY2C,0
382KFENVPX,0
1MRJ6JL2O5,0
1CZOYLLVBF,0
QH09FH05JP,0
AIIU0XMSH8,0
JF6FSVDAP7,0
UFM7GDZ6HN,0
KVUYE81MMV,0
PI0UX1XRST,1
DD8ZU5GZGC,0
LP57RHN45Z,0
QBQFV1AGQM,0
P7BDNMH721,0
SOHCMU2EV1,0
9VXJNI1KFX,0
56K81BVZWD,0
L12A6XGDHR,0
UREMHFATZR,0
J9RMX0DLT6,0
RGXEK91U0M,0
WL0XD03MO2,0
EBDEHEQ3V4,0
YI7YG2EU47,0
RQCF9UJ8Q1,0
FPI3S2BIXT,0
VTST0MAQTX,0
6V71RC6OFW,0
OMCE1V0KE7,0
70XIKIEX8M,0
P9RKL24ZQ1,0
AMBJ6AWZXD,0
2NE2OPLWSA,0
UWYDPY3QLD,0
VZE1N7FQXL,0
3GG58QCC8G,0
VZBJV693QW,0
91VOR9WUSI,1
STNQGM38P5,1
29G8NKSMJM,0
ULDN0S96J0,0
IALKQX1NSU,0
8RAYRX429Y,0
X2AMY19IA7,0
JXFS4SQVY4,0
0ETK719OWK,0
LHUVUQVKUQ,1
HG6UZDZT4J,0
L9OW05CWE1,0
LCRP7ZPLVD,0
TI1KEQ7CO2,0
LIQS8FCYU7,0
GOMRJVA4HN,0
01UVTSZBFP,0
66EIANZXJ0,0
DIB04NTR9I,0
O4MNAM4YTJ,0
YKG8VXH6LS,0
EMKLHXK1JQ,0
66IVXZM32G,0
CGNF2I33AQ,0
OQ4DC0RGC9,0
TH1C5VKZL3,0
2JD1KC7L2M,0
0J5RUZZU7G,0
T9VDSANDFL,0
KQLFJBV2S8,0
RWFY5XUG8Z,0
KNDA65P44L,0
J6LFA3WSYI,0
10LDBYJP4Q,0
K3JXCSZOHA,0
NB13NIFQBK,0
VNKSK8U1BF,0
2WL8ZMD1T1,0
SN4MNWE7MW,0
0EKM7K8JNL,0
F5J2F7HMLD,0
O657JIN8RV,0
RJGRNO94JA,0
4PJE0QWJ4F,0
TIDAARGU3P,0
OH7IXX6LYF,0
UHG2GEXKV0,0
W4N4RGG5OA,1
BJI0MMF0GI,0
HPIMBK4JMT,0
VYU5FTOQ18,1
WDAR70BZHG,0
BZJL8564HN,0
T598TZLKP7,0
UHBTD3LJL0,0
N8JVRE59N7,0
AGACADMRP8,0
QX38IHLXFX,0
8JX6OWXYHP,0
S06K6L093C,0
D80KWA273Z,0
OL1DDAP9R0,0
DCVIGWJ1LP,0
K3NB7BFDTJ,0
6DZGW5F2ZU,0
YUNHSWL3AP,1
XRD3UTOJAM,0
YDOUTVWLVD,0
5W8IU47N1I,0
Y2VVC9XLMW,0
ZQEWGKOB7I,0
W83DWLD6GG,0
2T4I8D0AFN,0
TFSBS4NM28,0
3KVNFZHT69,0
3XT7K3X5I9,0
85AFZZCVLG,0
GKPIJVS8P4,0
D2HTSPNE9C,0
2LWDT48Z4C,0
89XA0GYG6F,0
P5YEV4WF9O,0
4O7V2MJCWO,0
1DJDOPS32T,0
355SVSVG4R,0
KYNSAJBICI,0
NZT17DTS8F,0
3J5NX2XQ1D,0
TXODVVNDBZ,0
50N2UMVNK0,0
6V087UWKMP,0
SJNVE2ZWYU,0
8DWXJ8YZIF,0
0WP484CU9E,0
QXQP2JCEAC,0
BTI2TS4IOI,0
ZE6HF2ZVEK,0
WE12N62DYU,0
V7WZC5C8O6,0
JQZBG5WGDH,0
F9HWZVWTPG,0
ZQXVA4SWVN,0
IPZ92ZTXVP,0
S92DX51MMZ,0
LMRTEROZ0Y,0
PO8FHLSPN0,0
52Y18S22GA,0
AU2H5I6JHG,0
OFY9ZB3E3W,0
FPQY2E8BTJ,0
RCM1S1B1CN,0
N1MU9XKJDC,0
Q68OFOX476,1
0N1A0YB0TB,1
AYR1XS5V4G,1
9H2CABQICT,0
VZF2BMIDZI,0
5P1IH8DZX6,0
ZFKCWQHCZU,0
TVTLJCFQC3,0
ZJFTYJWG5M,0
6YGBXRCO6D,0
4ML1QVPSKC,0
F8U7M3MPST,0
FF6LEG7T5S,0
1RQ4IDMS32,0
XPBM54X1JF,0
OAEBLLA24T,0
IMQLGLCNL7,0
QL3Y62CTL8,0
9WNKL1XQKL,1
CADEDA5OWJ,0
WEO3JZDJKN,0
6VMZB2JO0T,0
XFT69JZOGV,0
9YHCHSP0JP,0
O7STN8WH53,0
M5L7WMJVHB,0
IUG52US2HV,0
M2CO8MIRSR,0
5BLLBNE5S1,0
DR5OOVFXI7,0
QQG1BGS9XT,0
MMPVJZIKAY,0
NVYP1OBCMZ,0
OUTOX1MLZR,0
GRC7LLLGRV,0
1WBO75YNFO,0
XN6NARQSLT,0
EERHIZE6M5,0
Z59II0E27X,0
I1AVUBQT0X,0
3MSOYUIRHX,0
1YH6IW3VWI,0
E44D0U3WBJ,0
1OT0Q9GGRL,0
LC9FU20P3B,0
OUTWJ6IK34,0
PSN4N1WC3H,0
ZIR16AP57I,0
DTIFHWIWEQ,0
HKS4JAFXWG,0
ZP9NUK5OY8,0
WC8A2J5QDB,0
C8B3VEM0JU,0
BY701B4JZX,1
GD5364ZIC4,0
1IOS6NEK9V,0
QSBPJP4SEH,1
L8TMBU3A2X,0
QXOA0T3AEC,0
N56MQD7L37,0
N8OMDMHXSF,0
4PYKZXBKVP,0
MSFERJA2HF,1
RIX6N4W2SB,0
YVOF3HB9LE,0
4W2UDWH1QD,0
L43QPYI1K9,0
YLZ3D9UGZ2,0
XKNWNGJ3NA,0
NHNTEXLP8S,0
SEMAQLUJPN,0
Q855GRYSDW,0
84P0LYVT5J,0
XTNQKQJUZL,0
8YHMZYXOJ1,0
79KK73YKT3,0
BNWIEZQXHS,0
MVLW7IQNQV,0
P85ZQOUET1,0
NFFU49KPSI,0
1YXWE61JTF,0
QX8PLE4AI0,0
OS4KNK6YKW,0
FMAAQKJEEB,0
05IVZ7WHWC,0
UGMMEYKXQS,0
LI2I34QKQ3,0
5GUDOUVK6W,0
F7PDH25Y2H,0
6N5N6IFYB3,0
334ZDQNZKF,0
NTJPQCNRGA,0
9QU6YXKC9D,0
PO8JC660QY,1
R6XMKODF37,0
Y62829J2UJ,0
BZLKWQ126B,0
XVRSDOO5IR,0
DPTCBQLAJ6,0
MLY6PBI6E2,0
X3F7M431XH,0
2CJG873YZ8,0
GQ14XS46FL,0
8L702ST0H4,0
RRCMXLND4N,0
L0YO5PXKIN,1
61SWLWTYS3,0
W3RHXIQETJ,0
J7QLPQ5J0D,0
URU81CMCMY,0
TLH6OL4SFU,0
DYZ3EEIFDN,0
PR9XJW5ZPJ,0
0E8POJOCK9,0
ZFLIAES7A9,0
N36BJD7YIM,0
0KFM6E5RVD,0
N7QRZXPU0H,0
SLTK9JB386,0
L91RLYQ7MA,0
ACR81DUFIV,0
5BH16XISUN,0
BBMJYG8A8W,1
A9616JCW48,0
E3WS8XVB73,0
SZS7LVI24Q,0
71XC6A66DX,0
D6RQ7MOR0I,0
AMUNWOS13Y,0
2R1QT2HAFX,0
0VO7QF7UBH,0
ZWDCWZES3W,0
TWER9FHJU1,0
XGRI669F0X,0
YYVL0SJDPC,0
FGBC9COTD3,0
5WSVFFBWTX,0
B8KVQM97ID,0
VP7G05R0BB,0
5Z5G0ZW4G0,0
RJ4FN81GZC,0
IGUQPA29OU,0
EHOYK7KJ8F,0
G2E6G247AM,0
2AIDYKM5B4,0
LMU5C3CLRB,0
8BU08HGUFT,0
V1GOZSD2AA,0
VW0DF3HU9P,0
9JNSYZ8W4U,0
SDP4JUPSH3,0
RVPJ982L4F,0
6T6ERP4Z6V,0
M6HYHCY9N9,0
K6Z6K1SOGF,0
B38AAQ1I9Z,0
4V0MS2E5Y5,0
6CDLAA4QDM,1
LON5EG7NHK,0
RN1E7NM7IK,0
BBUWNI7POO,0
CDMM59YEF4,0
OQ2MO4AS4Z,0
I1I5U7YS49,0
KZNSEX4FB1,0
ADSWCWQL4R,0
YJQDCNYBBG,0
QFLNQTTZ6V,0
65MXXRMI1L,0
24T23SUFQD,0
IEJOG9GEST,0
PLGJZTCL8K,0
9GJGA70OPC,0
SCT4H78LI5,0
IOC6V3WOEQ,0
DJEAYCZQA7,0
M2S67NM7PO,0
VBKWQ1I4P8,0
12XCTX66YA,0
P8XC5SXKI8,1
F3M0QH45AO,0
PI6KUL5AAM,0
28Q9CPEM57,0
FKM10GP84H,0
RZE7PMLBKY,0
FG0PHES77P,0
1JWXMMXDPX,0
7AKJHDA7P4,1
4B9NL6AX2V,0
F7Y8EYX12R,0
7G9207YML4,0
7JG9W6V8NC,0
DO5KK7ELRZ,0
7B3P3IZLE1,0
YVBA99446P,0
MO0EBSXDW2,0
6FIEMBNVSY,0
UELVF2T1RR,1
3KCWOX9KX4,0
LS712NM2NH,0
EG83X3U1DS,0
G5CCY1V9XB,0
884658S0LD,1
YRBCSFVC2Y,1
XDPP23FBPH,0
RQ8JPJGKTX,0
OIZ75MHNVC,0
6UFEQ16PDZ,0
B1GBGII6R1,0
VO520S667B,0
E5E7XSNK7U,0
E2Y3QNWMHK,0
35IW1FMZDW,0
1RKJDWBETK,0
E09QLI96C2,0
7FEVZ7YZ63,0
WVZLSRQV8B,0
M4G6LI7D73,0
77O9AO5SLG,0
Y3DF9M6IWA,0
82FK5EUTYM,0
MX9ZLHIPBH,0
74D6XKTJ0Q,0
68834888OK,1
JBX891P1AL,0
FD14IV3NCM,0
A1D2Q9ND6H,0
YMYSIEJ1GY,0
45MA4X0PPR,0
30H42EWG9J,0
DNWAFZEDWE,0
JUNI15P2MT,0
4T1F8X1X4H,0
VOODX65OKP,0
AIRHWILLV0,1
PSW9YRD73D,0
8SO7CE4OIW,0
4HLLH511P9,0
R3JNIGJ5XV,0
SXPWVVIGPN,0
HFIANFRSQG,0
9CAQCER4QT,0
IK9IUB9MAO,0
WFR0MT0TMT,0
Z0Y0NX1Q8N,1
DSP04XJZTB,0
IUSLVFFY2H,0
7HJ3HITESL,0
M15RSKBC8H,0
9N5KYPNRYR,0
FHOHXUHTRN,1
97XKEMC0N0,0
L17MR9NFMI,0
NGKRG1XSFG,0
2GF5RQXMR9,0
AZCGBLE5FI,0
GC0582SW3F,0
ORJ7UU49WR,0
FDEXF6WVJQ,1
QNQPQWG0DI,0
XBK0DX2LKC,0
MLRY8WPKLY,0
OJMFRV702P,0
NGCYM2ICAQ,0
JQRC8E50TD,0
MKW1SM2FC2,0
2MHFVLBUV3,0
NT1XQQMEXZ,0
6FT72ZOA8P,0
KI5J7G8UAX,0
9859SGPN8Q,0
QN6YVMJ5O1,0
CS61VA4W9F,0
BC5DRW3HQO,0
4MTK72S11M,0
A7DK1QRS2S,0
9LYOQT94T0,0
1LOQ65D7X8,0
E0OCIAPQGK,1
24XMVUFSB1,0
55G02GEVKG,0
VPA0PCOMCP,0
V62NUSCA85,0
G5H22DCYPX,0
NOEHP71RUF,0
O1QCT9IJF4,0
PMVZDKPMOA,1
IF4FFPJB0V,0
N4BHFQ8XI9,0
YB2DU02TLD,0
YMME35P5PO,0
YWZ8D8BS21,0
A9JJMPVDIM,1
C2FS66GHCW,0
B1DASOQ6WL,0
7B636PGU0V,0
A365UGRVC3,1
HC41ZW1XUO,0
3SJCAGT13A,0
VR0X4R9TJZ,0
15H0P0HTW9,0
CR9GV564LZ,0
YCW4IPUGC7,0
G3MFI4EQGS,0
7USSEDPYOY,0
GW5GWBMJKC,0
GJ50HUT7SR,0
A3LUAFQEND,0
U4NJE68XCG,0
PRRHEUTKED,0
WM0QUAP5I4,0
K4K3HRORZC,0
WB681N2H4V,1
E07IPELGFM,0
9WR76KP917,0
16PL35WY9K,0
Q2UH4HQI3P,0
VWOSK8PKA3,0
EB5U5JNNW2,0
3KC23ZJ1S4,0
1EL6QEFRY9,0
M83W8I6LJO,0
TVVQFV29QZ,0
8L1N6A1CT0,0
Y9PD2G14ZF,0
S1675GWO6E,0
7DFQEJ3AME,0
1LBT2DXFFA,0
0MDQSQOKX7,0
822H9CPHFM,0
YF2U17NRGP,0
V55M1H1SNH,0
T93QZ77BYZ,0
KIEQZT64TO,0
V4JQYY1RVI,0
6SLJPQK8P6,0
6NPG5YGK2F,0
1TYIJLXKQS,0
RMQYY7TBXB,0
20DKFLTOLO,1
NQOB5LAD2E,0
EBWSMVMXCE,0
D9PQBKL2WI,0
P0TVZELB5V,0
802194VUYS,0
JOSIXH9N2H,0
XJI73RZP4G,0
Q6PCHZTT01,0
LVISEILNPB,1
HN4AW8AQIO,0
8PPKI71DJ0,0
9LSYGICE1J,0
ORHK4RFK1G,0
2IA6NL7HS2,1
U815TQPPDD,0
82TYIAEUI0,0
BP6LA6STSM,0
KDZ1NBXJB4,0
F6Z1LUXR0E,0
EXX81QUCVA,0
CBTGHVZL8G,0
OA94YE2AIJ,0
BA7NDFORSU,0
XBWHB2H6NO,0
0J66B1RP3J,0
S6ATDSMLGH,0
B3HMLLCZF8,0
R87OC47SV3,0
TV449ZK3C6,0
QBL9HYFT1M,0
V9OGQ2M0S0,0
8Y6H7OLMGZ,0
LVOSXL6T5I,0
8AHPLRBET8,0
25UHFQRT5A,0
8SKZXS86NS,0
HKCUDI5DV6,0
9RGW3USPJX,0
KKO04KS9IY,0
CH4YEJ6KME,0
39FP6SETB9,0
QGN3FXC5JM,0
8SYD5QDPS9,0
ZELUZDW266,0
1Y41OB84Z7,0
JCIY4X7FQX,0
TZZCM05RIM,0
4TOS6PPRGZ,0
84ZDB8CV35,0
DTB73S61VG,0
QTN4CR0PZ0,0
4YSEP9W22R,0
39IWM9PI7J,0
ZJ4AMG397Q,1
H7JSUKCAW0,0
MY8I1HUZ5I,0
JT4JZPZRXX,0
I6BS1G7J8H,0
G3VDO95LYH,0
Q3KZVTM1P2,0
5YFTGOP7DF,0
F5HHVR0JOM,0
RFFH93O8KP,0
BVA7LB69PK,0
COZ3BO3NQM,0
A461LLFKTE,0
AOKMQPPFDK,0
NYGSEOVHHH,1
4GMFCAM6LI,0
ND0EMJ14CH,0
NGDPTOE0JL,0
NF9UXMW9FN,1
YNUWCYPIQP,0
RP5Q7GU3YZ,0
BJ5TOCVM8C,0
CI7MCS7KAF,0
97T29G5KHD,0
F5V9YWV46A,0
R893MYDTN7,0
Y7YN08B8UD,0
W2Q3YYZ9ZE,0
6U9DQ31P5P,0
92CK09VIEP,0
F7V1N38XVU,0
AO74HJ6E3C,0
Z8YWFKP72G,0
E2D87SRARX,0
414N5IEEKS,0
TXEVJJ3PK7,0
B8SMF1DTAV,0
NTVYXQTW1U,0
6RP9MI5XG7,0
UCJ6I0DQ5Y,0
SDRY94K7OK,0
FT50B9HX4O,0
S060K3WX4L,0
0VM0QY5JDN,0
FXCL7LD2UX,0
R98P44BNX9,0
XJIQBGYIRY,0
BAQ1NOMWNR,0
GE7KZ43N1X,0
723DYN2N8D,0
89S268GUSC,0
2FTSXHEKZE,0
L82X2S6HWH,0
TIETZXTW0J,0
2APXZ7SL8S,0
COABYYAG1J,0
V818ZT0H1G,0
MNTGYGDI86,0
3JS864SXOG,0
6MOVTIC0CI,0
HDFN6TBOZ5,0
UF9UJ0MSUY,0
M6FBLUE4V9,0
6PW361J4RL,0
4FAN4LMK1L,0
NMGIE8AONL,0
HU6GL5EPN8,0
CKPA8SR2RN,0
38XAQ8AB2R,0
PWGTFDC1XJ,0
C7SUCOQV2B,0
8SW502AIAI,0
TQ3UDPNHE0,0
298H2ICFJQ,0
FHKSQGV9RB,0
HMBF36S76F,0
D96MOICI5D,0
ND5V7WDHM4,1
A2LWSU7RFZ,0
QSNZ8BQK2I,0
RP3TRLRUOS,0
JKWFR5RKOP,0
VAO1V7BR70,1
Y18QRJVIX7,0
LJSA4K5H5N,0
H2QT1X9WFB,0
38FZ0Q2N3S,0
5YO8V71YZ2,0
8NPIBTZHET,0
7WHVB5NJYP,1
HB6WORHTUK,1
FZKME9ORD7,0
NLEKM8Y08S,0
3V5H1SG8T6,0
BCD2X2PK6K,0
UN9K0ULSU7,0
IXRFXESP9K,0
BLT9CB7ECD,0
9J0DIN49LC,0
0U8NTMV48Q,0
VWGLAUOR53,0
LZ48E631IB,1
9BB7PU2RFL,0
QCFHO0TNQO,0
BYO4ZGS7N3,0
FDTMI93E8Q,0
LR0P0FFWQT,0
AYD9GBA6G2,0
QVPZ9RPIXO,0
EXYXSX9D2L,0
C5F2TLPOMC,0
XOROEM724D,0
5LS6MCHHYA,0
UOJIBJMAYM,0
PJHY2XDFYC,0
099U99SR36,0
ZKIU0MQZLV,0
5D2681P84O,0
FGF4M3CWQH,0
EEWRH1VXU7,0
IVFAHQNDTW,0
QN475PCWML,0
DGZLOCWA17,0
XSQHHMVFE6,0
71NR0P7AXM,0
TDU7DT803S,0
YTZTVVVSIF,0
0S3WHA4SSR,0
T4GN072G9Z,0
SPHBS8GWJW,0
EB283WBQCH,0
DH0I0T1QKL,0
SX7VKRN40O,0
0NWMIP04LY,0
EBAIM7RRK1,0
QUWCYFY54K,0
DFMLWGTNLS,0
2Y8FCLE5W3,0
I2WZBO5PEI,0
RR8OOR102S,0
FI9K61VZE7,0
QKOF0RRIHR,0
FA77V5U8XJ,0
UI914TQ3D5,0
LUO9XSOGLP,0
NDBNDKADP4,0
53LRJYEUJL,0
KRGU8BFX9D,0
Q253X0WBDU,0
6ANQYB04X2,1
I0ZQSG3AVK,0
0WHWA338XP,0
ILB0E271BQ,0
YAI0XLPCUS,0
J5KLNLG8LJ,0
D89JKKLCNL,0
3G6FCHJOWJ,0
2A9RI6O0FH,0
G16896XM6D,0
RG3QEPH9RZ,0
A64CUL6AEJ,0
B7NDWK5D70,0
53RY0EBNIV,1
RH9GDPC5GJ,0
ZMODU2JQV7,0
MRQ3FXQ15Q,1
D7ZBN9MYST,0
GA06VKC860,0
USCB2DM539,0
RM4KRLJRGB,0
ELHU402S77,0
VAZJNQPEF8,0
VEAWC2ARRR,0
0Q43UXENYJ,0
V6FKBD19RB,0
JM310ZSIMB,0
FE51GHCOO1,0
YLL6W5LGCA,0
OBWJ2Z1HR1,1
OJ5WNB580A,1
7FPOAOVTS1,0
D6U4DS6VX3,0
C4GDVDIEJJ,1
N7GDJUQ1PR,0
YZ8AT6UA3Z,0
0OABW0BKQL,0
0BLUFPO1BG,0
XF6RYJ81NG,0
WCIQ2CC7PL,0
X4JJPRE7LQ,0
T4AWZQFP03,0
7CRHSMS498,0
PWPPTV29HF,0
ASJK1PKX2J,0
KWQJ5ZK5Q9,0
NQIW35ORV3,0
AI2VQ1NMJV,0
4DOZY97VMI,0
93G2PONNZE,0
ASRI939W51,0
J7T5CFKL5K,0
RTW7L21UXY,0
S3JGTSA3PT,0
EKK7YMU7FF,0
ZFD7AFTFWT,0
118UE22SIB,0
O7IA15G2R6,0
GR6S2ZWHJH,0
IHDS1UCX6Y,0
P17GNSDYYU,0
20PJY9JNB2,0
7RM74F8D4A,0
HNMSY9QZRP,0
U9Z4VAHN4C,1
HZB8TMPO6S,0
EGQCYYVC3G,0
HO6OGV9VN1,0
NLMCVIJGZF,0
UHTJQ1VCHD,0
GT97MVGITQ,0
2WF6W5PNZL,0
NLGZPTAU94,0
SVIW62UU9M,0
MWV5OPU95T,0
D7L4NS2HVY,0
WZ1GN2CY1Q,0
RWFK9FGIBX,0
7DJWU2IAGP,0
ARLC09HBNM,0
Z6TMYZKV13,0
9POVETIMPD,0
8D18MGLH5Y,0
P91BEODW6I,0
ZCP5XV7EO4,0
P2IMPM7FJP,1
TQXD0ZBR2U,0
TFZFDYFJHY,1
SLDM20HW8M,0
14ZP640997,0
EMC1O3LD4V,0
V39LYG45NI,0
9SYCCE2XJF,0
RV9O159SKL,1
P7RO20VLLE,0
EVV8D6FHZX,0
FWOGSAWM64,0
M8UA2K5AM2,0
MA2BQLXHCA,0
30J6KN9WNR,0
WRQCP53SGT,0
I8G8E81EXN,0
VTQZJUZY3B,0
0MBT1U3ASB,0
QX5AANZVL3,0
DZCXIZ3MOQ,0
GPIK7QLCQD,0
IUWYHEZXPF,0
JBI1C6LWGF,0
Z8ICIGSKX2,0
71RMJLVAJ8,0
XRKXM15R85,0
T6KUIWMR4G,0
4AFWJFC02T,1
P17LLW6YZG,0
8FYYXC0LWY,0
V60U5D53EE,0
E2F3SVUO69,0
76COGQZKO3,0
J50XZAQRFH,0
65ZPS7VDDR,0
9963QHWB5P,0
R6OIQ1YL9B,0
BS9P4YEIBJ,0
67TI7SLPCT,0
MSFAZVKZ9L,0
EWRECY496C,0
R67FJUX8N3,0
FT8P18L27C,0
ZJ71SQIU96,0
MXLEFI4JWL,0
LA6Y6SP8NY,0
V7WQIBJ4US,0
7O7V4V5AQJ,0
ENK010MEXY,0
1X86W73U56,0
UD26OBD3SC,0
LGML2LV3B2,0
R09BO32F4V,1
1JD7E13RQN,0
3MKKEHJR14,0
FMGN45B94T,0
CDVZJM55U5,0
ZCXO9T964D,0
HL28ZY827G,0
AIQWFQ8Q8G,1
O9WNVMDXPE,0
18X6JWFE86,0
KO58EIQHD5,0
E5OAGTNVF0,0
6CXODCXTJN,0
N8ZL5NI0QC,0
EJ1XJTKXS6,0
ODZB4FXFBF,1
FI8X0YTBZL,0
R8286VBO1V,0
FON3IZA0RQ,0
0HU430RGJP,0
ZO57J8QEIP,0
COL150IGWA,0
L7SPMQSRY4,0
E3GIO7QJ8U,0
XVFXJ7CANZ,1
VCQ9YTRB9L,0
4W2Z9UFPXA,0
2ABZH7S51T,0
FCS38HAOJ2,0
UV1O9FCMSA,0
QRWLHI0L1T,0
O04RCZRKM5,0
G335QNS0HW,0
DSZ0XZQL7R,0
1TZSNE51HC,0
PVUVKBQO1Y,0
XPPJGGLR0B,0
D22MK5E9QH,1
FTNT0T3RXR,0
V2L22ZNEG0,0
YE2PRPK3FX,0
N5D46U5DKF,0
YVKFTS10O1,0
TQD2J93KBC,0
HP05J7WSVE,0
4SP9AS3NGN,1
UQXP1XAIWF,0
NQCT9ICVKN,0
RZHNMQTFSH,0
O01YXPZ2G2,0
1AYIUGDO2X,0
L04WU5AJBE,0
ZTROYAWX74,1
N2P8CXGGZ4,0
IWBZETUEUV,1
D6HS6BRELU,0
T818XBH0GR,0
8D8FBLHV0E,0
8YIOCC03XS,0
4TUFHAMNK6,0
CEWPCPN894,0
PH97HHASXT,0
7SOXFLEYJJ,0
T4O9GLBDH3,0
Y3MH2R02LY,0
DZOS2RK75K,0
RGAEWFDEHE,0
MFEH3QDH9T,0
TCWA0KZF9T,0
WQ80KJE7EQ,0
FYGLS05DTK,1
UD03J8W3DH,0
CR51IMSV53,0
YOHIEYFRFK,0
PBDG7VT893,0
0VZRG1AMBP,0
C9S0BND1ET,0
D2LXT3DI57,0
ED8EUFSVV3,0
IMDDZE9B0T,0
01XI2467D0,0
7Z9T5W2RU8,0
61HAJYYRXQ,0
DOPB5R3LO7,0
PX8VDHG9U8,0
3KDBGV2FRN,0
9D5SADV6WJ,0
4OG041I36H,0
BR3VEKVCLI,0
73OMJLZGM1,0
YRWIY6P5D3,0
SF6V9RCI09,0
DQPXWK0HSL,0
SU3S04JMQP,0
LR8YR1R4VF,0
WDT51OWJ6Z,0
7JZ7PEURT3,0
MM9MUPJS2Z,0
KYJPUL39M4,0
X631SQY81N,0
QJUKHBLA8M,0
8NH1BRSFG1,0
6TQ78XOA6S,0
ZA4V668KFI,1
IEJO0PAUB4,0
S9HFQ9JUGC,0
9693DOP7G5,0
S2PP3G5XZ3,0
XFRURNSBYZ,0
O49HZ3WAEL,0
JDEUMX9PDK,0
C5HWF9BL21,0
0Z3FQBZ6FQ,0
A37QXCVRQ5,0
7EF29JNEDS,0
V55RAKF8XY,1
PHQPFG2HJX,1
EBPSNBDQUX,0
SHSJQ14161,0
1BIK3FPZF0,0
8XD7AOUZDC,0
MM6T09PIWW,0
XNMI4UU39J,0
5JBPZOU6DR,0
YPSL9Q978E,0
FXUKN092UI,0
V9NF5SO80E,0
9K5FT5UI2X,0
LTKHWK25CR,0
F8MT4CM8MP,0
GNKC3D2UMO,0
ANRUXZOZSV,0
HJYFA9UGXF,0
WT18FKZXR8,0
3PU4JJRNQ8,0
EC5DK0S5FU,0
07DT3EH1ZD,0
BYW4Z4BMVG,0
X7O4R649JJ,0
6MZD1DTJP3,0
SB62F6MSG3,0
KWMR4VT23K,0
A2YI4E8ZDX,0
91QZPTQD6R,0
OOHNYVKVQY,0
FZCVXWTU3L,0
Y19PQ6ZAXV,1
EOUAC2VQN9,0
S6DS9W4G3A,0
JMMI6TN39I,1
EPBLT3OO07,0
DIV2TTCAO5,0
BVOPY7P4ZD,0
XN2ED51A3N,0
U6AUIT1AGA,0
A9GCU7CTPN,0
KHIBRSU7A3,0
NT8FH5PR2F,0
MHVU86RHG4,0
71XFB7HDTZ,0
BX5LWGBMQW,0
QU0UR4V6ZX,0
N0XN6F93E3,0
WLYQA8G4N8,0
WMC7GPNO08,0
NQWBAJL3UE,0
D9BXV5WQN9,0
HIPKGW4U7B,0
HM4ZLKNV7M,0
D3ZD2LAPLR,0
OKEPPXXVV3,0
XRLWGDAVP3,0
PL1HSXOQEU,0
YOG6WX2K0D,0
SGWOJWHXJ7,0
W5MJQQ9GPC,0
SS2IAOJF7W,0
WJKKFM17NC,0
4E971EAWT2,0
3CP5HWVYKF,0
UAERJEU8IB,0
K9VI4JHIF5,0
3YDSHVIUFZ,0
7LQ9MQZXVS,0
OYTR51Y2EP,0
DA9C8OI0QB,0
URCKZV7JQG,1
IC88VS97FB,0
KXKSM0ODMV,0
HYLQ3Q6UFO,0
2PGTI686F1,0
BVKXF3REYI,0
8O0F2T3B2J,0
0ZSYRJ9SDW,0
Q8Q6HEDO8B,0
M4AINBT7Q1,0
IU3NEZMQ9V,0
M7YWK5QONH,0
E59L9IAYT1,0
KJ3THT6WCJ,0
PWCYYF7QF5,0
0WEED0ZYD0,0
AMX6B7Y7OK,1
T5URTU64DC,0
CQUTGZTLUR,0
OKF6S92AE0,0
AE1QSAPJ5W,0
GN7DQAHKMQ,0
ZIDYGEL6AU,0
6HIV27YP4T,0
9UMEO3XN6I,0
NMHBLG4OLF,0
S21FJS9AXK,1
MFIAL50H1D,0
HOMBSRQHHK,0
SV1OSBWY4C,0
XLYKXJVVVX,0
78FBX0IVYX,0
SWHAQ46QWJ,0
4UCNTNCMMB,0
YMN1THLYQG,0
6EMTVPLX9V,0
1EDQR40EY3,0
412LQR2RN9,0
O9MR3HCMNN,0
SSZW945YUK,0
UIMC523O7V,0
EIZC6ALQH4,0
F77IE43R6M,1
PO5S9BEXFO,0
1A7O92AHX0,0
TE0J67PNPJ,0
VJBKYBV6JK,0
G93A6DLJ0F,0
6F51L9B0H0,0
5VU1MQS119,0
OBEHTAIKCR,0
EOEJFDRX4K,0
C7A8SIM9CN,0
XS5Y3XKGBN,0
PU4C9N42US,0
V2HNL27NT2,0
RBT6MHKA07,0
2CLZN58AVG,0
EZ4AK700C8,0
QKZB0T538Z,0
UA2WPP74JE,0
51TPYHXXHQ,0
59DUJU4FM7,0
4FHKQ9OUQR,1
EGPZOTGLF4,0
4AFMT0R9HB,0
EQPPQDO7CL,0
SZKFPOAWIM,0
W6EEA19H6I,0
1WD1ICC1Z5,0
VEG86QY3DM,0
JHBQ8WFATX,0
WR22SJQSL4,0
EQTX7K5UKG,0
MOJB1HOIX7,0
HIL6UDVOIT,0
UK6OTXL114,0
TXT0DRYIZC,0
OXR17OQ504,1
NVP4PCTQO1,0
LU0E919FJY,0
HFFB86KJNY,0
E8VIXOSSJ3,0
S0LW4XWG6X,1
Z5HK5B02SV,0
AM8EAAMOVP,0
7ILID8TQU3,0
QGQDNIHVOG,1
YMVADJ0ZY8,0
13LI1N9MDZ,0
JHUM6ECEWR,0
SZ26SIJKAD,0
OXIAV13LKI,0
JR0JX7GZC4,0
RL57T4KOHQ,0
HI6LQQHTJ4,0
CVUVZUN9NS,0
6U98O8FL48,0
XTDPKVUEMY,0
ECT7DNFCXO,0
XMA3UCYP0L,0
D7ZIIUINQ0,0
9Q76YWM3I1,0
NYXE98YSJM,0
S9XTPIHG4B,0
U1FHS4NQIZ,0
QAQZY2CT8V,0
DN5FHFKCRJ,0
865TADF9OF,0
HFY0PXNIB0,0
UNQHG3ZQ79,0
XBWBKZZXYM,0
9K9XQMFL94,0
62HI82NN2M,0
0VN1FOY6ZR,0
P8UMPZA154,0
XE0Z6UJ5LP,0
DEYWJOG82U,0
024H07XOO7,0
3UROVYQ01P,0
9LH0N82QJ7,0
MWFPTMSYEG,0
9OGYOJVKDU,0
46MJVFQ2E5,0
820JR20ECG,0
9IKSH306WP,0
KQ9F9OEC9N,0
JVBUU0LMJP,0
PWEW7LA2QQ,0
FZAQWR3D77,0
1H80BZ3NB2,0
HMH9QFJGOH,0
09L31G6KRS,0
437NB1A5TL,0
DW5FCYO6BU,0
YQX2NG5BOA,0
E0D845PK2B,0
HJ904VFEMU,0
A00F46HG7W,0
NS8LO6QVOI,0
2KKJWAN7GJ,0
EWFVHMZ6Z4,1
3S3QQPO913,0
VSWNR82G1N,0
ZU8Y00RLEZ,0
XEQC98VYUF,0
WDQRV2SKIX,0
YHAWJINSTA,0
EMH8LRX6H0,0
X6LSB2TAGI,0
AT1IQY5U8Q,0
ETTL78UR1Z,0
9PZD2G5MR0,0
19VF01PS59,0
734LXOWI6L,0
A8OHBEOM5P,0
9SDUBT1JQ7,0
6F9XJP10K1,0
NELJW7FS93,0
DRPQJD4ZAQ,0
3CKDUDOCLV,1
QNILTV93AH,0
XBGNQ4J0B9,0
9J5AYQ0J8N,1
FMC3OQ6CWH,0
YSQXONYJYA,0
CO4H0ZZB68,0
EYFCF0N3XO,0
GDV9WYBDQB,0
51Q9U2WPY6,0
OO8U2E1G9E,0
2NKQGVWUVZ,0
N7DJQUM34J,0
BC4LW6SA3V,0
E7PLYXF6RJ,0
P50VZN4JAJ,0
ZTAEXDFCL8,1
CTM5Z47LA9,0
5IVW8MDL9I,0
OX2CMRG1M4,0
CIU0B7GJLX,0
LCBYDYZBNO,1
P5015VNPCQ,0
9PSL229IWU,0
JU4Y4ICNJC,0
KEW4PI75SW,0
NGKSXOTTMP,0
JN2AJBVTVB,0
FQ5784JIZJ,0
FDBYHRWWLU,0
IU33ZFTJV6,0
JPVRMI26P4,0
O949579GSX,0
T1U8MBIEDN,0
OVKX0A5WWI,0
P5Q8UIRVNE,0
1DYKSY1EFX,1
PARMEKVJVO,0
MTUYVCVDB6,0
2AASD6WCYT,0
2M9OL3B695,0
V48QGVIH7L,0
BGM90IUPUY,0
NOYDBK1YVP,0
DW7EI8826B,0
UOHFP2D05Y,0
HVW2BK0QX9,0
51Q84LOO41,0
PI5CGQ0IIS,0
WS8BKFX6ZR,0
RNXEZYN5UJ,0
KTO33L2SYG,0
ZJ348ZDW4N,0
W09Z3TKI04,0
AODAGFPF7H,0
V3VEJKE3BC,0
OIG2CN7JO7,0
JSRWUKJDFW,0
V9CEVZXMWX,0
ZWTE5QCNZP,0
OL8SQ9IZCP,0
SRTD4FTPZI,1
J5RI1S2GWF,0
Y5FPG37PEC,0
Z9WCIT8QTX,0
0DAT782CM4,0
VJ3BAIQFPL,0
TLW7BAF80P,0
TTCE22FXG4,0
3K5NE4L16Y,0
CX5NF6ICSF,1
0ULH358W76,0
TOOQHSWZU9,0
30WWQP4TEY,0
3BXKBC0LI0,0
JOFT5JCKAX,0
ZRHWYHZHV4,0
3A9GZJX7BF,0
3E8U8G2IIH,0
G9AYTCU9N9,1
DTT6GHAZU9,0
H6V2NBB6M3,0
CYRPL3ZRLZ,0
3B57JPVZIS,0
PQOBTLXIMR,0
CDLI4WIJTP,0
V1OFX506W6,0
9CQCM1109L,0
YP7JFICW6V,0
0AICYGVVVC,0
BF3VRAE35D,0
NIJVYJDIS6,0
STRO7U0LHF,0
SW3QKFYVYQ,0
XHO2YWFLU8,0
5ZXDQBK9F9,0
5H6CEU5IT4,0
KN0GEFDBV9,0
1QVSBIK3IJ,1
GB76JD95PJ,0
1ELQCSSQMX,0
MDWL32NE71,0
4V6E7BZ23U,0
4S4E7Q6BEM,1
77EG2NIP4K,0
B8BJWS234W,1
JU7WEN5CLK,0
PQZ4PQT5AN,0
OUPE7TM0FV,0
DORBO8XAXZ,0
XUTR2VHRA7,0
ASKGAH9RCP,0
9R1N3GI21W,0
9AXO8FRQ0Y,0
VJC8IHW0SC,0
93578VC9VG,1
9UTAITUK9C,0
BM7MVPQVH5,0
YFT2AFS8R7,0
S2EDFKZDQL,0
5EKFYJMQFS,0
XC7BSNAQX6,1
T87WU7BI9W,0
QIXMN6IR7W,0
NBFMWQAK50,1
S9YDP049UT,0
ZYCPC5TLTO,0
9AXLO4D0EN,0
UAN1VQPVGA,0
Z8KQYB8GHS,0
WGHT69RXOH,0
3YB7RRMG45,0
Z2TGS5AHI1,0
SIP2V4STYE,1
T353L3CIAY,0
EOGKBSFAJC,0
NJREAPAXLE,0
XN73ER9PO1,0
GC6BIHZ6UR,0
4QRKSD9JT3,0
1O3T37DLT9,0
P0UR0FIL93,0
6JYHSI4SY7,0
3QJRA4PV7J,0
QUH1FHT282,1
ZLP00AOR6D,0
ZH2J91EASA,0
W7LKA1JTGP,0
262T3JFY02,0
NABRYWGAW5,0
R1MHZ6AY5K,0
XKGLAVGOPZ,0
LM5DBVJ82R,1
CWLNDY6QLM,1
AM7G5Q91AC,0
ZBMLVCRX3O,0
E1J6H0WBKM,0
6ET94XHQDV,0
IWAWRPY357,0
JC2JTLCI90,0
OVLFV258ZE,0
22I52PF0W0,0
UOZEFYBMA9,0
1RHHOM3HM9,0
TM2LUA91H1,0
77YEL6I1GG,0
X504ND60BE,0
D7LML3OE2B,0
QQ0DAVXIT9,0
DICI2I4RCB,0
9KQEBCZ0MW,0
D0XNEO4RBK,0
B7HCF8M84H,1
CBS40LWV1A,0
I20BRV1RTV,0
YKBSJV4XGD,1
JWQ4LIDTDN,0
6491IVFRH7,1
LQZOY5N6EN,1
RTZYOJZ9W2,0
OQPA8USI8T,0
PQRUB4OZFS,0
PMNYCCSZP1,0
BVYKGDXIS2,0
9WRP0Z94C6,0
UMCQTXH2M9,0
0V9EI08KPW,0
X29FVB6LEU,1
IW2NU3VC6C,0
RJ6NL49MNS,1
86FAU6N35H,0
B0O0L8TOTB,0
FM7JTS5MJS,0
O0WQXLJ7FO,0
PMCSC5K6OY,0
7DMMVWW58I,0
4RAXCV1LYX,0
QLN932NJP6,0
ZEL9T6619G,0
7593LLV1W7,0
YFNBJ4FILL,0
TWW9CV3OAO,0
C43AG9QBVL,0
0GQMLIH597,0
1LGXJWUVGH,0
27JFZEYI91,0
05KD7M678K,0
8CBCEWW9J3,0
7CS18Z0U3B,0
RDWRRHU6LH,0
ZMRX5J062C,0
L7IJ252V00,0
SAX5TV7U0S,0
95Q0B60WK4,0
7YHYOH5J8Z,1
FIBWX1H44C,0
MT4ADLFATP,0
4RY0AMWH3W,0
B9AV2Q21S3,0
US6CGYCXKR,0
DMUHI323EG,0
6M0K9OTCJ3,0
MH8XBNJKQ7,0
K3V6WMW0UA,0
7KH62NWDW9,0
O26L8CXA48,0
J05XH92177,0
JXDUFYGU9F,0
GRZB2KL3P2,0
ID86JAPSAC,0
HWN2UV90SZ,0
MXZLNNF312,0
HIM5BC164S,0
89JN2U8KGI,0
2JER3XI0KA,0
EFLHDEBXT7,0
9CF073H2WQ,1
G87L2K81OQ,0
KTXHFJXWNU,0
6E6I2AIB1T,0
YESN7ZEVQU,0
M6NMWPUF5Q,0
9C6ZTP59VX,0
OCT9HLZV6D,0
EIDAVTUIL8,1
3UEXVFFHT1,0
IP9BLZEJ5C,1
C6MJYPA24H,0
2X5J4P1TT9,1
2FXR76GF9P,0
MAAQC53A2X,0
451PEYEUNT,0
A48U0VUA9H,0
I841X7MI5C,0
GCZGU2EILN,0
K2EK15H8ET,0
AZUVE6P1M9,0
N2TZAPFSVE,0
9H2ERHUT8A,0
73WKXHMNGN,0
OEJMZADR8R,0
WIHRS41J1Z,0
9YA49LJN89,0
239H7O9QNH,0
WLJTBEN76K,0
00TW4XMEB5,0
QC6WOQAESE,0
VWCKBKNMF2,0
ELMXC4QPTH,0
7VZ8KBF367,1
JVBHK29LZC,0
OO4ZCFBNNZ,1
VDYXT94EV4,0
I98I1JB4YO,0
6TQ73CE1AI,0
LCGYMNY6A0,0
2SBH4HH530,0
UWYUDWHDDO,0
98RM518QY8,0
CRJIKCKEKP,0
TMH586BDF1,0
PPNI2OB2L8,0
DV9DP7JDFX,0
X0MZ31H4M2,1
5LPKD2TG9Q,0
OBWV86C1AH,0
DBFE7FDL03,0
8TGOVI8VCI,0
0NIBRWHM29,0
XMW9QFCRQT,0
QJ1565RI27,0
XO4AODGGK4,0
DFSAYGNF6B,0
L6VQV45RIB,0
NC0NRLUDSN,0
SHVLX9B179,0
TNX07U90OA,1
7S08BR6WD8,0
9539E1RGZ2,0
B2N9A432Y0,0
79ILHXQG9B,0
JQ3LLL9VVG,0
2YZA2R8HV8,0
2XAAI2CDTK,0
2TAXPPTSG7,0
PTS3A7CNQM,0
VTXU5Y439F,1
7OAYYH545P,1
IJ4BZKTQK5,0
JUMB702GFP,1
7ZEQC4YWLK,0
J04WMLGHLJ,0
9G7BHPS1L2,0
PG44I2J41U,0
VUMDM91K0A,0
FK9SJJ6TDT,0
R98YKD781G,0
7LWOCDI37F,0
BKS3KAMCNT,0
Z3SJDKXN0C,0
4F6BVJYLTL,0
U5SVXUETBY,0
93GTEKHW2E,0
XUI7CAQNE8,0
F2HH9IMJHF,0
YZ1WYMJU2T,1
4SMGKNQIST,0
OM1SHNU7XZ,1
UIO2GQ40CX,0
OR9J9X1258,0
TJ2QXMAA69,0
5IMTHSF76E,0
TYE9EXJDZI,0
D2A0M06IQ3,0
X59TAGAV91,0
DAPWQN8ZKU,0
DABQG5MOTX,0
H0WMOQ6ZK9,0
T7FJS4R1O0,0
FJT6FLS3IH,0
AUPPLQGT9D,0
8S3MXNS6IW,0
2B0DDTC1MX,0
SMKEW5U7V4,0
UW9B3YP59W,0
ST3MC3AWJ5,1
G0BG0SVL7G,0
OD2PPATDLP,0
LNCHX8TL1Q,0
7N1O9LCMWV,1
7GEKJWFEPJ,0
SBAQAM9DUU,0
3CWI4MOPUV,0
GZKZI6UG7K,0
HFRD50V4WS,0
B8LHHV97Q3,0
7N3ES7MY5Y,0
23X7P1FG1B,0
LDOCTYJF38,0
RE91F9FEQI,0
TV0OEVTD7B,0
Y9OGLGTY5M,0
NVLGJEYYXJ,0
PDECII33WN,0
UD9RUKOIOZ,0
NZ4AK5L8DA,0
V53X4QWHXY,0
V9UMRGHRSX,1
Y0UJ3KQWVG,0
6XIT9RX3TM,0
BN9YUTS5YM,0
N5WKJWW9GB,0
WSV9JVP6YY,0
BN73PFTFGA,0
7A05TLVMSW,0
QO44FTHM9Q,0
25TOFKJTD4,0
TG22V9PWEG,1
CJH9NJ7OLW,0
V0SCHSJWOC,0
IOY6SB4QWB,0
RHYHSVK35S,0
45OTD9A0EZ,0
WVR84WLM12,0
E89AAZVU0V,0
P1CBTFASZE,0
ZPRX4VAY4R,0
6T452HJ14Q,0
45HW7LP6JM,0
UQEQPX0QG0,1
KYOC0N9QRN,0
EWEW1FMKJ6,0
ICSQZBBGN3,0
N3JUGDSJIJ,0
9OKKLKYCIQ,0
68FVYODJTZ,0
4H2WD9YOFL,0
MM3IZQEBBS,0
4M28QDEGGA,0
D3XXPHM5S6,0
X72SMC62P3,0
I4NLNKNRDK,0
RAECX259A6,0
Q2G54IRCXX,0
I6MHMT8AME,1
XZ5RB2BEOA,0
9IXJ34G2PZ,0
VYOMFN97C0,0
ZN9R30IRJI,0
H94IK4UA1W,0
5R33Q0LLPW,0
EO4DVD4GNO,0
129Z3Y6XIS,0
SK7GESUKS3,0
EZRULSJ1QB,0
YDRWLYZX0V,0
T5ZPUW7OHA,0
328H5WYNSD,0
1YW5BZ5JND,0
MF821V0ZAC,0
HARIW5JBUZ,0
OXASOP73BB,0
1CV66DBPB6,0
LOEFO7494Z,0
QIM37SFV38,0
D8SOBUQZTC,0
ED3OI1ITSH,0
W8GV8MHFXJ,0
G4ZQAMG674,0
ATQZ4DY04H,0
E9BM46U33N,1
NHQRFNRA6E,0
L7BP4D835P,0
EWBGPG3VR2,0
S1EESQZN8Y,0
GW6YJ0KHMF,0
RQXMZD55BT,0
1UPXIPLK21,0
8J7W82ZJTM,0
3LY6QNTCO8,0
KQZMX3DAZ3,0
DSDLH7P886,0
F7ALLRA8EK,0
FIVUI5DECI,0
11AF8H1G2F,0
K4T78H83BP,0
T34LIFS9SX,0
8E2YDQZBH4,0
13ODUSN9RD,0
ILYN2ZJP4L,0
WRIW42S17C,0
324KOY23NK,0
P3QBRPTARV,0
RWWWVHIY81,0
J9GCNZGM1A,0
JYHZ7YZC6E,0
35U3VM2UOD,0
IDBH6D2NUG,0
LPHT48RT1A,0
LCE6Y4O37V,0
6IHENWY167,0
SLLYPG46K8,0
02MAV2JKT5,0
5IQ91M56AS,0
52QCBIXTFT,0
FQ5VKPSWM7,0
0YHO90NCU1,0
HYEPZNFLQ7,0
LOZJZK9W49,0
69RCBU24GS,0
X3XW2CKHG0,0
DZHSLCWILO,0
Y1CQANJB2N,0
D0PMVC4XFJ,0
89GXNWDB2E,0
90JKT2RLOQ,0
5FNQ8A9JDK,0
5MQ1Z0WOXC,0
WGD5NESXF9,0
2CPKKZ0EXI,0
RJZPL5Z0HN,0
3GA064IFRV,0
ZSLA60FZGB,0
8KLDTY2G1X,0
831PE41VHD,1
MDRJNUSLX5,0
MN00L9PSU2,0
YML8GPXVKV,0
1FBPUG3LCQ,0
05TADYSS52,0
BKX3I0TQHA,0
3MO8WOZ7NV,0
UP4Y0WTX6H,0
02RLBB6Y4S,0
UC0JGH7JGT,0
DGESYLZ7BP,0
T121OK0TS0,0
QV8CJF4H36,0
XPOY5ZHKGW,0
EJA650RLOL,0
1SSWNSQ1L9,0
SCXGH34VWS,0
H8A6IAVE8L,0
8TOVF2XL1W,0
QK4UH0RV5I,0
2HGOSLRDRR,0
93P4GA6FEX,0
BJNRK30EJ6,0
W3S5N4802K,0
5CNUYMYNG0,0
14L5ENUASA,0
JG1GVQLYHT,0
1WOFYR9J68,0
PRSTMU7ZL5,0
BNAB705G4E,0
K6O3LXIQHA,0
7AX2GQNE1S,1
I9BXQDBJCR,0
6OLMZIU3PX,0
OESRSFZROS,0
3DYLMJAA67,0
R0HNTSOZ5Q,0
0ANMZ1I2VT,0
Z1BNVJZD99,0
YN7X2S5WY5,0
7IHM773QDD,0
T6NQKYV3KH,0
5HKJWZU3PA,1
21NV31XBQK,0
EIGUG0WWB9,1
T0Y30NQGMR,0
3QK8UGCH9S,0
WYM21E2629,0
X7EOX6YHAP,0
EMYX5T26UQ,0
5JSYX2GBS2,0
7ZLANO043G,0
UDDJELVIL2,0
4OE48ZO72Y,0
M0MR16FM22,0
FCNI383F2O,0
QAVVFV92C1,0
C9NC6FHAEG,0
FIWTCTE69B,0
WEPQ25VA9S,0
KBYN30NG5M,0
M0KWJ1PK13,0
F0CLI4C6MF,0
KIKQSRJ5AA,0
DQO3E2KE60,0
GR7H912BWT,0
WKOEZJN393,0
DUAXSU5VUR,0
A47FM2TYZH,1
T1RYKVE30S,0
BUL4SKCPYV,0
XCTI5PO6Z4,0
LK0LOJYGBH,0
YGA4BG1V7D,0
FYNVHJCX0U,0
TCBDL0A5PJ,0
YU6OWUO1CV,0
B9BNK82VP4,0
58WJ6HVHCJ,0
4X63ZOH9Y4,0
33RBH1NX3U,0
V4C0V1A74K,0
P19IYKISZU,0
MXEMU34NDY,1
AVJ20XLOJJ,0
07MJTVIB9U,0
BSFL0Y7VFR,0
UV4HX3RW0L,0
XP8TM7CLSX,0
HR5Y1C1G0B,0
HM7P866BWI,0
OQ916ANLRX,0
XCV2XJZKL5,0
ZGK5LN7E10,0
BISEZ45TTN,0
DD4V2CZUB2,0
JQ7L78ZUY6,0
N3IPN393UX,0
V0DOGAKZBZ,1
NRWUVATHSI,0
A0KL7QUCUO,0
DI9U5AA4UV,0
BGMCHQE8IQ,0
U2BQH21YMW,0
HON207W28O,0
4FQDJAOQRY,1
3R26VLV85L,0
AM75ENKQRB,0
4D11S96YQN,0
OSCJEQEIZN,0
UFQW4I1JDM,0
F32Q0M3A1R,0
MGS33DEOU5,0
2OYLARF8H7,0
QBZHQ8Q7E7,0
FB9JHHGHIG,0
ORT14K5T0G,0
KC5G8RBQNE,0
VMJGH2SH6M,0
VCM3JONE7D,0
NBZBF7DGQS,0
5OPLHXOWWY,0
A6LMUZV0CB,0
GIROYHSH05,0
ZT04HQZQI5,0
TV5UMO45XI,0
3N86KR2DXQ,0
QDJ5PDLN5V,1
SM51EB8Q48,0
HFJPAQA03N,0
MRHHRC7YA8,0
XDPV0ZY17V,0
2QLIC7BP5G,0
1CZ3MM92A2,0
X54FKDAQQ3,0
7L56KUBV1M,0
753WJCOWQ1,0
DC2WY4BIDT,0
WM5TG7JTBL,0
4YSKDCYQHC,0
EQ7F74D5LM,1
FKHB8JTVD8,0
YZJ1QBQHR0,0
RZLM3LV5ZO,0
M8I9QAP7RL,0
WYDQSQ6G6Z,0
WJ9GSVH9X3,0
3K3FGTZVW2,0
L7KRBV6LC3,0
5LVRKPKA1S,0
5AZU5R4SO6,0
L5O74YTVN8,0
ZSG1IIH8S0,0
S4RVTE5Z64,0
BGSDTM1K35,0
O0UIEHU89F,0
C27F527MM2,0
736FXK99R1,0
UC0FHNGI78,0
5WCTB5VWG7,0
8LD7E2QGUE,0
0F2QHHO0BF,0
WI8G791Z2C,0
T0M5382PMK,0
UH0HD54O4J,0
MHCXSN0HXM,0
4R9K9ER31Q,0
5D4ZIRQRM5,0
2IY35Q07B9,0
9CBL9T1H6A,0
5TAJK0F9NX,0
XWQM2ZBG36,0
VI5WIXTXGZ,0
4X17634V08,0
G9MEZN3J90,0
X4L0FYN3DS,0
W711NWPK96,0
A3GWKJ2MV6,0
FSZ4ROCI7G,0
UF4TVJ206M,0
W8LG3DJUSU,0
A3C8DXO9H4,0
KBFGQ6EW3G,0
MST9P03FRH,0
R5TPLFMRND,0
1CEQO7IOLR,0
XATXMOC0AP,0
IK706D3YWZ,0
AUDOPPR7D9,1
4IRS76LNEN,0
1EE5W49P2H,0
0XHJ8PNN6J,1
TD664HCRAS,0
M98B70E67T,0
82T4AKANX1,0
CHK2G5QAND,0
OS04SZK889,0
U2VIO1PWDC,0
W8A7G55QDH,0
IKCFS62FKR,0
NF08OPINP8,0
MNFHDGEHOA,0
4MFP0F8ZE3,0
SWMJV5BX1K,1
N1BH556383,0
03VR5H8B0F,0
QHQ0FQ613H,0
HTFB1NY4B0,0
TD68GF0TT0,0
2U9CZFLNMH,0
ODK7RHYGZV,0
06MJCILBL0,1
8WLOPLID2M,0
JY4USI3QWY,0
235DRXP2MK,0
14AOMLYB9S,0
FNUX9GG052,0
GALFZ5F1S0,0
9ART19UGWQ,0
ZQBQUGPDGY,0
Y7S91107BD,0
6XF56CUONK,0
YFP7NV822O,0
QMSN5EMPAX,0
G4DFRXSGU2,0
QYCCZ2SKBG,0
MGE6E9WF0A,0
FD9CWYFY3I,0
KE6QHOE9Z1,0
5QR3GHL7V4,0
BKLXMJR063,0
CY6LH4P949,0
9SX6I2YWR5,0
9WS0RIWWPU,0
AGD67R1ZNV,0
1GMBDLQGS5,0
B5RLCV8BJ2,0
635T2ADI0C,0
36GA6ML2IF,0
VBU7OGBJYR,0
A98KT0ZF8G,0
PV2U4D9QEX,0
2QBIEWXPTN,0
00QCILI2DB,0
X7YVCRWMP9,0
HPII9WVVAA,0
FU3NM39QUZ,0
3PNDXS9O7F,0
OW6EWDWPVC,0
0ZCG5F0SI2,0
87VPPHG7KU,0
XX3GCO0ZBF,0
YKWV1V49LZ,0
O37J8DM5YO,0
WJQBI32M77,0
ALLTCVR5SO,0
5UKTIE8FW2,1
4MB8QDDAOF,0
N9ZPSQC9FO,0
R9PW63JT8Q,0
LNXULCES80,0
GZJ0LY2XTX,0
SGTBRT02FV,0
ZE66X2AZ1J,1
XME6YUC5BL,0
8ERD7NX25E,0
SLVSE3BOOQ,0
IBCAZYTV3T,0
J5F6HVNV8W,0
95Q2XLOF2K,0
TRQMD7OCRB,0
AYDNIXAW5E,0
FXB2JR5Q5W,0
W7ITQSTFQ9,0
EVF31FPGUR,0
Y75HEK5JBD,0
BF3NR09JO1,0
6WDI7CGU1G,0
EMJ6106V6M,0
X4EXS95A39,0
19WXL9CMDC,0
O7YHW67YUM,0
8XE6RG4RO0,0
FWUST8RRAY,0
OGBZKR707M,0
N1I59I1AP4,0
XLN5BG5OAT,0
WH0GIW8KJM,0
HZ4J9M1TNS,0
05R53YDT94,0
W8DAVMSUK6,0
ANQ2ZWEIU8,0
1M606ODL3B,0
BVEQ2WYZPL,0
5YCC4OPD26,0
VFVDSXF1X1,0
PRBWPJAE5O,0
M6GJRKXMUA,0
DV9YBXBUPP,0
UKE6TW4JJ9,0
F4LLFTEHTI,0
4E6PGIJBIP,0
Q3R237EZ6E,0
82B815KQQB,0
CMM0HNVH5G,0
5LHICQIYZG,0
L5NY5TA5UH,0
72EWAHZ3C8,0
PVRQ37OW1N,0
MBOURTK81V,0
Y7IO6FJ3US,0
ZWJJ28B03I,0
D6ONVRIWQO,0
SXW6XPLN8W,0
6TPLN2PT2Y,0
FMXK75VY80,0
OTCAAPFNMB,0
Y4SYO31LD1,0
0PXDIG1RE4,0
BJHJBLIPY5,0
S3GGTG0QF5,0
UDV0WQFMNJ,0
U0EU5VB5TC,0
BICNPYPSDY,0
9EMVAY0ZD8,1
83JRQH0YSH,0
WGEHTC7O7W,0
OHKSCE6K7W,0
QU7EYWAWN4,0
VXICLYXJNI,0
AAMFYAM8PV,0
483A9HG6A4,0
T114BXBLJU,0
NR5LV88F4F,0
DKJLFEGB22,0
VX9K6FMR3Q,0
57GQJH0FPY,0
WYIRMG91CX,1
JJPS09CVWR,0
V0BQAF528V,0
7DTLAN16FH,0
XGX6T9HGG1,0
ND0ORVK138,0
WFMFJ0GK69,0
I61SB3ZAP1,0
SFS26IMHTW,0
C29NO6P4Q7,0
OV48WMWO49,0
SLPJTX31MN,0
HEVRQQ52IU,0
1D001K7EM8,0
DJFLY7HQPE,0
W1XJ9B62BK,0
P8SU590UTD,0
ZCRV0GZ7Y7,0
YLY9HZ74UR,0
OC3R49ATQH,0
1UN6O50CME,0
36YKSTGG0D,0
GUZZBBZSLU,0
9D1E96Q9WV,0
RFV2TDERRB,0
I5UC9C7J54,0
T16VM3X0WX,0
1HKTOJSO1H,0
6FCM7K49EC,0
QVZL2XRG8U,0
1NNW11U32H,0
JBBJMKKVTW,0
K6H38PKFH6,0
0A2BSJE9VH,0
QTQM6Y209M,0
N29NWWRPYR,0
X0GWP0UFDJ,0
XPOZ8C6JSF,0
L0K1LEWJQ3,0
KT120C4O21,0
KH3SVIAS14,0
R2Q15P3QE1,0
A42TKBZ3H3,0
Z4CBN7KVHB,0
8Q3SQGKXHQ,0
4KGLD1OQKG,0
WSXTP062XG,0
2EODIA1U52,0
OVFVVSDAI5,0
4LRL7WXLKP,0
LCCKGQY61X,0
74AYNT22P2,0
PYSH5QX3VG,0
Q1AIXQEFNN,0
9T5WVLKIPO,0
OARA6YS1TQ,0
1P0OIB2NB4,0
3C2HJQFC59,0
OIHOBD1RB3,0
TW1RQ4J8W2,0
I6DOA1F4PB,0
IIQHR02O84,0
91DOWH1GTG,0
Z5SKHCGVZY,0
UWK5NXGPKL,0
LWFO3WELFB,0
8RA18XIY15,0
WKS67U2QFW,0
J6DU2I0ZL7,0
1Q6B25LR94,0
CFR8640Y3O,0
6PUPIDW4Z9,1
UW2E8G1F3N,0
G5FGN6XD6W,1
QUMZL7QNED,0
Q2R1JJ265Q,0
7WDNKYVI0V,0
5HYEHQPAET,0
U3BOUL8Z3Q,0
YD0EUZ6ENJ,0
RLRF38HHLU,0
LSRUIVOX7L,0
IDV73MTTQ1,0
NF0ASVVNJ7,0
UK2I82P4MV,1
O8MHWHCDAG,0
TTKDFXN3A7,0
DGEOCMIPIE,0
I2LVTTGC50,0
SIK3DSR8BF,1
4ISMB57QY7,0
ZLK2Q5HFBM,0
9BVTRIBSFP,0
KA7LHQ6Z8H,0
4X0M6W3DFC,0
1J6AMPLTJ9,0
57CUE8NFKL,0
MY6Z2IWYB6,0
VEOGTMIYJ2,0
VZUDTOKMCP,0
208D9KC0X7,0
XRTWIJ63WQ,0
7VU3YUD5R5,0
B01QXD507A,0
9JGGK8N0Y2,0
AUXCNKOPGL,0
YK0GXZ60R2,1
GG41R46N81,0
6COWFMFZ8G,0
7VKEJ74I95,0
BUHGHY7ZHV,0
AXAJS6WGLX,0
LWW9UQ7CYG,0
7BST1QK91F,0
H84X6N8D7E,0
Q4M6EXOD0E,0
P8YU4GS7G5,0
H5158AWQTB,0
LHOI0EMKRX,0
Y83138RICC,0
0QMO6CDY38,0
P58M241KVE,0
ULMHHI011V,0
7VZU80NK5O,0
NPWYL7Z262,0
V8JDPWI841,0
RTNQC1PL6H,0
DXX9EPFXLB,1
0P7ZR7ANMD,0
UIY9UPGDAH,0
5N53QR5OSQ,0
HQBWZJRX3F,0
VNJVFL8P3L,0
43X760MS4G,0
TC77PIMLM7,0
DEMHFNZ74Q,0
LHXL44HHY9,0
38XSRCT3YB,0
AB0I43FLBJ,0
HA12VXXYY6,0
HU9GVB6V17,0
K5CGYJNMA1,0
TEVDXUWT0X,0
7N5HRCWC2H,0
QDBTQ7G7UO,1
2VDNGFYPE6,0
HXAEWD5XN6,0
8LX0LK8Y7J,0
DT1TMO3WY7,0
16A3GPG018,0
UK4K534ER9,0
Q6NCXAOZ1T,0
MI2UME8O9K,0
3621WLW2JU,0
16AMIEVWZX,0
PDFZHQ9Q7S,0
8QHKN4ZKEB,0
TEI2ND98A2,0
FVLKVI7ZKW,0
03VNHWDWO7,0
9NGN1ELZ1I,0
ZENZU18RPI,0
B9RBFYCGYJ,0
1AEIRMSW39,0
M475NNV4CV,0
8I0SJ5R61U,0
P3LPV7E7TK,0
75NL83ZMYJ,0
HSEEFERUPW,0
H5K6RALCLU,0
0HEHJQCZNV,0
T9RPPIT49N,0
MHQEFNSTLP,0
9AK2KTO80S,0
7IFQXUONDB,0
OU03IA1SL0,0
MP8FPRLBQ1,0
5DTJBLYGVF,0
JQMLI7RYOI,0
QKCGZSEILB,0
FYPMFN8LKK,0
N8HPLU4BWY,0
F4O9D8XKCN,0
T692SOADGW,0
WF25HTA5WD,0
6AGKSLED3P,0
1KT77MT9XW,0
N4U4QND3GF,0
2CAGPVAZKD,0
JYME6UTR9K,0
Z68ZR9PTJS,0
XLVE6IQ8HI,0
FOXM9MWTCN,0
JCX9J8DYUM,0
GV252O0DDV,1
0BK5S63YJU,0
X32PUHOZEH,0
QF4F77K3QX,0
ECQEEP5NON,0
KM2A5NKKCX,0
6VEO86DMUL,1
VVMR2RIF0Q,0
TZ3TNIUEBW,0
XK08Z55RO3,0
KW79TNQKFR,0
3HRO9IF78S,0
8GRTBYQA74,0
TCI9BR0UQG,0
YH769UZ63V,0
IWA576VUXC,0
50E427PO5P,0
XPZNHK9UF3,0
CC6UA0PKO1,0
D9XLEPJF36,0
4Z6YHZ547M,0
Y10MARVZRU,0
PHUXGXVHPI,0
9T24RP9XD8,0
31U5HMS8NQ,0
M4G06QJP74,0
GFWG2I17EB,0
VLHOAFCMYU,0
6EHRN3KZWF,0
UFEL87G6RH,1
E15QGP9BCM,1
FMHXA761JT,0
MF7YJ107RK,0
C1TFBO0JT6,0
WOWF02AZLP,0
F3AE5N4KMH,0
KZTYALS7RQ,0
X24ZXJ7RKF,0
MOTETRCYPY,0
LXNJ8OWP7H,0
9HDAFWK79O,0
UNUIUP7MML,0
OJV6CL4MCB,0
LTGX9Q0HC1,1
6K37VJ0NGZ,0
PQ70VYRIVB,0
YCFZ4RYSQL,0
H1KVB3LNX6,0
6YD1NFV6HH,0
BTI8TLFVCI,0
0TNQXR3I83,0
J934RUPR48,0
SZGHVWUWYT,0
TG2QB789N0,0
5HWIMNS1HV,0
1QETKBNRXG,0
M123JBCAK0,0
EZAUH3KCLX,0
0KXV3RP20T,0
VKWGIPLBSH,0
AX00TKYTM5,0
61Y6YUSJLL,0
RJM8QBCM76,0
6RS7UJMN7A,0
Y8HWSY2H8X,0
UUWXDM6M7J,0
NIKM7SAYB9,0
5J5RWMETUK,0
5Z405FUDGI,0
6ZTSQXYB99,0
WZDHKH7VE1,0
TNE4WWJMMV,0
C2WOLI4K7O,0
94HCDIYBIO,0
XQNVWA1NDT,0
HVCSBDW1J4,0
VC6R3OY00A,0
A17T4HWB8B,0
23KHXUNJ3N,0
J2ROLWP8SX,0
28VHTVQFVQ,0
F72SA2BCPA,0
RM7LPYKFHB,0
SVOJJ5I1NJ,1
735V8WOBVY,0
YIF15K39QA,0
37XEOLNHQ2,0
RGR963BIIN,1
II7QVXVM5G,0
6YOQPJ3244,0
7PIYP3GUVX,0
MJF1DQNG88,0
R02OMWG00P,0
460SEWKOLP,0
YNI5WBD84X,0
PVDGAU1B4E,0
PYRR2V4QSL,0
399OEY7O7O,0
XU5Z6LTI1L,0
QWIELGOPGH,0
GQXFHHMNAC,0
7B6FRDEW86,1
CQU3E9KK06,0
COCHQBH7OZ,0
ZH6MLMRT9Q,0
PHU0L7W21H,0
7PJ4ZQLFAN,0
UWEJ2FSNWK,0
48O1GQTCLI,0
1E0ABSEBID,0
WJ6OZ9ME3G,0
5OLCMLLORV,0
LREK4BN9J2,0
BMNLSA3W3A,0
XAWH3UUD0H,0
IEJQL8ECTK,1
X68W6MZZHH,0
BHK7RK5PN4,0
BS348PEE70,0
FQPK6X4VRM,0
JYCV31V0K0,0
18RFMO5GP0,0
5LZSHIDL5Z,0
6ZXMNDCEM0,0
H10MBDIDLT,0
1UAKLOYDBY,0
BIUQLCQHP3,0
ZE95VKYJPH,1
1LKR8L7887,0
AQLXR7NWR9,0
VTR0JP3QAA,0
8FQHLEKGSG,0
BVIY8AGKU4,0
D16751BJMS,0
WSPMXSFCRM,0
400QQUYJLI,0
VJP12N2PZN,0
BT0C8FGKRA,0
AAL5I3A96V,0
MAWMQCBJF9,0
NJ3YQBMXV2,0
SMFXBZIW9Y,0
1IM07E7F98,0
PS8AU6GMZ3,0
25JF13J8P4,0
22LJK4OLB1,0
UO55D16ULM,0
6OFM0FIQX4,0
ZCPXLA40ET,0
XXTFVRYQOG,0
8580TRT3P8,0
01ORWVEUGT,0
ENA5A7YJMR,0
6XTBT5JH68,0
GXA4X435GJ,1
9BTZMQAW7P,0
LDQMEC86L4,0
KX9DESARG3,0
394HYIK7DT,1
Y193LX8LFZ,0
Y8ODK90CRB,0
WGOMV89ULN,0
9EQ5MK9XUI,0
RAOFFAEU2N,0
8ONGAPGJX4,0
GQLSDA8I2Y,0
DROAJZCDR9,0
R8970NGFAA,0
HZ9YXYPD6J,0
2LPE3V9NKG,0
IU2M1R69P0,0
WO1A8T73M1,0
KTHCG6H0LM,0
FU1CAGXOIM,0
4CGMJWE453,0
NAU0EPL326,0
33VDHZF21J,0
SSA3HSGU5N,0
PLZ8COY3Q1,0
5S3B6OYVLE,0
WKTLI0PTME,0
LMTFJPE9JP,0
UUSDG8M7WK,0
KMII0HB8M8,0
LKMJ7GRXE3,0
NFB0D743ZS,0
5S5FPCXALS,0
TJ0R6KQBOE,0
RVSLOU065Z,0
E63OM3UMR4,0
ELH4XGRDPI,1
GZSUP7I6UK,0
C5ATLY8D6I,0
S4FCSN7JXR,1
KWW2Y27W6Q,0
7LZ6O9QMHR,0
51M99U42GA,0
NYZE8NAGQU,0
IK3BAHVF72,0
1A4U0WUBL4,0
3LHH5MQANB,0
N8XW7NE8T8,0
TDMIOLGDAL,0
EP15LA2D1L,0
ML851NTBM2,0
DACPY8J7M0,0
F2VQ4ZJZWR,0
QF1E1S6XAY,1
VHRS587MVY,0
6SDVZ9CARH,0
WDPHNJ2Z02,0
PIYEI1H4ZP,0
2UBEGF3QQ0,0
MX5JXJ21F1,0
N6892ZNJJA,0
FFBONG0F04,0
UTU6Z23UTQ,0
Z69V1SBW6O,0
FP29ZDW5SI,0
O3ZWH53U2E,1
SMXHEPLJLM,0
SRPM80CK67,0
TKK9ZJBF2B,0
7LX2YQ4S1K,0
IKAE2HX92N,0
GZ02HWZYEU,0
WVJ2NPRXRF,0
T7OD4VVT8X,0
MKWIV0VWTS,1
IU14RHSXF2,0
03C88OBVRA,0
I8O3NB9WK6,0
C8DJ5R1RH6,0
1L6Z0YLE3Z,0
X9XSE47HMB,0
80R0F90YHP,0
GLV9L920YH,0
N869NNZEMK,0
V4RAHNDIFJ,0
AKEAJY9ASB,0
ZPX92A4QSX,0
NBRP68HYW4,0
8RD9KE5F66,0
0PCHG8RNX5,0
X4103LFV2Z,0
5R4TW3PW10,0
D4FBJDH3N9,1
71DAJO80MM,0
O3X1FC6JK6,0
YHL20L1NLU,0
R48TH7VKG0,0
O7W9GEGXN4,0
A8Z1D99VIT,0
VS0SJKANHJ,0
0WSFVJ9U72,0
RONMYECBGB,0
NJZWPWEYO8,0
JL0BSPGWGN,0
95UB0ZSX81,1
GACM8V0U8J,0
1E2DKWKELK,0
XYA031HBOY,0
LXJNTF3L8W,0
B0BNARBRDG,0
PNOGCKN070,0
1ENTDP3Z63,0
HTNDRZ91JL,0
5LM942V1RB,0
V00M259HM0,0
8WWYF98RL7,0
0Q8NMKB3GV,0
J38L4FGF5C,0
82WKR097K5,0
5VPF1D9KOS,0
1T27KNDUYA,0
HYE9S691Z5,0
7HIRNFW38V,0
CVWMZW0TUN,0
LYZG3PXA9F,0
11J3TJHY58,0
EFB9M6TSWA,0
EMKBKO4LLU,0
TJGH1BNWZZ,0
RH1FPY8VB8,0
D9TGDU0ZGY,0
OZWQFWS9W9,0
1IRPCA0H92,0
XJ4GAQV4TK,0
721YZ2E630,0
H0PK40KGN6,0
UT3J6SS0X9,0
Y0O3OLY64R,0
G2Q4LLG15N,0
LWLKI46A7I,0
KXXYZHX9HO,0
JS6VXKL2TC,0
W327M116E0,0
JE3OM8OAR7,0
RCP5TOJHV2,0
XWDSAU36V1,0
S50YEDDJJJ,0
U856KZNS6O,0
CVFWAP652N,1
26RGFI2WQM,0
8R9PIPCET5,0
CJP76XKS7H,0
EI3VC9ITDN,0
ECWXWP3EIE,0
Y95SBK8QKF,0
MX62W4GKD4,0
MH1T5WQ37S,0
GIYQ8NLNI0,0
09D4LY813F,0
3ILVRQ4HSO,1
V3FTA0LB9M,1
NB9RRXA47F,0
ICXNBU9SG5,0
L18LT7RUFI,0
O30QKC1ETU,0
ZSTG6JZN18,0
33HFMUZ69K,0
NEXACWK2US,0
ZHYUD2ATZR,0
X7FIK58BBE,0
1VY237XWJC,0
9CWG5592V4,0
1FCMCL2D29,0
I9FEKWDIA5,0
0TD7IFMBGN,0
FCOXVTC4G1,0
SBA82II7R7,0
PXZJJDYE6U,0
EW3GPNRB2M,0
B0THNBE63D,0
YF7U4RUD4W,0
X8RYNE35AT,0
HGZAVZ71LH,0
4WFN20FZ5F,0
GFVZZMHN02,0
08DKRWPAWI,0
9UIYV0901Y,0
00MM5VJKYY,0
KCPCJJOMXB,0
RDZXFL7J4S,0
J10V2EDZZH,0
DX8QCJ6WOJ,0
ZYC549H5FT,0
XKJ93J1B7Y,1
BKUKY2S0E3,0
KY50AJY8GH,0
XF2R0OTJCN,0
VIA3KTDL7R,0
C11XYS87US,0
5MWXDVGFWC,0
N0B12GJXTI,0
5Q01Q4VLV4,0
CDWJLZI45D,0
MSMA98W9A0,0
P15R3ZJ4VG,0
OIRC7376WU,0
B3ST9C9Z9Z,0
9JTWC16NY6,0
ELLWM57NFM,0
9M0PWB6KM1,0
N1LC403JUU,0
N5D5TIK6Z9,0
HLVY028HIZ,0
92Q2P3YFZ8,0
97XQL7984X,1
KH4HBSZG97,0
ZURCLD3KIC,1
F2MNIAZPS1,0
I7DYG725ZH,0
WWI494R8WS,0
61DO8DXE96,0
YGJ82OZDHV,0
99YZ78J6H2,0
LKEWBFFXH0,0
RB3YDH1R7V,0
1UPVC46QO6,0
BMVMK024SO,0
5DGFLFNT5C,0
F6H5T9A4YT,1
GZK1HDYTBQ,0
FTEKOZYOY3,0
30AKTHZTO4,0
V9WVH2L2T0,0
7WRAOUPKAQ,0
ZU6WXW1U82,0
ZGHK0P445Z,1
J2B6OZXKL0,0
PY6WTRQ0A8,0
DEX1SKCARZ,0
F47DKFMH92,0
59YQ9V3BFW,0
7QL54N6YBX,0
7RC6LT66PD,1
UYBZGXXXGH,0
M45LMLOFY4,1
2MUJU3BIB3,0
WX0G5803C1,0
Z4ZKYC9DXW,0
LDRUN9O9Z1,0
VC37N49LPM,0
TR2PSGL8XH,1
OPTXOP6YKD,0
UQ8JVSPK89,0
H9CMSNKOEC,0
WPU2LL9YL2,0
CBR7A150CQ,0
69D5WEKR0Z,0
AD0ERDZEJD,0
4JQ3DD0XRB,0
XCG6BQ36Y3,0
MZU10BTIWC,0
A72UQZ4DG1,1
S1BYM10WDZ,0
B5YOBB4T44,0
7P5K42OCOM,0
HMHOR5YL1X,0
BWA3Z6FJ15,0
81PIR31IO2,0
NQWV61NB8I,0
1TE1Z9PV3S,0
WO79YJCOO1,0
0NU7922CVR,0
VVDPFZKIZU,0
894HCCK3CW,0
RD4FI009X1,0
6JH8KN1WTA,0
QKRDA38HLT,0
T4VR1RKSRN,0
1FCXLAH745,0
91VSFSSSJS,0
JT5IJOFAH8,0
GSTF389OME,0
IB1LY64I5Q,0
LOK2GRVEAT,0
P749WURPTX,0
0F6YS9FJJ2,0
5I3NHIUKKH,1
WK717WMOF6,0
27KS54OMFB,0
VYP6X5A6P0,0
EJ4HR8GYZX,0
IXPNP74CEO,0
0HL8PFTY2W,0
VINX0BJWFZ,0
07OODDN8S5,1
ZWT2DW56SA,0
GTL63M1QTD,0
WNG98TGQV4,0
85XMKBA3KY,0
LHTHTHL17B,0
SQM81COGRD,0
RFC8MOWK9I,0
3GVVV14NZ2,0
TBVIR1A5NB,0
7SAE5V041S,0
NMMXS7E2Y8,0
SFAN3Q9YEO,0
CZBY395ZLW,0
JJ3SEVLZMM,0
0VKPMYT6BN,0
INSHFAN88B,0
VJ0YADT60W,0
UQLKVZPS12,1
YN650VCBPX,0
9ZO9FA096Q,0
W4IYF7B22D,0
K1UH52AEAB,0
C8BA3CTVRO,0
I9BFOTCODK,0
02JBAZR422,0
9CTBE0OVL9,0
ROL3MQQDU9,0
JYDWBI3QBM,0
3K409S1GXO,0
ZD84QYKJDC,0
EPXM6XB5VE,0
YQG3XIOO6O,0
ZFZP7E3USX,0
8IFA5QANNS,1
KHENWE9FUC,0
LK3UGHNZUY,0
2KTYF988DZ,0
8VU46Q1D5U,0
FT23MPT949,0
IZOO2QFEP0,0
J7L7U4HQRI,0
981WOG7Y34,0
5YWWKUIG9M,0
TJXAHIGDQN,0
T8G85S443Y,0
WV3BYC9XZ1,0
DX8MVDQ3MI,0
T6ZILB9KUY,0
WXGM6K6WXR,0
4JOJKQ0SPL,0
H9SA10PFH0,0
ILJ01YYGSW,0
DEJH4Q4JU3,0
PR2MY1IAA5,0
VTVK0ZIDOW,0
447K4OC4EN,0
XV0VHYKLGL,0
RXN5STQWNN,0
UT7M2JK72W,0
AVWZLV9A82,0
UYHWDUXF2C,0
F5EAGKA10I,0
K48BKCMWRX,0
1FDQUABJIR,0
Y60BSLJQVP,0
WARG61SH3J,0
6K5CR8JXVR,0
ZM1HNFTWBA,1
NC396RWEHH,0
P186SUNVT5,0
MNMBTG7UXE,0
D3NZGHJ2KR,0
I0FTF7W0SH,0
FQU00LA6I8,0
7RQUVR137N,0
BEKMMFML7J,0
9OLDWW6D4Y,0
XO6UCBFOIV,0
YQN8N4D6YW,0
33SQGJ5U56,0
Z1V2J5VB02,0
BMJYY1E4VT,0
JSD70ZRL3P,0
S2I2YZ9S9S,0
H7GDMM3455,0
ZK2JUGF1ET,0
SX4H8C85XC,1
IGJPIP2D70,0
SD4I5HXVRE,0
WUJBV3G75S,0
EIB8JW2SIN,0
APE8C1WOC7,0
EETN0V2U2N,0
50XIA04VFX,0
UVDLELB9GA,0
N1B1LTCJZC,0
59KSI1W78K,0
ON0BIG86I4,0
GWINS2FXTH,0
BUYL2CQZW8,0
YTNSM6BOOR,0
JXZRA33ERT,0
3GFA9JN0V2,0
MNL0UKK8YL,0
2PKSWM2BEE,0
052FZ0IFRX,0
4MZXKP6BM0,0
WMYV57SFC7,0
QYGXTT9YP1,0
OQWC35G38T,0
EXVZ61OJBB,0
QG3EKCLC5Q,0
F0BMLCRUFE,1
24ALAKZBXO,0
AAIF367SUI,0
1O8WSHT88W,1
L0C89BJF8D,0
7BYE7E57IM,0
B4D5I63DK8,0
GRWZPNZU31,0
Y6U01EL2GI,0
PKZ65PDQNJ,0
3XHDJQPFLA,0
Y2DZ4HWV7P,0
OGZ6KH1M0L,0
SF0JW9WSSG,0
UJL3XZWJJI,0
2HEGHHH3XS,0
FS7UQUJXVK,0
VQ4QE62US5,0
5JZFR84HEC,0
BO4TVPLJWN,0
N7KEEZFUZD,0
F48WC8MENK,0
4HGPKU400L,0
5IOAMA6S6R,0
RP77R4SDXQ,0
DNRZ682YJU,0
YE5HRCZ10G,0
BEHN0K8WEH,0
Y3ALTH7PB8,0
1GPIAU5SWV,0
54N7C73GOW,0
128TKCABPU,0
1FJ32CL51W,0
FKMLZ22D0C,0
LT00SV7CCB,0
SFA2NK8ESN,0
TM7KLU2MSO,0
XRE38M5YBC,0
FV43K5IP7D,0
0N6FLM2OYO,0
HMARY02N77,0
UYYVUQWMOC,0
28TW26AD76,0
D1DN9ATGKG,0
JBJ7DZZR1B,0
3ERVLUOS8G,0
5NOQ8WESPG,0
APHCTSYT23,0
PE0NE0PDZT,0
UTR5WA7MWN,0
0PD89XGF09,0
IEDU16A35M,0
LQTYNRWZ7Y,0
O7R27PY75O,0
26KD2CT6MW,0
B9EGUNXUXS,0
9OIGISOZDA,0
SJTAOQH4AS,0
2FU8L133LS,0
33423LIX1J,0
3V74ERVVSN,0
0J0WYJZ43D,0
529CW49E3G,0
8EZTJWXYQH,0
BX3XLNOAXM,0
R375KPSZE0,0
7WU764G2K0,0
GV4COK0O6X,0
V6W8ST4JIH,1
TONCC7LNXJ,0
I09QX33A8E,0
CEY3B0LXIO,0
X4E4UI498Y,1
CIKUPPIX92,0
N73TBVISL1,0
TJD96QX5EV,0
ZU8BE7CSUY,0
9FPWK4P9RF,0
CZG13AWCAV,0
83UWGKAJAQ,0
JEM3MYE3C4,0
SGTY57H6Y5,0
5015HAKO5G,0
5LIPKE9S8T,0
CT5U1HNRIP,0
WAK1K347E8,0
G67COX8E44,0
NLC2MG7RJI,0
JR7QA8LH2S,0
6VOTHHWIAO,0
PGPZ7O26H6,0
00USV3K3O1,0
BJYB72NFRT,0
V5TAIWEPRL,0
FJK4Y9PZLE,0
O3FOUPRPX0,0
S3VBE1MLVH,1
R04US022RP,1
1KW0KPXXVP,0
F3TC21OWQ3,1
INMEE7GKQP,0
FMI764ZA27,0
JMK6QZ6P0J,0
AWCFSXS8F6,0
8VX8KM21B4,0
9UTXELS6WG,0
0CTG5U5HP1,1
2VWIMWZDUH,0
FGWBCQCIFZ,0
52AHR7258Q,0
3944FDRIS7,0
2ZHM5MO4UX,0
AXTPT0VVHI,0
AXSJVPZITG,0
0E7A7E7M8Y,0
QMS3IZ4LA6,0
YOTHWCZLPR,0
A37OYFZKB5,1
BV4SU7PKG4,0
FRGC6TCNMT,0
WYAOELYX5Z,0
3936OKCWAM,0
22NA3ZXHDE,0
MV84K1QTNP,0
7K3N5EOP4A,0
YNCMCNYDSZ,0
91I4QYBROI,0
BU99DKQRX4,0
IA9337N6CT,0
AHII62F6DP,0
TYJ9ZU5RPV,1
IL2KJ13PW6,0
WP0ED4OF60,0
RDDJMR2ZJG,0
DSQ5WQRMM4,0
MYQ6ERGE09,0
LH5G1AOFMY,0
Z1R1T1REAA,0
2POY6VUR0R,0
M6C8EOA6XA,1
3CDCLR24AO,0
0ZC3UA72SB,0
QCD0PNK2SH,0
0R4C60BNGX,0
5LMVHX4KJ5,1
51RLVIECC8,1
XY3WMV0MQY,0
M7K5613E1B,0
HGSM6XWVKH,0
L93DW38JRW,0
7LP20AJC1A,0
CO9E59LAL6,0
THN7KN3NH4,0
QW09CM9FR5,0
DYMT7TNODD,0
RNMYYX6ZSI,0
I8AJ4QKB5V,1
KWAP8WVJWK,1
IGXD1AEUS5,0
UDAOITMN7T,0
HCRBMFTTI0,0
PN178IXGWM,0
A2FCO8HI57,0
T9YVDIQR5C,0
LVVF3JCXVX,0
AS6F2RG1C3,0
UURCH4CQRA,0
YZGV0SLR9O,0
H01PJ7HT3O,0
1X8MEPRPKQ,0
JMK55R7K3P,0
BJO3JHHVH5,0
S1XVEJK461,0
EFVMFL4NJR,0
W1FEIHPRXQ,0
UEZ5GQAKFS,0
Y8KCT6KB6O,0
NSKSWC1LVF,0
W8VJH76RTP,0
UE2D8KEGVY,0
ZDPI1S9MJP,0
NOG8Y5JJQV,0
C6HN17FB6M,1
B7AB64VR6W,0
SV34CVUEK1,0
MRMVHRMP29,0
OTTBKK6ID6,0
JKV9X1BG1A,0
JF993HNFQ8,0
ZSCF41115G,0
3OVRO3S31W,0
NPAQ978P6C,0
8HTLS5PG2J,0
8OGMXD6J6M,1
UIVEE62VK2,1
JQ88D0OO9D,0
FOX3LBFZ51,0
Y59SVP07HK,0
9CG0D3UVP9,1
HZTKTCDT6X,0
3SGCILC2L5,0
F961LBDPCQ,0
ABKQVBFWXV,0
ZP5ZPNECI4,0
NQYZ7EMK8Y,0
D1EAKABKTA,0
2IUXBR2IX0,0
C5POWSG4RE,0
WCX6DBJRCS,1
Q6L1NFFX91,0
SD1DRHK8N0,0
UNHDN33C10,0
3QJU66KSKM,0
U8395FEQEQ,0
2IJJPHR30L,0
IR0916BRJF,1
KNJCQMLKY1,1
CSAILH4IOU,0
3OCOR326ZQ,0
51KIHCON40,0
F50JR954HN,0
FY205IYP6Q,0
9JJJQX4T2R,0
FH1U25AB3I,0
CQG1YADF2U,0
331243JEER,0
L3K09MII5N,0
KLURGWBN24,0
ANO1V880R7,0
YPVTDB8G5N,0
M5GDS859RY,0
1PZNDR0M32,0
SSO128GYR2,0
G3DBD1KP04,0
2V4M08R7NV,0
S4W47LIDNR,0
FYQ2BK3TP3,0
PB7AWQESGN,0
DI0F8LBXNX,0
4V7UEUQCDR,1
FBBRYF0XD1,0
U3CZ3G5CDW,0
OOF6HSIBSF,0
12ALSW5IJG,0
NYB4JK53L7,0
3O16YY41MW,0
TMPE59YUQY,0
LESD0L0J9R,0
F9PAF5VZ80,0
16HXO5X9BS,0
CG0QIKN03J,0
HUXQ5ICZM6,0
6MQ0LDJC2L,0
77KE809Q5X,0
B1LKJLDDH5,1
BLU049I2U2,0
AYB0YCE0D3,0
44MDICNY0U,0
DVTKSC4YXX,0
VIOIL041FD,0
TSHWVXCIQ4,0
HFN13EKZB6,0
GT854K0AUQ,0
TYYB5B0SEV,0
0W2WCL54C2,0
7LPRH2NPZR,0
ZSDL4BKT6M,0
AYMUE2Z81X,0
R0BXU3I7AY,0
LUT6DGS0VT,0
CYLZH2BRBK,0
BUHZUP1C5H,0
VKY10N40QL,0
JSSOTTANLJ,0
3KT97OS4YL,0
784HY3FMEV,0
Z8IROT5SVH,0
WMR15PLV8C,0
71YSGR1ZFL,0
65Q49EQC93,0
7Z5QDQOLW9,0
PSJU5JK5BC,0
2S22LIOFY1,0
RJPJ0KQZEC,0
QBNIWE83OM,0
ZV8Z2NHQJ4,0
U2F5K0XGER,0
SXMKM76M9Q,0
9XHO5IL21Z,0
0VIQV45L7F,0
EUH41YG68Z,0
E2L2TIEO3O,1
6KCSDVAJ3U,0
PGWVWQF0K8,0
L979A0AS8C,0
NKQWWXM73T,0
GBD60Z471J,0
XQV1BHQ9IS,0
M27XJKSQW2,0
E0X4JPTI1Y,0
W4X3PGWRK5,0
XENCYVIB0U,0
HA2PT7O606,0
20AAC0IW5C,0
W1MAQ1V89F,0
Q5DPBCQPNH,0
7TQMIO3V3J,0
YSLCHQZU5Z,0
XVQHPRESS4,0
NSCO5YRZRI,0
UZPNUH8IQX,0
HDJO5PWNK7,0
JXV4KHKF7M,0
ZW9NZ3BDR9,0
H1Z9N3IN7Y,0
HHJFYAB25G,0
DEQNOZ1L0D,0
NWMNIPHBWQ,0
USO5DTTLZM,0
0TENGTQ84B,0
RDRO3N8KBE,0
XNTROELIW9,1
KS3GLFYSCH,0
YSZZOJQNXJ,0
463SZ18AG5,0
EXQLH4O6LW,0
SJWR125HKH,0
PXK3F8AJY0,0
WXB9F2JGVU,0
1DIOONPW4S,0
4D6I4TIF8K,0
WXZL7RG6ZX,0
IDIU7IY9KT,0
Z28C6L4OOF,0
60KN1END1F,0
K3ECS9Y2EM,0
PKPZDMKOWG,0
JVVMN5EGG0,0
PMKW0VIFMW,0
DD5DDEN9XB,0
Q6X6AY81Y3,0
FREYEOOP1Y,0
81LTIZOITE,0
TYFGJ72YDT,0
HYJN713XBK,0
UO9FNQ77YV,0
XX9UPP8F1O,0
1IUCS9CY6V,0
G3IFLN4QSU,0
PNUGNI202A,0
TF8XEFHLM6,0
GYM7DIYMRA,0
C4963YVG18,0
5OO19YH28D,0
Z1T2LJ7DD4,0
JKATBUNOM0,0
EI5DLPYPKU,0
056M854YNJ,0
3TBYCL4O1W,0
W2J68YB5UM,0
HQCLR6JX02,0
BZC6U6II2P,0
588JN963C0,0
P2L7EJXR8T,0
H71ZH4BZEY,0
RQ8VW1Y18N,0
IJPD1WVKXV,0
DNVT7QZXRM,0
VL98CZVQQ4,0
SREMXWZVH4,0
8YMZFSO8SC,1
VSB9ISX1ZR,0
C5I8DQ00OX,0
AYLWRD6SDM,0
BPK1CT9KNC,0
NR4OODBFQ3,0
IWW0ETEV1K,0
AW7Q6WTUOU,0
AMIT3IAUB4,0
GUHXH4THXE,0
9NNOQJZ4YB,1
2H5ACD6FDD,0
PH2XN77HM7,0
YY933GJOLC,0
DS1SMBQVBF,0
KV6DJ0TLVI,0
M0QS735U83,0
THITR8FBRF,0
V8CJ6CZSL5,0
B32PJK7GG8,0
W51MAIWO5F,0
23B5X5ZMWP,0
ETIVDZCTFS,0
VXNOFUJBOC,0
YH54USAKHS,0
RUBXVDPLC1,0
ULTB51PRPG,0
JK0ESSYDRI,0
ELZEEAJXQ1,0
YOK4I0BD8M,0
SBZEWWWB83,0
ILNOK17W4F,0
V05BWSRX40,0
K482QM2NYT,0
JR1J7U1TGK,0
8UG25CEYYL,0
6X8FHCGCTR,0
CBSS5L1APE,0
GV1POUJLVM,0
O3RMHQCO10,0
J275RXZLE9,0
XS8GOHL30Q,0
UMXQYI1P5L,0
71UWL3HS7L,0
P1895K8STC,0
V68OT35VP6,0
00PM3GTUTA,0
ORI4A7L9U4,0
4REF51SI4T,0
WQURWVIO5X,0
1FU3BQ919U,0
75P1DMGP5M,1
QVJ98PJI34,0
K6LJWN7XT9,0
XJLWH9O2QL,0
6Q83DSGBRL,0
NZCRFA6TY7,0
70SOTOFRQ7,0
JR2UNG01D5,0
PGIIDNRU8G,0
WGVJCZUHZ6,0
HVZRIOT2FW,0
PWR8R0WOUC,0
EJ4YAGC5FP,0
AVYBJYGNT3,0
I7RP6DA8KP,0
0C6XVWLBGE,0
832ELN46HR,1
YOMHV7KGZH,0
BMDFC8GTMJ,0
R43SHEBJOQ,0
1SO4D5MVOA,0
9M0V49VK28,0
KSUT8HWA0F,0
P3EY66MAGV,0
LG70L5FLTX,0
63EIOF0SDF,0
GBYGOFGLOS,0
8YQ2T0HBVV,0
3KAOUHX1EE,0
0L9J234ZGM,1
MQ8SY12DYZ,0
K2QFLIKUCZ,0
ZPTWK8HIXC,0
KWBM41KQ2L,0
44OOG8JQER,0
VR5PLUVEX5,0
3VM6YKRJ37,0
2G06864MIY,0
NH9VNB03YK,0
LFWMSHGA9X,0
LPVV1ZQ9VO,0
OU1PN9X4QE,0
6BYJQQ1WAZ,0
NJH9G5KLPD,0
IRG0ZRL0D2,0
I89TKXKWDZ,0
BKA31EIO0M,0
RA0Y4D2H1R,0
YTDE1C6GEI,0
10HEEEK698,0
NTBCTBMAX9,0
IIXMUIGJ9N,0
XWVO1AGN5N,0
0H6J3LA01F,0
TIJSCXLGZK,1
CXY7Q9CP2H,0
UB7P4I3MJI,0
RYVI9GCE59,0
UYKOC8SV5P,0
F7Q22XYVN0,1
7ALBRQ87ZG,0
BZGFYSEG8I,0
7BGA0X4SNO,0
2OJC82BU1Z,0
G8SBTXIUEV,0
NRLJZ6B06Q,0
MQRTP9E038,0
DJE25BD99L,0
YLH7VMOA8Q,0
G0FJ0UNVMI,0
J7X1ZSGAAL,0
A95NQRWPNT,0
CVH5CQ826S,0
55QLQNHO6U,0
G9CW7WYM47,0
RBKBTYNC2J,0
EYQ19TVKH8,0
WFUH4XLHSI,0
9BBAN6RU05,0
SF0ZHQ4DDU,0
1PRZLLBL60,0
FEOL1HVQZC,0
CZ67PLV43J,0
F9YBAWGG2X,0
F3FT79BQ36,0
ITU2O27U6W,0
EK5ZLZ9U9S,0
GSB07XR4VO,1
UQLJ93ZLAQ,0
YSE4JAO8EM,0
Z1B4ZRO8JM,0
O6YLSS9AIM,0
UH6GQAK8YA,0
L7U09DPHLC,0
WEDEHZ47XR,1
3PULZOWUB2,0
IUNCBBX9EE,0
7C9254UNR6,0
KDC6XU9H9R,0
WH1FC7SUD7,1
OH49DKA9KT,0
R3DQ6PDDOC,0
3JZBQMQXS7,0
B8FC9QAKNS,0
3CURUW0Q5S,0
DKRJ243HDH,0
43HVMY8JL5,0
0UAYPFCZX0,1
YC3QXPY1VW,0
ZW8W0BFG4I,0
87I3GKS1EG,0
0LACMK8XH0,0
79S4Z6AV23,1
L4F4N4VPEB,0
T0RZQXJTGV,0
IZ3VWU0P15,0
6GJUL61MO6,0
BY8I5C6AR0,0
NMU14BNC9N,0
OK1BIR7NKH,0
Y4BS0UE27D,0
SDKHT2VCO0,0
M85HIUGMSK,0
1FJ59AX8O2,0
D0HHN2XJUL,0
F6ZIACXCD0,0
T8YNRWG1WX,0
WB7VZGM89L,0
LGX7VBR4FX,0
YFZL62IKPM,0
BQKOFL3F0M,0
VPRUDNLVFA,0
X8H4G4OO0I,0
ZYKT6KTEQ6,0
8C6XU2BTKC,0
M1U5SAOB59,0
4CEQ1FDRY5,0
1QHC4W3OBW,0
RQX3SKK210,0
SHX017GOBY,0
LUCTBFIVNB,0
JZ43LH98LQ,0
VVUSKSAEGP,0
77F3MVC2LG,0
KJI2CCJQ8B,0
FMPXRUZ35X,0
2OQBGDFP9D,0
S9AG6D8QBI,0
BN3V01L3Q5,0
JNGP1VZ8BK,0
Y77SEU7QED,0
GG6O52CRZX,0
U9S3K7XDPV,0
QUPVY2JAJR,0
YP8M2F77Y8,1
MZTJBZSEPJ,0
ZAH57CD7A2,0
DTDDVK1XQF,0
OLEOVPCYHH,0
7E9MKTS72D,0
F29LWU3VQV,0
VT031GXCV4,0
7BFFIWQ12C,0
2Q10TTXUGU,0
YSK75KSX1H,0
U7JE2NS9I7,0
FE948QY414,0
TPIPW1E0BE,0
3ZN2SWRO13,0
C8PX7RGH35,0
E02EXOVRKV,0
JVXDULBIVH,0
N2SR7NI2CR,0
IG1UEH26W0,0
1ENHV96C4F,0
OSDWLN123G,0
7FI2WJZC3N,0
HQGJDQ7XW3,0
GIAV1JJD0W,0
VDFWB99G2Q,0
PEP0DG65SP,0
4HMDA22XG9,0
B507E55OCA,0
M6SGZHK1MZ,0
2NBTA2Q3C0,0
1F50E75CM0,0
1VXUKM50B8,0
59YSO9XZ24,0
RP48A3F72A,0
901IY4OE22,0
NWRFGO6LJW,0
TFP02FJBDA,0
QHO3XM8VSS,0
KZMD4S9PM8,0
2AQIY32SRJ,0
KNCSCMC5PP,0
J4X0O1OJTU,0
ICZVGYDWFS,0
WEF04JLFWZ,0
HOWZ42HYFP,0
VJ5SE0M1B5,0
3GX61DJH9G,0
9H5F1GYLCL,0
EBSUGG7QFS,0
HLIASKOLS3,0
5XED234USE,0
51Y236LAGX,0
3TG4IG5KY9,0
SAOUZP5D23,1
PJJFTT3JYH,0
VQG6THE1XS,0
D8UG1MXMXB,0
YPOEHM7VUF,0
WDZHYO8YQE,0
XATZCYEY9E,0
ALWPXBYZQ9,0
RPW7FAU82O,0
R85EUAYZ3X,0
Y4QNUFI2C6,0
ZO1TJ7J5N2,0
5UU4M5TK5O,0
8VYYIHK8W5,1
4XM0N3WUO2,0
LSWCJ7R95T,0
OQBN31TL4A,0
E04WNLQHT7,0
SFY0ATH1NZ,0
QU5RDZ1C57,1
0337OUDVHU,0
II0N0YVZGM,0
VNBKEJYTMO,0
S07V7UMM4T,0
4RKLEBSW36,0
3EAMHMTUEA,0
UU1DLXZDO2,0
PB5WML1QIR,0
Q67AKOJF3P,1
6I1TP2HBYY,0
F9SFA092MU,0
WZ4N0Q0D91,0
W2D4PD8TKK,0
ILXJDPWEPV,0
RD9NWAEVCG,0
VKQWKR9XN5,0
M0IYBS9TFI,0
SRFATG5V7N,0
OAV1X4X9EY,0
D8NHT56MKN,0
ZCGXYV2R77,0
RFDQUH1XOG,0
E0QILSMRKC,0
1XZUKUJNTF,0
7W3QF4NRDQ,1
B7FYI5P5OA,0
3OZP0WX17B,0
ZLQSVGYP0Y,0
PUMN3F5THQ,0
5STOUKLN8D,0
ON9YTIRG3D,0
R4N0EEJZKR,0
0XZAG74F5K,0
3DVZPU5SII,0
P47NV62KWM,0
ZH1VZVP9K0,0
7V98QX87JE,0
XHK557SLS0,0
NL6PI35ET3,0
06ONJKO1XO,0
3Q7ID3K68V,0
Y7C9GGK6ZG,0
MG1ER8DD13,0
9BMRPCUILR,1
I9T82EQMD5,1
SBG9MBJL0Y,0
B0BDBWG161,0
N0VVM6PE1Q,0
RRQKFCRKGG,0
3FPG977YCW,1
T6WJ0WOMBB,0
Q8MWQ1IYN1,0
NEJSV6PYX1,0
EMN1F3P61C,0
BPV2PASP08,0
VT6JN1S1Z5,0
G95Y3IND35,0
DB0IHC8ZIH,0
XG8CC21MZD,0
4ASPEPN18P,0
KNDWQDDY8B,0
FQ7HA47V14,0
AQ26BSGNMM,0
95K5GL7V77,0
CG2HTDP6V0,0
S8V5KCXO0R,0
81VGD7ZYSN,0
ICXN74T3E5,0
VBT1FCESRZ,0
BSJ5LO95AN,0
3UO6JEVNWE,1
9KYPI1TELG,0
0L4A07Q2G7,0
C2IB5EBO70,0
54YJS79LTF,0
F9M3M46WHN,0
M5XETDTZKG,0
9A5TLPYTSW,0
Q2IY7THD7C,0
MR8WYIIHB3,0
I4ICNG6QC9,0
4S98BIKOXJ,0
B3ZSZFGXWQ,0
0CYXTUGHI0,0
3UI7XC8YOV,0
Q2DO8ENMV1,0
Q71DNCBQ5F,0
FNJ3KPFOL5,0
CKTDDLFIF8,0
PC93TBZITC,0
IBJVQ8J8GQ,0
D7MH5MDQRT,0
X2QYZ9EL7U,0
4XNNWTT8O1,0
9VIDYD3P5W,0
BLG40KF05R,0
H5SIH36XXK,0
UEEFLS1VJ6,0
GM0FL8XXOL,0
CIFY1WOQOY,0
1H23WK65LZ,0
Z62ZVGLHU8,1
EPAVS266XX,0
9Y69MGF69L,0
A2DKMHNS4X,0
SKM3MCCRYB,0
Z1FQBYYCH2,0
M6P9MAUC15,0
JCF0C99UUR,0
VT4W0B6AL7,0
0M2PRHCWZZ,0
2K14TRZG9I,0
KQMIGJTSAK,0
WKWU9I6FAA,0
01PUP45Z8P,0
JRTD88RNQS,0
MCTGOU4FTW,0
81XAGR0HFG,0
UZQ1ZI9RZB,1
AXSG7Q1KOA,0
UF7HJWC19T,0
CJQ665N25O,0
8AICCRORNE,0
MBKWLP08TG,0
NG7SZX3VT3,0
97UZGAG1SV,0
05PFAMOACQ,0
S4LMW6XIFR,0
ZU31Z51PJS,1
YXPBX4UXG3,0
O7GDKL58OJ,0
KOV7RSZN3S,0
PYLI23NSRS,0
I079L35TLB,0
IUM3YKFIDX,0
KLYFE8N1CE,0
EC2HEKG7ES,0
PF2TNE008C,0
9RF68YL1RJ,0
XE0DZG5ZWH,0
LI6K53OBWY,0
SY7SZN1Q5T,0
FFOYVV6DQQ,0
R15BJ2EYTR,0
AVZWGD7UIA,0
2LJHBIQVJC,0
1U1XDXFK6A,0
IRR7LBGO1Y,0
EP4171N7DM,0
YYCH7OKHUV,0
EV9BLUX0IV,0
Z9MLBW694E,0
EVQB5B433X,0
G0IRRQSC0R,0
E6EZYZ7XG5,0
F4GOYATGOB,0
BAWD7SZR71,0
KZR7TJKATH,0
DUT07K4GOR,0
4HJLOXA22G,0
2L111V42IL,0
JG35QLRVXF,0
U4EMG9Y0PC,0
HCYTY17HFN,0
822HCOH85W,0
8OUZWTJGJP,0
WBNVTFYIQ0,0
CCTAKLZUK2,0
K1LUY0V86C,0
M071GCLN1Y,0
U329CWPWJC,0
JBM5T33Q8E,0
UP2YJOT16Z,0
JRTM04DLLE,0
1XE4ZSEQRU,0
V738HO7974,0
JP3N17OZ0U,0
7TE6RFE3BT,0
WHTW4A1930,0
1ZPXT39DBG,0
Y7KTR7E8CU,0
AGBVRERJV4,0
B3XOXDMACG,0
NXTMR2CG3V,0
32LL4Z3J7P,0
F1XIZI4DLT,0
PPNKWL3ACR,0
Q5ZA3IVDE4,0
Z1Q4JL8PVF,0
7V0KEB29SK,0
ZUA8KCEPJ5,0
32YSAK1VYT,0
2Y8UBOV6EQ,0
5AO14LIRAR,0
UUG6QV7M12,0
6X0LJ9K695,0
7ASF0IHRIT,0
FNZRNCV3PF,0
THQ2C2VX13,0
UJC841MWMR,0
2HBE5CU3O1,0
XU0YUTHHR6,0
MGHNNX2DPJ,0
I2KQMA0PS6,0
5JONVOTC3H,0
3D8GKIPMJQ,0
NB0UJ1UPEW,0
B38XQ3WW3H,0
8V50O4SDBD,0
2MIQDRXKF7,0
C4J9AKE8RX,0
WAJ9NLL3AI,0
AA9GE3DQQM,0
R11MVF4XJI,0
Y97K66ZKN7,0
2C3A5PAAIQ,0
9IA8CCR923,1
3XAW74CX7K,0
2759T35SYP,0
O8XLWUOMTT,0
FVB451YS53,0
F7U1KPDWUX,0
NO9RIOP5D1,0
KJ29ENWQ77,0
2FHX9BJFIP,0
PF4207HPV3,0
7OAS5ZLUXG,0
3EPOUR75S6,0
XQDZ53NKSN,0
J3GBNYLD1V,0
S6WM0SKJ0L,0
K8ZOR50B4K,0
YF91E513NE,0
35BGE187PN,0
UA36AWE3CC,0
BZ7AX67BJF,0
N4IP5KCT9F,0
4C5SX9S1VN,0
VCBH06WBA2,0
TZCUQBX7BH,0
8PPS43E5GR,0
HXJF01SODM,0
KC5JHFF0EB,1
7XBM1DCJ3L,0
0ATOSVPP28,0
5SC414N0CP,0
P2TBBO1L10,0
AFVMOY5WI8,0
N9Z2W1G122,0
VQEO731YGG,0
OTO1LHUY7A,0
NOI3Q5CVAO,0
GSCURBN6Q3,0
50HKUKBWZH,0
O5CHYX0RLV,0
CU6Y1AHK09,0
A66E7WFOQV,0
ZB264O7MP3,0
4I3HPV42LP,0
OLU0497AMI,0
UJ8J6B6DES,0
4QBTEUXZGX,0
QH2L5WGXVF,0
W761BXH3MZ,0
VS8Y5LKTKS,0
3GOU2QCRDZ,0
2BQIA670BV,0
IQD0KMUFC0,0
UI4HCDR6X9,0
LDMRKJH6OS,1
117C6EH84T,0
JW43HMZ8KA,1
9GTZXQQLT3,0
D9JMCX311W,0
A23MW1MAGH,0
8I1FAO7LD2,0
LAVTF2H0OL,1
A1SHJKH746,0
48OQK7A0E4,0
UCWPSAQIXK,0
2AJ9PN34IC,0
5NACZXPB7C,0
SWWPI2P74O,0
66F7QJ9PGR,0
DD6YTBXS8T,1
UI0T6B35Q3,0
6QJG5O91LP,0
E5WLAXE6KA,0
H663W58D9M,0
L01LUUNOE3,0
655FTQCNGL,0
KWGXU0OW7S,0
KOG41FKK2N,0
XZO9ANXSMB,1
CRK2KID9C1,1
NF6XSCCMWQ,0
PA4PW26FXW,0
G6GVT2JSB7,0
W5IW1KN7A9,0
WWD33R8ZAV,0
LIWUX2JR8N,0
TNI0QKLVRU,0
XBOK1JSBZE,0
M48VIM3GL4,0
80ISZKKIJW,0
P0M7IRUYQI,0
JINAFMLES4,0
M20PD5MVAP,1
SJCYMJVKBW,1
6PIMGGUW37,0
272M29CD42,0
34D5ZI5HC1,0
8K2GPQ6JBA,0
Z05OYSEBEO,0
ZNV1GXJW50,0
LRTIKRGW27,0
72PFRADB7O,0
8IQ34XBDHN,1
QQ5V4TB1G3,0
DV8B5OCUUL,0
8ZC9PB1U3R,0
LUF7MW7SB7,0
HH70303IKC,0
ZPFZ5CNK1R,0
HVRR73QYK6,0
45TT5XVDR5,0
JHLQQMFDK1,0
3N5DKKKJMN,0
ELQAW38344,0
9QOLMZDQJR,0
YYP94U9OAY,0
0UGRF3PE29,0
E7R2771EOK,0
7ZDPQ35BX0,0
87LIQWJUX7,0
BB3V137A4S,0
PJUDGPX00J,0
G1LSR1Y3AH,0
P3AWDXJVO4,1
7FIWDWD713,0
LQJ899U3E3,0
LE94LXJNZU,0
SUSBHUTT2J,0
ERGRVZNDRL,0
TB8BVO52JB,0
4PGK6MNHOG,0
D857TNCQJ6,0
1F4ODP1ZUR,0
ZZBMVQV7T1,0
FGJM65TRKV,1
RD17311WWY,0
34UGY81WKP,0
9048VHZLDR,0
QFJ6SZMIQF,0
DCR53GSX1Q,0
F2C9SQACG5,0
OCGM6C6I56,1
CUX4K6DQFX,0
7PCLXW4A0N,0
0ANHNZB0NQ,0
Y1RV41CSZG,0
6Z4Q3O3H63,0
P2E5A0BGX0,0
T62AQ0I3AB,0
POQMDCWB13,0
9N7NNGGNM8,0
BGPIZCBI68,0
COGNWWBXKZ,0
715LDKTCSM,0
R56T9DMJWI,0
HH0ITSA41J,0
HYHO69JMVF,0
CDOO0JVBFI,0
ZERDXKB0C7,0
CG62N5CQIA,0
972XXMC65K,0
L1SDNZ1PRC,0
KPQ2EC1UZ1,0
N6MGYY0PZ6,0
2JLL6Q5JXP,0
NSUQ8BOM0W,0
OH78GST90H,0
1NLXDLZUA6,0
H22RS6N25R,0
JZXE92CVT8,0
4P1IOTRHDW,0
PWSZ8796LA,0
BV6X758JPP,0
6XJT8FPQDY,0
U7YGNMYBIT,0
FTLOUSC49G,0
VQYMU79K5R,0
23Z7B1DCU4,0
LITPZPKCXW,0
3PJC9PU29M,0
YJ20A5QX8K,0
LFIEFARMGG,0
YCP86TLKDO,0
C95PVGGB4U,0
TAKXX2KK2X,0
UT8RLRJE5N,0
C3DE6CQDW7,0
UEPQ0VDP6C,0
2QY5INNH3T,0
JFOPRCL8RE,0
0DA3MR5PTV,0
60M9B04956,1
WEMMQOIVDQ,0
29E7I146MR,0
IBZ3327PMU,0
U1M61F7X20,0
538UIID65V,0
W7PKRCDQK8,0
U31IWFKXQY,0
FG9PH2L323,0
LS5M61DXDA,0
G4TVA4FX20,0
4UF8Y11AV7,0
T6POYWFA6D,0
457BE2L6ZN,0
4E0DVIRCVI,0
QN3WVUI6QQ,1
GX204S8K7H,1
XVE357Z6WE,0
WEG3KR0YWS,0
ET8BOUQY4O,0
RH5W6FMP5C,0
5W38RQKFEY,0
0TJOOAOHTI,0
L88G4VUFOK,0
NIHFBEH40A,0
KJSTXSIGZW,0
J551M44XZ4,0
J9231M2APR,0
S8EM78TYOM,0
D8NVDCRDEW,0
5I9C00CI5K,0
4BSKLG3248,0
OTKBNF5AUS,0
N3QQHHLLSX,0
HFTPC43V6P,0
D4CFKN341A,1
PBE9GTG7I1,0
M507OX77I1,0
0OA0ED3T7J,0
BIQ4FHVYDU,0
CSGVXFE4QS,0
5QOMYR34SF,0
JJDDCH11C1,0
FRKBK10G1L,0
MCBRON15XF,0
H7JHPCLBOX,0
7WEGF9F8FJ,0
2593WU1KVG,0
J6R4H1G10O,0
ZPPYSFYOIG,0
J0PJSRRTTI,0
YQWBJ7ME5Y,1
J7THTDT0ZW,0
G4R8YTMY8E,0
N76QK3YP2I,0
SA87SSQJET,0
IZEN74EZC4,0
EDWMRC5TUZ,0
TM4VZPZ10Q,0
EAK71I0I2H,1
1IH9RFHBV7,0
J4SG12HSSR,0
P4I3DHJ8W2,0
NV26VOZEDH,0
JUJ74RYTX8,1
648STSUYX2,0
93WD0BTGSJ,0
ATKP02VBUH,0
XI3V2CAV8I,0
IJ3S2AG6LL,0
SQ0HZF7Z88,1
GMU8WMLFL0,0
HTLOVGSNX4,0
72C0O2BPKX,0
F6G8J7RI99,0
XGRFV1VDLK,0
GNA85VIP1F,0
VEGTUPIRLU,0
6FXNNKI48W,0
I13R7OTSR5,0
13IA288E4N,0
DFW6MA8FWB,1
KYB3U24NP2,0
N8ZHAF1COX,0
2SU6DUKAR4,1
P0GPSERWJF,0
A21MQTB31N,0
4PWH3LWEB8,0
J6MHB4S39D,0
W24A2M7X5F,0
9WGE2H2LK2,0
C8BR7WQ4SD,0
T2IY99M97F,0
3XKLH67CUF,0
R73QX3FDTE,1
SK7DXNV353,0
22MY4HWOV2,0
LXCN0235IS,0
C0WUKVT7MG,0
CWX4LDPQNN,0
HGW1B7YZC0,0
PJTPRW5SYC,0
DFNA983XTD,0
IAT13ILUSS,0
LF386GWD0Q,0
4PEQU87DD2,0
GQ658QVL2R,0
5VFF7CTSM0,0
TURZ7B94TQ,0
1DODP2EKHZ,0
Y7I0C157Y7,0
9B7WR3NOSI,0
WZ3ILYF4E7,0
ROMP6PJ3R4,0
JOSF0OOBUX,0
S220NUSKLJ,0
66MIUQ0X63,1
54NZLN5WKH,0
5TUUH6Z48G,0
24TAPHO08O,1
RODLFV87SG,0
46BJQ0AIXC,0
FW8TT4ITN6,0
HUBQ0FSP1U,0
DKA2IEC3SX,0
H9H914VN3F,0
EE4UKJRW8D,0
FIHEL3ZE7I,0
MSZPK900G7,0
FQNGYBWBVO,0
ZZRQNA62RY,0
O9ACWCF1PW,0
Z2TKJDHPJB,0
M9LE180CXS,0
A6QC8VXRXL,0
PBL9EU2G1Y,0
NE38SFEFX9,1
0EYCL022UL,0
CIP5PK4SAZ,0
9J9IFELZLU,0
B5DB089WVS,0
5I4IYLMFL7,0
98713T1774,0
IU7KFCGDXG,0
8AFZMII7KG,0
YH9OXQ750I,0
34PJ6WL77X,0
VNIZ1F4JY7,0
4W359J1CBX,0
S5W5RV984L,0
IYGSXBLIX5,0
4WJVYV6E95,0
TPOGXR7EV8,1
1ERM01MIE8,0
INKIYG0TK9,0
HCFBF0Y726,0
TQJ4DQD6TO,0
C0RHFZHS6D,0
SRKQKR4ZO3,0
3Y5S98D1BL,0
UBX80WMLMU,0
UTRDFKKC0J,0
RLMB0NE1XX,0
OXE7IPWF58,0
L6W3QJVO6J,0
XOJMGNUC3O,0
RXDINONOIC,0
QEHYSBGB58,0
MZCC11EIDM,1
3RXJHIX68G,0
PNBI5SP893,0
Y55B30SQCO,0
WU1YK49GFS,0
KFG4SEEKQ8,0
SCOWJTWFKJ,0
6PADH89AHN,0
JXSNGK4BNO,0
TJ95SOI6MM,0
MSP8OKNXH3,0
1CDDICFQTM,0
XEPJVTLVYI,0
RQ3LCTS4O6,0
SFH0HM5M20,0
MXBPD2P67G,0
P1UB6SZ2FJ,0
HTDXLUVMT5,0
NADJ2507N3,0
ISSD06QB75,0
604Z13V72C,0
C1CDZ6MJ0E,0
67OVDWG40K,0
X2VE1FD2OR,0
0O2Z77ZZU7,0
7PF8KRRWRZ,0
8HRIS33O6Q,1
LXLR4YWYRI,0
VJ39TKI696,0
9B28OOKPKV,1
8QJPNMMIHM,0
Q87QMUGPN0,0
NRQC5LJHX2,0
ZG7MIB31BM,0
9N4V32V5QU,0
QOORUT3PT9,0
Y0LMA273KK,0
JBB6MIAGQ6,0
034XL9T3D6,0
V9TEN8K0EA,0
D7UD7EFFK9,0
SFDWS5EKSS,0
BGFXKLHU3X,0
5P13I6376M,0
Z5R7TI9H1H,0
GWC4Q42LLH,0
ZGYK1Y03O8,0
1G2N3XZO1Q,0
YEE2PJNU3T,0
8DLS0M75EF,0
966J9RZHRU,0
XF59SZDX9F,0
4FC5EHNTKA,0
W95AL6GVCS,0
H5V4V3YTG3,0
34LL3V66XS,0
F9NA4KEDY1,0
SRH5NOD0N7,0
MTL9991WOV,0
B6KICU6RU5,0
I37R9ZIH6G,0
Q0O3D5TRFQ,0
POR1N9AGRL,0
VPVVPUEFET,0
C4J3HE2UDS,0
DDUSH7Z5E4,0
2K79EBS946,0
FX5O5XGBAI,1
MTCCQ5JRTX,0
ETZ1IQDSTD,0
LTMSYC4F2C,0
NSSYRJCIU2,0
Y2CO3RYPAA,0
58B69HXDE0,0
6GHSRQ8BNK,0
KVDCN1H9VF,0
7Z137LPEVM,1
IV9P6QKIKM,0
PJOYMM3A5R,1
VLYDKMPPUI,0
U210XRCKXH,0
P3OI9O2R14,0
239CBWDG6H,1
1ZI5B0KQPT,0
YQGFNZIOH8,0
QGJNDBH456,0
X7YHOWH154,0
5TBIQXQIWP,0
WATR75XX27,0
7VEPWFNHLO,0
0N9WJOC3FT,0
M4G38QBCZQ,0
NKEFQ4GPAT,0
XISC6H1Z4X,0
HL68516FPS,0
LY7401YJXI,0
WW0VKV3NTF,0
RP0VBE6D7Y,0
IN8GN3LHPM,0
RXYMNMXDQ7,1
L7D8UQG3G1,0
3S8M1EOZX2,0
ZWNVME3K9P,0
M3ZYLDJCT8,0
6L00XL0YSV,0
R5D62VYLGX,0
KNY121Y6MQ,0
1NLJQ2ZPCK,0
PLIS7CVH6S,0
GLPB0UE12Y,0
NHMYUASE4Z,1
J9PO1BDY66,0
TPG76X72S9,0
8VMEM0XVQQ,0
5933HZKA4U,0
DD62SF7TSN,0
H5TPNUL85N,0
4YF3IMFRTI,0
AFR3W5JY0T,0
BMV7RVYRKC,0
C4X3LMSXPI,0
CXVHSXSJ3X,0
FURNFX5IQ7,0
8G0Z91G5KG,0
QE2S44RT17,0
RVCLC6YUWN,0
3ZG7PEJ8O8,0
ABJD61A8A6,0
MJ5UXL13HC,0
B4XJONR7BR,0
WQENBGGL1I,1
16LEV4VOHA,0
435IMEUM0M,0
NL2LV7IG7K,0
H7GB7TMN6M,0
D134T01IDS,0
JI0222ZOTF,0
WDEFM9EKN4,0
QLGR9Y0BKF,0
TM2GUV4P57,0
3HS1PK1V0G,0
C31E3BZ9NQ,0
UFYB8R3ML5,0
08UJFS3KCB,0
JHVA2G47P8,1
HUKLKPFIQB,0
VHRJTH4N67,0
0ON3ZUOPZ4,0
CIPIYL97UA,0
X8MAKKCV75,0
IFCIJ6OA9T,1
O5K43PL6F6,0
3BXL2SY98P,0
9V07VW9TR9,0
IO78E1UFUC,0
Z8KJQQOLUV,0
GJG60SMHXT,0
SC7VN5AI33,0
SR71EFT36T,0
KEFM0Y7LR2,0
VPGVX5UK32,0
IPTKWWAEFD,0
9YMZWAUOON,0
H7MS4RUNPY,0
3QCFRV0YWB,0
WZAV9C0QIV,0
R15YFEZWEW,0
194GKT0W31,0
A028MPJQNZ,0
8BN1O80PPA,0
OVXFC0N9GC,0
D7BY2V3W59,0
LVSNB53EL5,0
4047WBQB9F,0
H9UM6X22KG,0
TN74B3EMEW,0
GB8TJW4RMP,0
39JE10CRKY,0
BT8GSZ31Z8,0
AVM7ZVFQU6,0
KC3YUTZ3E2,1
FGR7PSMS7D,0
FGSBAHMOZW,1
X1Y8TYGNU7,0
QDPVNJ3T1F,0
BUS9AMVWZD,0
QXB92IOSK8,0
3XRMIPEU09,0
KLJLL2XSPI,0
V3BFSNRR9B,0
PQW5VWCV1C,0
5C5B3BHKLB,0
YTOJLV4RZH,0
K85VYGIF6S,0
G00BPS1PJN,0
8PXSENWC3R,0
TEVVB4QMWR,0
CH6KN9T7AR,0
KFS7PCV4YB,0
K37VLQIIHD,0
6CZX8QO7DG,0
5ESI29M88C,0
A32VW7U5XP,0
Y8XP5K8SZT,0
NOXHLBJ1AX,0
515N5FNB5Q,0
2V5BEAJ5KU,0
RA2MYHG2HH,0
7VBMY1L4P4,0
49ZAFIJBM2,0
4JPAO2EB9F,0
1WZBGN6QVT,0
6USF1ER9PT,0
S6751Q38SV,0
Y89GU4MTCV,0
LXTBLIDHFH,0
EPL7RXPBOD,0
JWGPICDOUP,0
XNFD8YRMHA,0
5VF5X9E354,0
QG97CC4HLX,0
S6YFL9R1CW,0
73GGTRFVM9,0
CSPT8NCLSY,0
VKACDEENDF,0
DQWQPB8K3Q,0
ZGVKBTDNQU,0
7K7WD8EQST,0
FZ6IJ52ARY,0
YGFHRKY0H4,0
WD2GFOTN5X,1
X4Q886OGTQ,0
9NDPXTI05P,0
T5N7LXDE40,0
E3CHHVANMY,0
PI1BA3F1Z4,0
KPK2NYIWJ4,0
R3J2525XRQ,0
4QA4AQV619,0
EL8LMGAJFG,0
60ZZ0F43DS,0
UFOUAPUGR5,0
YVVSEYSCB8,0
DD4W2W2YNB,0
SE1NC157EV,1
Y20EZV83SZ,0
1CCUMI35EH,0
AI8XVACIXS,0
MVOX4DDY16,0
RQILHT3Q1Z,0
1HHZ21IHEW,0
VFARR7Z6ZT,0
6W4BZFTM1U,0
4JR5I1AB57,1
VEM798JSDB,0
1TOVGNMTS8,0
8MZ4S28RU6,0
E6JPR9Z4ZA,0
NG4ZZ5Z1OJ,0
SGZH8CWACZ,0
Q30AWZX3G9,0
UWFL48LWWI,0
T749WG40VJ,0
6JQ1D081JS,0
0WF8SU4CNF,0
BNC0UD0DOR,0
VEKILC04TK,0
N2JA5SN4J7,0
SEHQS4479L,0
UUXJNG193Y,0
M8U4OMXQ7S,0
SG3MA5GQLW,0
XYJXGQEBQ8,0
S85PQUAVL7,0
1831UMVGAO,0
RFT8VSC5EJ,0
AEWJDR2V83,0
8C0TQP3GC6,0
MK7ITRSD77,0
TK8OSM5JPW,1
HXE8FYT6CY,0
9LI951OYG5,0
R6H5NJGZ2Z,0
YJSRGBXOV5,0
YJ8QGK2I01,0
MCU9HPBZMX,0
SV84SF3JU2,0
AJSZFE9220,0
U3XUBPMMAL,0
LKL0J6A1U3,0
QIA1U4JT13,0
FCB2VNTMZC,0
6ODS78CTIR,0
O8XBXKD9O7,0
FCPAW9SXGQ,0
0QYNV67E12,0
2XC89ZCQN7,0
40XTSG5QP9,0
7LJZQ1PII0,0
0GKOVCIZH1,1
GT7DY26NGO,0
G593JWF4GT,0
UYP09KX0FI,0
SG5AR0MOSA,1
45GCIBXTPL,1
Q81D7UORNY,0
KLQRC9X14O,0
YUVO89FD7I,0
DUZFNF8BJJ,0
LJ0NYPIG66,0
16GG3O0Y9D,0
GDPUBFD5X0,1
BD8MI8UHPI,0
TE5FA96VGB,0
RAWKEW4RS3,0
LCKKP9B7JN,0
4UGM99F1HR,0
FZZ6A1PUPY,1
L51ERPPPA3,0
I62ZC5Y8FA,0
JGNAAOKWDP,0
0K350ZBR5G,0
C0J6RXTFJH,0
7GFOO8756F,0
KTV24JJRJM,0
JRYMQWTLA3,0
DAZJRM2Z4K,0
7O10AMJBG3,0
YK2CGZXWXX,0
K763O0KK64,0
LPA1AWZF34,0
0KD2FZ0U6O,0
R738Q1I3JW,0
YDYDJJGQJ6,0
HV87ZZHI99,0
PI6I09MS8R,0
JN1I0IIL5U,0
7K6T41C2L6,0
V12CXU21D0,0
7RZ0JHMPC5,0
7XY0VHV14I,0
VD1UCTOJ4L,0
HW3Q810N9P,0
ZS0TIPISLM,0
2TX8MFNMTO,1
CP3M53P49K,0
OA5WF7TDUU,0
WP6YGNSBNM,0
QWRBLARXTA,0
5DO46ZVMNV,0
A7RAIBURU8,0
6A54D7CPYC,0
QZZA4IEVYJ,0
XFLEAN4ECR,0
HLQSIW5VXF,0
H9XTFJOIB1,0
WMJO0HRU7P,0
KLIWH1XSFG,0
69GV50QVOR,0
RIN5FV07I4,0
NOI5LR2QEY,0
UYEG89G5W3,0
ORHU4RO86I,0
GHYY30MD8D,0
XZM9HXQLWF,0
HWJU46PU56,0
DNGUY241AI,0
YF2B660EDS,0
1K88WMG9KX,0
C913ZURNQX,0
W1E4WMJXXL,0
WL1KQ5UWLP,0
FEYHJU7L3J,0
H28RKRYSIF,0
KDU62Q275Z,0
Z5C6382ZL6,0
A2OBRVNSX6,0
RLWA9KUKUO,0
72GQ32EPMA,0
ZY52YSLM1F,0
0S26L2EDLT,0
RJ2XK4Q8CV,0
FQBWN1855E,0
KK7ZHRNAFZ,0
7JW8CCHMVL,0
XAUXE18FS6,0
JP4DT4P3D6,0
GOLYW3A04E,1
X0XWNF4JNU,0
JLNV7K6HQ7,0
7NQFJDMD48,0
LRB3DJH0EJ,0
W95UO866YT,0
U1FFDAZAIA,0
LPISKITAUA,0
9XRO3VUA8G,0
E32K442BJM,0
BA166G7R8O,0
5OIYAW5EV6,0
BBEQ9308SO,0
GUR8LI5NC8,0
W33AUBC0XW,0
6G8LCCQPN6,1
BL7CWHOBUC,0
9USUE6T3UL,1
GDFU0Y26CG,0
YXPAYS4I26,0
XTJYFXFGWG,0
8SJ737SQBY,0
L4WVJJ9T42,0
NXHZ1QHI0X,0
24HV51U85D,0
0WJT3VKOQP,0
Y6KOQ4VTQP,0
S8W3OMHZJA,0
60YQZR01AP,0
C9HUBT2E5Y,0
H11MZYDG0V,0
2W47U9NFIJ,0
G5NSLBHD7T,0
TF4EW9ZCUF,0
1TDWGNFMF9,0
29CLR7DQ32,0
452T16YZIH,0
NZ78EWA8NR,0
4LFQOARNKJ,0
NMKFTEETGM,0
N89YDVUORS,0
DSQJOSPGN4,0
F19JSGCHKL,1
65X1K47CX7,0
UT0DZDC1D4,0
0JHJ7JMM75,0
BRLSEQ5URW,1
QCVX9KJDWD,1
IQKV84BKZL,1
2HBU4FFFSS,0
J4PR71Z3ZB,0
H2I6F43UJ6,0
AQZ19HAI5Y,0
QE6FQBJQOL,0
US0CTHEHV3,1
APME4W3TIN,0
AVIB0E3K2S,0
JUM08DBIYV,0
2VLDIY39ZF,0
UH3I5CJXRM,0
UTQQN41F4S,0
XGMYGTTOS1,0
USX28JJCEM,0
NES85MBRYC,0
6UP3V1OPQQ,1
SKM5H1P42Y,0
LIFTYT78FP,0
OUG8WJ0KDA,0
VA04UFS44K,0
FP7PLGSOAW,0
IVEN1X0M3F,0
10U4XQZD7W,0
VWK00JGGJ2,0
1YX9HCZGXS,0
BS83WB058K,0
G84U02CC9L,0
Q0QRJN9XKA,0
NSDFIK96MJ,0
SF1ZLZWJE6,0
OLEA917GF8,0
B1Q8HKGEIT,0
10907BS1YE,0
CCBQUDUPIY,0
D81PBZZ5F9,0
D56ZFUUWDC,0
15UH1M9E0I,0
MTRQYUW04U,0
OR7C0SG853,0
Y54L28E03F,0
A33JW8A4SP,0
A3XWB78OEY,0
U8YQBVY82S,0
8RZQ8SOQ5P,0
RPAXXSCYBB,0
KEK0UES0OE,0
24MCP9WK9E,0
KU7W0QYFD6,0
GLAYBHWKY8,0
KTEZOKQ8H6,0
6BM8BVRQP8,0
MEFJ1B42QS,0
CIVXHTI25G,0
9GJ55HR51G,0
3NRN2LDT3Y,0
E757KRZLK3,0
2F60KVFYJ4,0
B55C7L2BD6,0
E4HAGSJWN9,0
CKLWU4VUHX,0
A76G7TRJUI,0
8DRD2KL517,0
29IFQXKHED,0
JCCPO7SF4S,0
2DWSPO4Q4E,0
K8ZHFWHWUE,0
OWSK0R60U9,0
BPPWTLCXJY,0
4BMN71X5FD,0
U5HL4P5P1Q,0
KUVCAS6I9F,0
E7Z3W4BHRU,0
1JGUZHCQXJ,0
4USMRVGVQQ,0
Q12XPMC59V,0
I8HGL16X3A,0
I2OUM3J84F,0
C3T9A398FY,0
0NZ8FA2JEF,0
6X90B80L18,0
BZL6WZ0EOQ,0
UEDJNC5MFL,0
K2Y0CXBU26,0
JOWC5BBR5I,0
D7OXEWK36I,0
JUOX4H03GL,0
5H1ICZ75DS,0
I4JK644S6Q,0
3FH6D423OM,0
OF6EMC89V9,0
G6YP37AL45,1
IUI0J2K7JO,0
JO6PFYBQ9W,0
7AQ9UJIPYS,0
Z0IQ1TJ0C0,0
ZZHZMXUKH1,0
IROJ8VLBCL,0
MSRV7KYLL2,0
GZ7G8E49YV,0
6BOA2DNAQV,0
T1VI9TGS6M,0
9Z1LDLXO0M,0
JWZLKH2ZYS,0
15DQAQKQNE,0
SLS9YO6A7E,0
OJDFZDUDST,0
MIAHU5QFR5,0
PXDW081DHC,0
QUAAZA7GNE,0
C0L2OBT1KI,0
VPMT2T957M,0
B55SZGRHT3,0
5DAJ9W1NI1,0
Z9CVLZ4U8D,0
APEPM2M0W5,0
E05NV1254K,0
9FKRA4CJBB,0
KGWI3VH6NZ,1
J6LNDET9KH,1
IJFJVZ4GEP,0
84ZFSGXY5C,0
R4MXUXWIXL,0
1HFW26JZHS,0
BJ95QP8B9V,0
S8LVJD2QUE,0
1KCOF4764I,0
UE9YLNS0KE,0
G584LVCMRF,0
1QYPAIPKQC,0
KMS5AFHYP0,0
298W0ACNY1,0
MK7G6UO4TI,0
HWT86IGPGS,0
66SEY042CQ,0
WUDVG59QIG,1
M3TNYOU8IT,0
FKER85AONJ,0
KVXRBI378Q,0
C44A3VW6CK,0
QLDK22IS9T,0
PZPR2QROED,1
4IQV6DE7MF,0
Y6AUEO5GVP,1
455Q3OGHHD,0
VEJVDGE82T,0
30K7JVIA36,0
V03CWBQVAN,0
ZGPYPSMNCE,0
D0Y2IOT93I,0
5CK387YD66,0
8VHSOM6HBV,0
UB1DXLTHOK,0
PGL5731UFY,0
H6O4J3OYKG,0
OMZ3RC5CW1,0
4RRJ1OKCG2,0
Z5Q1EO5037,1
7IXR057DW7,0
RDL22N8L7J,0
WF78LADDX8,0
4CGMYPYVTU,1
SX9UG7VGMX,0
SI7Y0SQ5NW,0
CJYL8XS5TQ,0
3URYTG3SJ9,0
WPCGEI0FFD,0
HCYHY2HRIA,0
UUU6ZAMP9N,0
657JYY33TL,0
RPTATC2AAT,0
7QD252OVZB,0
DQZG387XD3,0
RVGQQFKX9T,0
55F6FJ8YRL,0
49HURVHUN6,0
Q6WBED0LEG,0
3V6RQS2QN3,0
IHE57SR65R,0
DZ6RTKW1R8,0
POUK5I5K2P,0
FUI3YUCH6H,0
0CUW1TIFYT,1
3APOO80FHJ,1
W176Q3BZAU,0
2I0A15N357,0
BVQH5UKFZD,0
QGZHB114WL,0
W5EO1MHJUN,0
KTCKTOKQZ3,0
01HIYOWWE4,0
CHUAQV8TIB,0
Y8X0KL6K80,0
TQ6AACRANV,0
5PPJS0B9M9,0
94NLXLEBYI,1
ROYPXZK2AL,0
S0V0DB6USO,0
GO5UKK8XWK,0
58IPEYNL0V,0
5RV9KNV5XD,0
VIPJ2LCC46,0
RAK5C5MI0I,1
9HHEFEY7KM,0
P3X8YIZLW0,0
GGT23GRMLG,0
2N83GPG68B,0
QA1CEP4JPX,0
RJ9J65KB09,0
O9YVX0R68M,0
PQ75H5WE6Z,0
CTBN0JKABY,0
ACL5YB5XRE,0
H3VWWL3OYU,1
ZFQ7F2AGBO,0
MQB5AG5EHL,1
661RL3VW0A,0
X5MVD43VF4,0
ZEB2JJ44PG,0
U0PFXB9KKB,0
VSKA3IN0TN,0
HPATBOR99P,0
M2WJH7U6AE,0
GMZ7HV8N92,1
B6UJ5GF2J4,0
JNF1E8CU8B,0
MUG5OODG94,0
O9X05791UF,0
TRWXQHGIQI,0
R0P97GBWQL,0
SSPM3Q36PY,0
EWUTT16N1W,0
OB1V9K4JJT,0
Y8VXKI3KBB,0
P699TUH40P,0
EN1JYRWC1B,0
P9YHUG9274,0
MX7FIQMO06,0
4EK0PXNHR2,0
RRAIBTVY9Q,1
TF3GN30NP7,0
4NA8JBNF5X,0
CM37396QOV,0
NGDOXZJY33,0
XWYG6COEU0,0
DKJIOXMLME,0
6RMP14AEMN,0
PE5BFN77D9,1
VZRR5RLHY1,0
8YBCOJLJYP,0
DSJ2ZS92DT,0
R35K5GVGTD,0
SQ07CVQJ54,0
D4HKN42XUP,0
2IJIMXP8R3,0
LDROUWMTDS,0
D0XIODWY3O,0
G8KX5TXXFC,0
SGYG4DVNTD,0
NH6LJIW4YS,0
VJRBKAHTIA,0
D9RBKDS15R,0
XBBCMJS1NB,0
KTNV0RTRE1,0
GDXJYH3HM2,0
OHMZ0KEKB1,1
P3SX2FWEQB,0
F2F469DCNN,0
LG68NODCW0,0
GP1VZ3V6EY,0
1ENOZO3PCV,0
51DBAE98K1,0
ADXA25FI5C,0
TY9W98UR9L,0
6FO9OHX521,0
2EKRZI4FTN,0
625ZEIXFXW,0
TLSUTMX16C,0
XQ41A5NIYZ,0
WKYRCEECG8,0
I0OQXHFKBQ,0
3ZJD78X6YD,0
CY37Q6DP8N,0
BIIRBQBS5R,0
A1898IUR52,0
O9LT01LLXU,0
91H1KX4UHP,0
WZ6N2P3SLM,0
BQ157C1JBQ,0
IH7C1TGOZX,0
9C9W0FNQNQ,0
D732QJ4JH8,0
AQK4OML2QC,0
EM0VQHPVLG,0
7CF2HCSIMW,0
V34XJ53E14,0
TMH55DAM9C,0
TZYECIZMF8,0
QPH3PI6C3R,0
A0Z6H7HZVH,0
2KW7SFBAS0,0
Z08JL59PA7,0
BH504NF8JG,0
U2QXH7DYVI,0
KRERUXUCFA,0
QO6Q2YL02X,1
PME85O2T1F,0
JLIUIL5AR0,0
87WBPG780X,0
EYEHH1D96W,0
R9S1WE4VOJ,0
BDJD2D5FOL,0
8IJRDXBR8Y,0
14URSNIWC4,0
5NK2VJU7XA,0
6XSE0F7ZRO,0
PB7209BVY6,0
GM6FYQFGJ5,0
9TYKMSY898,0
9ABCFIRCKQ,1
9279QFASAO,0
JP9ODHOAEC,0
5NT7F7IW51,0
OZ57Z6VPTT,0
CJYVV2ELNJ,1
FP4QKLNAKH,1
ZBK4DW6J5H,0
7H02939HQQ,0
1EO61ETHY9,0
GCE7ZWCU9F,0
8075JV95C4,1
YS5NZ8GCKP,0
R3O9NJA4SZ,0
IPS8KM78OK,0
C8Y3Q4PUJZ,0
5GA7DER1D7,0
WK8K5UG1KE,1
10AULODNAQ,1
IP15GNEJSN,0
22BZR92Z99,0
50R5UCYQYR,0
EHNTHTPB2H,0
N28MUHFQHX,0
3PP82I9BCK,0
DHA8DGMSOH,0
T9C50060GC,0
PVH3J5X7AT,0
MKQG1ERSL5,0
O5WKH958II,0
LM3LBY7KC4,0
P404B18X08,0
QYLIS9J7HM,1
VSWA4MWWKL,0
TS35PES686,0
1TO9U9074S,0
4ZW4YJPB5L,0
3SHFFDXOT6,0
IV8RPQSLUL,0
X7GHNGM86L,1
AKRKAIRXKW,0
ANCDQ6HM3I,0
TJXK5WHC39,0
AQE6TO2IBP,1
AI8FB2BO27,0
JCNTHQ1S7L,0
P8T5AGJ6GV,0
YUDPK8DGPW,0
CH7Z59IMHW,0
LQ7BD7M6OW,0
G19CAVBZQY,0
MWC8JT7WRJ,0
12CVF93D8Y,0
EQ7X0HX2AB,0
CYXIHZFY0C,0
P5KUC0M3X5,0
YS1ZXBHMTX,0
TJWPU4TR83,0
T23PBH2U9Y,1
1QTTBT94CX,0
FGO3L16EFY,0
DGEJ3JGS4Q,0
R2R2M72I3C,0
LK61LCWZS7,0
30JUXSVIF1,0
S8NSTA3BGV,0
7C9HQB1KQC,0
QLSEP39O3N,1
7AM98XHARC,0
U6D9LH33RF,0
8YX3EICLIV,0
3G5GO5L3XB,0
0VU126QW3E,0
UV59UTPD71,0
23UYNT8VG8,0
Q3TJQV5AFJ,1
WATKFZB84Z,0
28SVZLOC1P,0
2EU272YLQQ,0
6AXB0J1CAQ,0
C50NNW510S,0
QU2O1QTAB1,0
XA90RMAX8R,0
IBIA1LWQDF,0
W9G91T9C9V,0
5UEPWJJEYW,0
AOHAJQ174S,0
64AA0G6XVP,0
WQ3IA7ZXFG,0
1BMDD6HIHL,0
R69WSBU9S6,0
YFVMCKQ19Y,0
4MR2PQAPU3,0
X11C77R24P,0
PMJKHWWKWV,0
LPC50H8GCG,0
NUXZTCCZI3,0
WI1F3LHWYU,0
2UGYSXHJS5,0
CJ4E9DSFP8,0
RBS36LG73W,0
BX9XHEAE3A,0
PCMGIKVLSU,0
7JQK0CXJQG,0
97D70CH2BO,1
8K2IZ24G5H,0
GZ61J5951J,0
S2J39ML66T,0
ZLPG1UT5KX,0
EZJPQ33DM1,0
D4URP0CUHO,0
1T1IVZ2SLZ,0
6RO9RGXAER,0
MYM4MPZIPY,0
D0ACZNHQSA,0
0G057B0WJL,0
1L6MZDFKR1,0
9LBSX1U9CH,0
X2BDVO43Z4,0
Z73SD0GISA,1
MNK8JMR7MT,0
3III0CICCT,0
3DM89F0ZHO,0
8P80P76JN5,0
IWFG0O2VCA,0
J1C35UBMC1,0
J3SAE2C2SO,1
U8H0WWGRA3,0
QXU2J51UF8,0
L43AKX7H0C,0
XTGH352H0Y,0
E6VDL1W650,0
877YJ4W2UM,0
VD5MEUBXB7,0
D65XDJ9J39,0
XXQIPH8PTR,0
NUB77ZPSKT,0
ARQYWTCSV0,0
M12RDY8MZ4,1
3NCSJABBG4,0
1FW0UEHE17,0
FZXFWD8FEA,0
3OX7OQJBKZ,0
9NC53WH7TE,0
MB87H2XNYO,0
DGND6841HQ,0
PAFEXA3263,0
UUOXBS4F6T,0
RTJPLNTFUH,0
CEMKWGQROP,1
FX4BCRUB9W,0
28FL2ZMP13,0
X89PYJX0AW,0
J0IO8UE9M1,0
AZO02CAP4O,0
6CG0XC84VB,1
HVXT1QQIQU,0
SJAG47CRZU,0
QCC8JDYME9,0
2SFTSC1PH5,0
BGPCE65DUD,0
3ZPRH953DO,1
AO9FN0ZSJW,0
492UOGFHLB,0
2AZWZEJINC,0
0MXIY1L9YS,0
MI8M21CJHN,0
ELZZGR3PLB,0
TWTM4VH7AZ,0
V8038OJD3V,0
H7WZHRR78T,1
NS360LCAE0,0
EYJ7IRGAW3,0
TW9P0GIKAX,1
2E9CVBFB07,0
8K55BB9XAQ,0
PIQNFR6IJ9,0
E1O5QR9EVL,0
64F5AA8CN9,0
JUYDLU6XA2,0
RRXENJIHFY,0
HU3RULETWV,0
XLAO6Q375Y,0
BNMWY82OZQ,0
QLUY8Q9K6A,1
BFO3KSO19V,0
VNI63E8NC1,0
6JNN8XFW7C,0
R83MXK24QM,1
51NUEXLS00,0
ZELN49U2P8,0
UWIXJ4HYZ1,0
FOE1VJ56NP,0
IOX56CSK4B,0
UCDMU015MO,0
C4OBE2WG98,0
C73Y9U38HR,0
0XSSZ4NXJO,0
9KP3Y62TVG,0
YHSZ3AKI9A,0
C5KM9JZLGE,0
NDIXISRFJA,0
DQNAQ212VD,0
JHE1JDAPP3,0
N9JQ64CW46,0
BEMLPTD8XF,0
5IBSVGTHX0,0
3OVMUKHMKL,0
IUM2WQ630F,0
MIP7YJQDGN,0
SI5XQV9F05,0
2WH4QFRM13,0
3EYR51RIS7,0
TU42PHKBUZ,0
3ASB0OILF6,0
ZXGEQHUP1K,0
YY8MZ18VKZ,0
WFE6Z64XUS,1
UCOGK8N798,0
34NWKZ43DY,0
F7MHMMMV5Y,0
PKHB3SV5KD,0
6XHLP4QQO3,0
TBYH92G3KR,0
8DUQG5F1FS,0
GTW2EJR5L0,0
OBFXDU4JPH,0
AHVSBA3AIT,0
YFR60A51UX,0
TLUCZKRYVX,0
6OZ6AXDFHU,0
4YLLL4713Q,0
RPPWW3ID5P,0
KRK881SGN1,0
O6UH27V0DY,0
LJ9D2CUQ5D,0
1QHJ5QMCLZ,0
A5DNK04VDM,0
09M6AE36SC,0
S4H99SNNI8,0
QMESFUP6CT,0
FUYN8RL7AL,0
1B61CFAMJW,0
C66Q8J3NXA,0
V7IAXVWVDI,1
8352FFY1RU,0
6HCEXFZU2L,0
YVEDRA2R6B,0
QVMJPRWMYB,0
ALDN06VR39,0
46J1P20CZS,0
WACYJO4T4H,0
GDF9UNS9CD,1
L0UIAPGE25,0
WX2VGTGGM0,0
R49RBJUSWM,0
48WJE1WXMO,1
109F752H4M,0
27967HC2RE,0
TOB52CMX15,0
COP54ICKR6,0
AYTF1Q7FPM,0
8OD4AGYZ8Y,0
C77SYH339W,0
N4FZ8SYFNK,1
S8PLL7H5P8,0
DPUI5A1U2A,0
EXD4X6QWTC,0
4OAOC1KKWZ,0
7KCA37SWSB,0
18A760S6KB,0
V25HY9A2CA,1
WQLZKUCZWL,0
ZSYLODEJ88,0
CQ0WT45ZW4,0
I9GHGUX475,0
3Z65X298I4,0
CI4T5ZWO35,0
J2PEK46T6C,0
W5FZNXIWA4,0
K1HVWX5SH0,1
T5XD6FR8RD,0
L9SJ2KSLRK,0
HNP06GXM3X,0
1XV7YYXGTH,0
X5ER7Z8OTX,0
7LLEZHH4XE,1
4989PB6Z3J,0
OX9G6TAVIG,0
OVF2SVU4FB,0
TVPSJRN3A0,0
B2A4Y3UO6O,0
J1KUCMOE0A,0
HX7YSCPO1M,0
1DJVQKM4YC,0
WJOKP6O3AL,1
A9BQJGI44Z,0
4WE276RPTA,0
RDYMNQLQD5,0
ERRDIAB6K2,0
IZHS4OFIIH,0
V9TWH4E5Z9,0
BMNZDGCXWP,1
2FFWG1QY6R,0
I73T15CPTV,0
VG8HVN354B,0
60OGFG0L6G,0
DLZNG5BZHG,0
KUUPFICHGF,1
LGWA5NZHND,0
90UWONQ9H1,0
3Q8Z5PCDMN,0
DN8YE7BFE7,0
3562CZ4CJV,0
1U3TWYG3OH,0
HG02E99YDC,0
E82WCBLIZZ,0
QBLBTY6ZTQ,0
9KKKCURWF6,0
5DODTQI007,0
8BGVMQTOBW,0
WZY0S55P1C,0
49AFK5AI4S,0
DWWMH1BVYR,0
8AJHGD00YO,0
0KEG5MIKXQ,0
0IV7VI9YC4,0
ZR66VJKS6C,0
21ZJ2NOC49,0
Q2AEFU2RLE,0
L6MS8200IY,0
0LZRR7EN2R,0
LRZLY1WZB2,0
VOMU3R6U09,0
8FVFA0B4WQ,0
G0NMCL1FSW,1
DO5J43H72K,0
0JEXXP3PO7,0
AG1FS7V5IK,0
VQ83P3H8TF,0
3D2C027SXM,0
5KXIQLXVP8,1
014U98SILO,0
0KRPXM4LPY,0
4KXOLSXLWK,0
2FN0WGRWY7,0
C6G2RGCUXZ,0
TVFV8ERWUM,0
BADBZB64P2,0
GF8XG8HPWC,0
8A2WDHCPNB,0
AABKAEDNCZ,0
7EKOIMALDU,0
MELB13DRGV,0
4ITA7V6AHA,0
HV3VTAIVL9,0
C0ZVVYP0QR,0
O68HKXDYZH,0
S1AVIVZVG4,0
3YVO2GJCTU,0
4Q5GY453ZL,0
P0VDEY0VQE,0
NUV5EHETYG,0
D0ZIELJ8A7,0
8YT5ZIG6JE,0
LUIREJX532,0
IS13ZAM02R,0
Q2NZ5JEH24,0
CS87FTU6FV,0
VOXAVRR9L5,1
QROXJM333K,0
476AAAYXIG,0
7HZ5VYSL5L,0
CC4FLTGRER,0
PRR54FVHBR,0
67D8RL37KB,0
JOHHD1UVH8,0
IU6VE68P3A,0
1KF34GUUMH,0
VI31YO1HW2,0
USKOW3YZ3F,0
Z2B8WBIOMM,0
V7D1Z6UZBJ,0
LE95ZWBSI2,0
11BFB3Y89U,0
M224RSLPYH,0
ZHEKLCQNNZ,0
2RQ4UONKO7,0
L48TX4DD78,0
93V72QLHSN,0
GW0BGM8XOE,0
JSOOCJO3TS,0
DUMB97GDOX,0
4F9BO6KC3J,0
XWGOTNZU4Y,0
3SZKU5OBHD,0
MXTFX2DGLQ,0
Q6YD3PQIWB,0
C2QGT24TN9,0
TTZXGONEKF,0
1J6L3ZAKZN,0
FA7PQTQ4RC,0
VTK6RAVGZO,0
6XPI73B855,0
YLI9AJJ8EO,0
TR02T1C97F,0
6RIGEO66LH,0
HV4IVCSRC4,0
J5A6YKYP9F,0
8ZLN1P4AM7,0
DFI92XY0XJ,0
VLUB1B1U7V,0
JLFCIM586D,0
MMD2A72W84,0
NJJAJCYMKG,0
PPTXQKOK8G,0
W7SVGUSXAW,0
PP5BSEZIIV,0
WI02TQKEEO,0
ITQ5HKWY61,0
TRNX3LP2FA,0
GII180A5M0,0
2X9QMFOJW0,0
Q4KSSOODCZ,0
5BM7CV78VH,0
XA4QWU3L1E,1
M36YTX1WZY,1
Z44FGOR619,0
2RDH79DQVR,0
RMBTZPZWOF,0
Z1COENI570,0
C8U51E2F1J,0
QN2M1PFTY7,0
DC42IL4OJW,0
QDAZYIHR7M,0
IK5I7Z71TD,1
5D1ZVE6T0J,0
3S5BU5K8NN,0
19OM6CRO6F,0
2L4VQD9Q92,0
8AV3F64DUO,1
ZMJV3V35VE,0
YPSDRBSSJB,1
ZUI8QBCVRE,0
34GAVXL2QD,0
Q6OBNNGX5Q,0
ZG92HNIWJC,0
UN0NL4E4T5,0
PLI2ONFMNT,0
2BYGJXJ9ZP,0
Z6Y9P388ZG,0
KZA9UDYCOC,0
D7T2HTNUQE,0
XNFA0D2ZIH,0
Y9ZPP2DSSP,0
EDVBW014ZY,0
3R4Q36KDZW,0
1FRMHTK8S9,0
5MP1BIY0K8,1
3MIAE5S4T5,0
SO2N0KO0XI,0
0LUJ9XN1O5,0
RURNPYXNH8,0
GK9WJI3JSS,0
FC5N4GVXHG,0
45K3103LEN,0
KVJLXWUWVW,0
9KIURIN7KL,0
UGVD33C3OU,0
G5W53W0EZQ,0
9JS02U60MG,0
3YPDATX2VU,1
GV70MJIQJR,0
K6U5E2SWPU,0
7N1RZ88BZG,0
FRSS1HQM9T,0
JTL7V8RQTV,0
YZDDZUGHFQ,0
OCHVCL2CKM,0
AP698ERRQS,0
M4QDGBN6QU,0
IOH4RLFHLI,0
CSDSF5R9FT,0
LNK18GULSU,0
X7PBMTIHUW,0
Z0LI9BPS9I,0
1SN0DQ480I,0
CHGCOTLS38,0
75BRKTJTAU,0
YV0NBQEZ1O,0
7KNTDOEOH6,0
E7EQM9T5KH,0
K3TBAQOLJ8,0
C8OAOXDNBM,1
K5QFIEILDL,0
U293QBAJWW,1
U8QEXPQ6EG,0
36CLJSFSVH,0
TCS45PKZJ1,0
740SBSVRUW,0
FCFTR9PCX9,0
08O2CS5UV4,0
L9B8GI6O1A,0
T4SI2RFISJ,1
V8LT2IR5H8,0
PFGAQVCFNN,0
609V04BWQ8,0
K9Y18YJA0P,0
8G6OITJZWK,0
KNFG32JNHM,0
YVKLO1YIEC,0
MBQRJNLOHL,0
6BMVJD387T,0
0AC75YLJT0,0
4X00TNCMD6,0
93ZZBVTT8O,0
1OBUDDMH6Z,0
H2AFL6UIHU,0
95KW70XSFB,0
YYPDG25C7G,0
N8CUT9WN4X,0
Q3BXF7NEJR,1
KSIO8FSQ6C,0
432UV5E36G,0
WB9YJ80IMY,0
JPOYD0E35Q,0
5176GYHWCC,0
Z2AJUO6CIE,0
JHXX8QR3ZR,0
XRL3310CWJ,0
2TBV7DXPA1,0
H8OJYPD8F6,0
XQPKIESYT2,0
PTH4JU0FAO,0
7UMUAP14U0,0
CVU3PLE7J9,0
12JAZSC4PF,0
RV88Z3AR1Q,0
H2MZJ5F4P2,0
KRLUOKLQ9Q,0
GAJNDRT68C,0
R2SNHBHYG8,0
T6BSQ5IRKE,0
HH4OEQHJA3,0
1PJ45TQN8U,0
WM60L0YJ51,0
XGHOZ88HQO,0
Z8SUBHHVZN,0
38XQT0TIHQ,0
RROM4PLB8N,0
5XO5ZRO30E,0
TCB8UX90M2,0
N4IDYYCDBZ,0
4L22MR7QYJ,0
VCD9C0RPSP,0
F5V12IJ4HF,0
EH2HASUDV1,0
8MYCANP5TP,0
308TYFT11S,0
IQ726B3NCQ,0
FRXL2LW5I9,0
0LFH281D5Y,0
1O5EOK7ALM,0
5YTBWRLI1Y,0
KYUFN70TSA,0
JXABSEELO1,0
3TGPOEF5JW,0
CI1HEYDY9N,0
ISZPEBCMPC,0
LVC09EFBNJ,0
SLAOB5KSA3,0
2NR1RVJVAK,0
EODA33A1UQ,0
WIZZ326W3X,0
PAVNOKK85A,0
VJCM6Q0O2F,0
UJI9948FL2,0
04MTXEH91U,1
S660L1J0N2,0
0SLSUBG47D,0
WPW5ZQX00K,1
EL0WGB9NJQ,0
GYV8EW7I73,0
W7Y5Q80LXV,0
K6ZP28Y7ZZ,0
TDHU05TYMS,0
K2ANKP0163,0
ZHGAROL289,0
9K3S6Q18NB,0
DPAKWXW3Y9,0
XPH23UVDRM,0
NIJQWN5ACQ,0
NKMCCQ2BGX,0
XSMQX74T27,0
KXTHYH007K,0
Q3OZWTY0D6,0
LLM4GWFELZ,0
YANFI54TSF,0
RNBNJ24AVM,0
2HTT25ZZCM,0
1931OYPDTL,0
EVWJARHQ8X,0
GB01K1VL14,0
IZ2R7FO2M2,0
1QNSKG4B46,0
MZH11XUOVA,0
8SAIE0EDYY,0
FSJ2MDT9VU,0
JMZ1MDFHTU,0
V8KW8Z69D8,0
KLA4UB9OZE,0
OJLC4OSC5F,0
JHSYTICGDV,0
CMPOQDV4H0,0
6JFUOZH8RX,1
H7U901FB0B,0
1Z2HC4PC4E,0
NO2TOJP92Q,0
2I0JE9HRBZ,0
YW2ZX6XSY5,0
Q852EYMGWV,0
B9KEFZQU95,0
YNBHFQQ2EK,0
Z15HGL9CV4,0
EREAIK5GNP,0
K5EPR5XPL6,0
WROU8KRHB3,0
5UYLDR0QS0,0
N2FFYGT1LG,0
XKL9EBFI1F,0
8IEYKOQMGY,0
XA20H6ZQZ2,0
M3793ZWBES,0
68VRWOLKV1,0
MP7WOCFYGE,0
CC181RO2W2,1
3750Z2HXPR,0
TK5BZG5MQG,0
HGGG0YM45I,0
UJX41IXP3C,0
MZN7RGEI3U,0
A1Q0TUYFHP,0
1PEHEX9744,0
LC0XM18ZS3,0
APM5VUJCA0,0
R3Y4D1UU56,0
AGWZDC7RPW,0
MFZN8L8KJ5,0
9BW6LWDTLM,0
LRCUS7J1TL,0
X8M22AQCS8,0
V6ZZ1PGPST,0
QV30BNF6L0,0
CGA2I9BVNL,0
T5RZOY4MOI,0
ZYPH9AKSPK,0
KQU1YFPWID,0
5ESP9PCAZ2,0
WPQ6ZYBYNO,0
0E5M49SKV3,0
EZFAVGSWNW,0
JHMS9FUMB6,0
5WOO2FQNGV,0
0UYHMRS3IV,0
P0Y9L5GYWJ,0
JSEX7K5LVA,0
3OAH15V7P2,0
SPW9FQASWE,0
D6BS52H6GZ,0
9N0YDZG3Y9,0
W0RUHS4F16,0
UD66HOVKXN,0
4WJVXHJCEI,0
IQXNG9O4NL,0
D1G3FQYM51,0
8QUS9XGJ9D,0
IS3K2UXUG1,0
MLAP25BXU1,0
QANOU8T1E7,0
S7FOOMP376,0
DVE8NW5RAG,0
QG9Y6VBOBK,0
G3BW23KATB,1
ULACYEUY77,0
PR46ZVFV7S,0
GP7U7D57MG,0
MT27LE17OY,0
W5KD2HJBCV,0
ZU6L3MW0KD,0
BHY9Z9G2JL,0
6TR544EMW5,0
3MRGPKT12P,0
UFU4ZVV6QY,0
5B6L26PDGD,0
P48CR33BSA,0
MP4GGJXGWY,0
95T169C9E5,0
Y51W2KKDOH,0
UI2YH452W8,0
3FK1KHU5K4,0
N6F7PEU7TQ,0
3WM2PEH1UZ,0
8R0I1V2G5Q,0
EF1MPIFFLM,0
Q4VRBSJ4CL,0
P5S72XV9TL,0
EK8FBTZEIR,0
5696MUBQSG,0
ZM4UQS1NUX,0
RZBDAZ0Z8X,0
ZMQ2MX3VNY,0
51VQRTKUDZ,0
PVNQG6AW58,0
W4L8AV6E1W,0
0ERX3PUVHF,0
N5B3C8IAFK,0
DHXSPDTMJO,0
NLOCERCETN,0
CCH2JVW925,0
10L2IVNJU3,0
1MFQ2QXI8Y,0
2G1EIQRMHY,0
N1G8DGT886,0
XPWOD8LLLX,0
D51F6APQ5Y,0
4BVWMCHZ7V,0
F7CDFNGWYZ,1
0SKHNVKFP3,0
KJNY4NT3QC,0
NYNINT2BSJ,0
M8Q93IY96P,1
OZT42C3EDT,0
5F3JYHDFTH,0
DYWXZ5W34Q,0
37J31X95RL,0
6NNUUWP5NI,0
0B4NQEPSXV,0
BHFP8WZ82Q,0
W9SWD6UO3A,1
YFF6ZSLDY2,0
IHFXZQFATZ,0
N6XHXK9797,0
2TA7R9P8O6,0
MM6R1FSYKV,0
SNO0COVPFU,0
VIJ5L84OD3,0
RE76AB4CLT,0
EWG40ID0GW,0
UIU73GNLU0,0
6RWB0YZ6PS,0
40UZ3R8AMM,0
Z5VHSWH96S,0
1XTH9M1H8K,0
G22OCCISZ6,0
PZZ2GF15ZX,0
7PQSBHVFPL,0
16R7K5G7IS,0
DYGT6O957Q,0
2AKT5M27LS,0
PVYJZXBNDY,0
JUAK2XX1MK,0
RMZV4IORRC,0
SPMUT05IBQ,0
P6TF5AG0UR,0
4T05T9LLK4,0
IQSAGABFJY,0
S3Q9V78PO9,0
9KKP688JIQ,0
5C6VTEU4FN,0
HFZKOVTLKZ,0
OA1AMY0SFV,0
7NLU65RWF8,0
6LHAWAVH9F,0
BHO83NEISP,0
ZMHZOVQF5Y,0
55TE5NN4PP,0
5PD0N0O5YR,0
48ZWS5CIUL,0
LJ0ZHQAPCA,0
4OJMXEXBKW,0
AK07H19BR9,0
NRC2BXTDKF,0
5GXEDVHC7V,1
NF6ZGXEWF3,0
PMSHF4K1IV,0
GB2B7W5G2P,0
SPU9P41PN6,0
S5I4N83HS0,0
4T7NSH4RPY,1
NBSTN50ULY,0
34GGPHXRDI,0
32NUG1QO62,0
PXZAVYZCH2,0
38878H9NWF,0
VCNCB4DGU7,0
DOHZJY56F0,0
NKP4X0MZU0,0
X42ERYL5GQ,0
RTAJMS84NY,0
KPHS2JUZEX,0
PYT0SDL86T,0
554B3Y4XT3,1
U8YI3H80DK,0
O2FGPND32Q,0
ZGSST9MWM6,0
KGXWM79MKN,0
BSIQMWRRC4,0
WWNHDE0BVF,0
X48LNQQF6W,0
V2A15TP6Z9,0
C4A0YPOB2L,0
JUDYCQN7BI,0
09JDFTQHFG,0
0AJ7ADNEKR,0
AE3GIGXM9D,0
9S3BH7AVJY,0
6THJT2B9JZ,0
ORTTKORH7O,0
CIJLTSNK41,0
J6YNQ52NCV,0
Q8XD1QGXRQ,0
PRRVAMVTWC,1
5XDVY63GHC,1
1TCTDI6VJE,0
N8LAEK5T7W,0
C9HXXMCJUG,0
LL9SLBD6TJ,0
PLLKA0UYLP,0
G7M4Y2F7LO,0
NKJQ5CNU9V,0
A2WK68ETVS,0
2S1ZSLGVMZ,0
K9PEWBTNJW,0
DQVXFF27BU,0
SZPT2NOELL,0
1UPZ0H8H0G,0
ORAE4JHX36,0
TN04UVRXET,0
EK0MO5GBHN,0
CY8G05NYDC,0
4E6G13T9RV,0
9NEQS6FVPM,1
OC4459VMMA,0
H791TJ1OZ1,0
0MUMAIY5YJ,0
6NZ1NCAMRE,0
V4H5A7XT5H,0
P3TA5W2DFT,0
HPDBF5FZW1,0
DU7VO5I4YO,0
RQCKLQ5OMF,1
FB5CTNBTOB,0
D6HZIV4FD1,0
MP2Z4A48R1,0
6O2CKBGRQU,0
UT00RA4F58,0
K76T7TH3M3,0
T1A2ILLN6L,0
BNUUTVSTUQ,0
9QN9Z27GN0,0
FPO4U4UY6I,0
88OXGNJEY5,0
1BMQE231TB,0
SH24L65E00,1
524RSPZ0TZ,0
N3Y80OW7IO,0
GHE7LTXFCI,0
I38PQUQS96,0
2892HVSPO6,0
9ZEEUHWHRS,0
Y8TS3FEVUQ,0
UOZR9RTTVU,0
NXSEY88KS3,1
RAORKEJCY0,0
AYFCKBIO62,0
ZAHR4VE49O,0
H4HU09WMZY,0
SCTU0Y64TJ,0
280C1T3YW5,0
FG02AN9FF1,0
WA7K1MVDF6,0
RPUZYG8BCC,0
UEHC7TKT0C,0
RB9CJLKRH2,0
C0YP765U12,0
W2U2MGFVL8,0
B710EAFP2W,0
AU95FLI4FR,0
BFH25VILKS,0
NVAP07SQ7W,0
AI0WV6XL7L,0
Q95PUQ6PUM,0
UKXECVBF8P,0
L4J27QM09F,0
LCQX7NTJXQ,0
STLYROSY17,0
19WYBL24JQ,0
NY093ULDZB,0
79M3YMX2V2,0
DDKCXRSWCB,0
5AXPJRML4D,0
NSF6NIECP8,0
Z17RWH7U84,0
TOFG18KYRQ,0
WI4PB023XC,0
VKTBAI0SX3,0
N801H6RJ0F,1
RNIJ505HW4,0
U21UWFH0P3,0
EI8O13WJMD,0
CFWUXIH6V7,0
TMJCR4PUPJ,0
HFTOKEA9U0,0
G4ZXG3AM4Y,0
ITI3S5I5CH,0
XUMZL7CQAZ,0
306S7B3IVV,0
B85Q2SX6IX,0
OCTETXO4UM,0
FCAAWOPRTH,0
N2ARNAHFG2,0
S1I4CG55JJ,0
7NMTJ4U1CY,0
E2G5OBU1RG,0
HNVV06KJWY,0
F7LQ2C98CY,0
N185LTJNX3,0
OL5ITFOY5O,0
3XQ48EMF0A,0
ODBU81VG33,0
SAJYHEFE1D,0
Y5P9LWA1HO,0
HO93QW4S8N,0
QUWHXC84UD,0
L0R97I58LC,0
U5LC6ASACA,0
SK2WXY8E6T,0
6E0Y60JR6F,0
17LNH7JT6S,0
R5FOWZ5RWM,0
LXB1JAAOPD,0
HKSPMQ8QAD,0
NBEH10C3WE,0
QTXVEEM6R9,0
EQYOA6UB5T,0
4HL6J44U9J,0
MGN809NF8J,0
L20HU73CDR,0
9QB4N6F5DH,0
80HRDAFYD9,1
GFFZFI5DMC,0
1Y97JQJG8P,0
PEZSJ9Q22R,0
OU3WPHEECW,0
R57PCS249A,0
0JY7QVOPF8,0
ODHPM1FUTM,0
G4R57EEK4Z,0
TALUMQ8XF3,0
5ADA38NXCB,0
R2ISZJMZOJ,0
3QA9Q4C1OT,0
RY27TSQAKQ,0
2Y6J3B94F0,0
SCDMK1QVWU,1
A6RJILL22R,0
SWYCKAK1QD,0
KUNV8LX8H5,0
G330P7PQ8K,0
XP4TB2GDA1,0
GB467UUCZR,0
1BQG57J3IT,0
ASMTUYAER2,0
0Y1QVK6QC6,0
WA734FGR8N,0
JJ1LR7N68C,1
3HS0UESFAU,0
03XW2CW479,0
B1FAM7MHEB,0
Z9RITA4F2E,0
S1BGU5G4CP,0
GC68Q8FBUT,0
JN79CU9FCS,0
B621FPP8LE,0
VFL76GJOL1,0
DDLK914Z26,0
OO0UJCPSI2,0
KWQFE3SMQK,0
1IK1KXCENE,0
HB5KK3SP6M,0
NVA1STC6KZ,0
D621ORH0NW,0
QI9S3SDPDD,0
7YJ1MF7ACL,0
5XE0UW43FG,0
NW77SZ10JW,0
LEAIM79DOJ,0
LXYSKGX42L,0
AC2X8QUL7E,0
0H1N113VV0,0
J9W51J7SBI,0
NXYNNW5L9C,0
BOUSTA8HOH,0
66Y5HK1FLY,0
UKME9RGP0C,0
G5NT2XR000,0
OLOZB7MC4K,0
2Y4JDN2DPA,0
TGUIYJEVMU,0
WCSHSIPNJ3,0
29F0IO66QC,0
QOTCEF1O4P,0
76S8M0YQH6,1
LFT3T9FY3P,0
ZGODF90H5P,0
MKN53WMV72,0
2AUV1X5J1I,0
JL9DVQ20FK,0
WU7LP8MCM0,0
6E56U33TG2,0
XLZ7I7J8PG,0
Z046JWWAZL,0
PXULHG5LYB,0
HF08U9412T,0
RI310UZN9E,1
6YX57LMDCN,0
QBSXXXHJ2B,0
L62GY4TA7M,0
Q3GCRLD3JQ,0
B9UZMX9WX9,0
KROT0VGMPJ,0
1Q1OIFTG7K,0
J094WNQYNZ,0
7A70JMRO9N,0
H6V92WI37D,1
742P5EZKBV,0
4YUQOY278H,1
OZ9QD3AIHB,0
YX46WQOMUA,0
JSPUMK0AM8,0
GQVOMS10D6,0
POLAK3GMTD,0
MFH39COE5E,0
G2SGBKLL2E,0
K121Y9X6C4,0
R20XF9460A,0
GC7BV9ILK7,0
J81CVHOP8Q,0
4QVFWBO5Z4,0
6U06MHL10Z,0
08AHOVO5UE,0
EW2PB9KJ60,0
KZ3SEKLO6W,0
RV06E2CJQG,0
OU9PALW6OY,0
2LOGXHMQ79,1
ZUZ8PSI5NU,0
6JA87Z37TY,0
WZ39D6KFIU,0
EG38JRWO3G,0
3PL5IGVVIH,0
3M00Y72OCN,0
L1D4IZ1YEK,0
1RKZGDYPSN,0
ZFFL1CAR4Y,0
UW57ZYQ31G,0
9XJM5VA8CT,0
UPXUZT1EEQ,0
690A15SO44,0
UQEVODNTGK,0
S5FUCDVEUW,0
502D6KRI6M,0
TC1C1HT3AX,0
0YA2A4RNYY,0
F7IZ7DCERZ,0
DRW462R1KR,0
8P8GN0J6A0,0
6ZIYLZCXCJ,0
B79RRO0N7K,0
B7E4QTK2XV,0
4H5XGZ3HF5,0
PEWVGH4Q78,0
YSKKM4ODKI,0
MC3VJ36IGK,0
9SD3MQWVRU,0
J7SAM2RNCZ,0
DFES7KGK23,0
4S1GWFR33Q,0
93YCSW5UFZ,0
AJH8FGMQJ2,0
MQ5FNBXU97,0
OTCBXV1WBP,0
EFJ3YF55DV,0
U7XOZK744N,0
RCFKE8P8WN,0
4WESQN5L5X,0
8YO69UX28A,0
H3VOVKDNL1,0
BF0S65UVCI,0
HKB2NEIUQV,0
FBGYZKNWYL,1
JTYFTN5HAT,0
EY44PURLYY,0
9QFPODT7HT,0
LNF4JIS531,0
XGLVU50OE9,0
1536AWK2Q6,0
ZDXO7L4POT,0
ANL8ONDM9B,0
LD3XW91D69,0
DWV7ECJN51,0
YWJSKI3BXY,0
LI37PCI1DN,0
4QXMA4J2R2,0
WA5W5JP3JT,0
8UAERDKQ0J,0
QBRF7AISUN,0
1M0QPPIRCO,0
S8Y2R4O6A3,0
MFP1AQYSKU,0
O6SWO6CBGB,0
2Q6XTHBBM3,0
P07P11FMUT,0
SRTKJ69EZH,0
84BQL7DYP1,0
EUIMEFZ8QZ,0
2UF4GWTCFM,0
M2DCTXMNRM,0
U50EWPVAX2,0
L35PGGV0QZ,1
56QJFE7LVO,1
22MS9ARWVP,0
GFVYY784EB,0
4ST6YDG7AZ,0
UTIIWK11W0,0
O8B4YD9H7Y,0
RH89GRMDW2,0
6AWHNWJ2BE,0
4C0P8C3L2E,1
N4EMQ8IMJV,0
1R1N5FJUS2,0
Y8GNPJTJ0A,0
AD6WH5GB2C,0
2OZNLZD5DO,0
I1WCXWCKV4,0
9P4NJDR18C,0
UZP9GATS60,0
C3C0GXWLPL,0
24Z2IPKYPJ,0
VIYKDY15EA,0
PXCFR2H2AZ,0
BP4QI9TJSR,0
ZUSQUP7611,0
VX5FU5ZS97,0
QYRS5VXSKL,1
S3JORVZOIK,0
LLPK49FD36,0
I5GZIWJYCS,0
DQ59LJPQ59,0
WSRAQFG82Z,0
Y3LKK5ZFLM,0
OFBTPW7Z7P,0
BIUHYDZYWS,0
DCSXZWC80C,0
TUY36G6GGE,0
YPP5J6WY6F,0
7ROPMFFY2V,0
75PV084KC6,0
7ZN8VRCR7P,0
TV5CMT5X31,1
1QHVYUI4M9,0
88DIL38Q1R,0
H55LMOL2TT,0
Z3N5KHQ42M,0
Q6GH22I5ZY,0
ASFHOZELMI,0
09WN4EHGGU,0
JW4NJQ53KZ,0
07THTX24BN,0
WIBC559ZJD,0
PCOM2T36UU,0
CC8BG1Q9SL,0
5B8EK23HS9,0
K25G90IVEL,1
I8VPZXF0Q1,0
BIIWQ260DO,1
VHV3Q993NC,1
BZP7JMYV7A,0
IE8HXQSG47,0
FK27A6ZS76,0
MC1V87CCTB,0
FID0J8WVQS,0
XBFKHA6U49,0
Z8SN0BNJ59,0
ZX5K6CLJHS,0
85CQZMKQVY,0
Z9II4DX4SM,0
DRLF8ZSGQY,0
4S7N5XKIP5,0
UOSAJIXG3D,0
RES420DQQH,0
BGS1GW7RZG,0
JVMJTMNSCY,0
0GUVX0CSX7,0
GBAOD8IIII,0
2W87V3994Y,1
CGXZ3MN2VZ,0
JGNAZ7Z0I4,0
0EMKOFVOLC,0
DIIRWLIWVS,0
1F96SIURG3,0
6ETCEEH6SA,0
1WEIFIAMG6,0
CQJ3O5243M,0
PGJ7XHABW8,0
YSUSE8W3I1,0
63HUH3K0GW,0
801011N53W,0
AH872K1B1T,1
D1YEPIBWPA,0
73CWKGIS59,0
MS53GSAPW4,0
MHDLR3DT8U,0
W5N2UXTZ9B,0
23VJ04VZ7Y,0
D47RTPZ5N4,0
PMX26N0CZR,0
S8O7JE77G7,0
ETE2WAGFHF,0
22RTRXWVO5,1
IQZTRTJJQE,0
FG6QZ3NOEX,0
50CATSFRAL,0
U751DCFUD3,0
DKPLBLWIH3,0
BZKO0B4IWB,1
X9OKDJ0ORU,0
XQFUDA2P73,0
WXPMPZY3V4,1
UVHG7ZMQJF,0
G4VJSN7U6I,0
X5USVAR929,1
2YP3K5VFN3,0
ZMTBC9EZ7K,0
ZEHML502WD,0
LQF0EWB72M,0
NTZ4UK4E8R,0
R7PDNI24BB,0
M60KMTU8JP,0
XP5A83FFIP,0
5YNN4ZR05A,0
9MQ55T4E0Z,0
QDK8SRO33N,0
4BC14EKAMZ,0
YA2GSI2DK9,0
B2HV0TTBY1,0
4F9L433FFU,0
0D3PUPJMAH,0
DZR7P6R5AQ,0
G5KS2MO54F,0
ZUZXYG9R8O,0
J9LENZ5GLF,0
6HIQFJI0MD,0
BP8YCIUWZB,0
KAX90ZKQ2Z,0
AVIB2FJ776,0
DT8CDUVN1B,0
GQ9RQP4QKS,0
CACNMNS9DY,0
UYJ6KT7U41,0
TJUO517FX7,0
2HOT7GIIHF,0
MDKPCRN74Q,0
7A92S1MF34,0
F8MZCY31Y7,0
YYWCOVDLTS,0
539GBAJHCN,0
OKJSRJYMV6,0
X08A4XIHGV,1
FZAVYIF0PB,0
KG1KBFESWT,0
FC2VH5KE18,0
3KIHQ2TQXX,0
N0ZVXKF501,0
56DFE97JIX,0
I8G6HHNTXD,1
JT6I86TW3A,0
2I9H13LMGZ,0
6K1OWTQE3I,0
VCB87Y1OO1,0
87M2MZ1V7Y,0
56WZR9X3UB,0
TD399BNOMU,0
H5WDZ0Z48W,0
H12HKQKGZB,0
IFMP0NQS6F,0
GERGWP2A7Y,0
SJYITJMIMN,0
SE0TJZEK55,1
75GMRLK6Z1,0
JVGZCEIO40,0
O6RSEGB8CX,0
ZOY18H41XF,0
G342U4VTXQ,0
YTI61HS9I8,0
VEHB6IC8Z4,0
HKLWZHEV2P,1
RRUUV5OIJB,0
UPXQMAVTHL,0
2RX9DW6RAY,0
HAW65OV0LN,0
DFYBMXK8OE,0
TJXNQDMDXQ,0
6E17G2TIKI,0
YUG1V99NQY,0
QNKD68BH7Z,0
8GQJUBMG5E,0
VJ7T0QK788,0
II6R9ANHDL,0
CEYZ6F5C3L,0
BWLABBUUGB,0
0188DDAEEX,0
TIH67NTDGI,0
0N0Y50RFU7,0
PVXMJTCXN2,0
GTE3LFAHN7,0
9OVGHNRPUZ,0
WI0F4826RA,0
RP729O0DK0,0
1S886UAAUC,0
BG6ECSLQON,0
O7I9KGPUD6,0
VUULZPSN18,0
QSLHK1FQ65,0
S8VA3YV055,0
4FWPCHU75J,0
UGHSJTF3DE,0
Q41AE4VMGM,0
RW53S91CXW,0
20CCHND8DJ,0
I10X2YCBWI,0
ZR6I07TCZQ,0
VJN5AO9MQX,0
7VA7659ITU,1
K05UH6TZRM,0
YNQ9045VCL,0
IKT5PX3O7U,0
TOOGKPULAJ,0
OWL9A0YIQ5,1
VMGSQEFRNK,0
KC9ODNGXP0,0
U3B83YKR83,1
JUUIS24X8J,0
8K7B682GVB,0
NROU7ND4XV,0
SPK2B6X1TM,0
PFOUPMBUEC,0
UNRWUN40UV,0
XNYTDT1PD5,0
JRDVDTUCH4,0
OFUHIVRQOG,0
6BS3REKC90,0
HABPE3VTVG,0
J9X0BLNRTA,1
97PY5SUM4K,0
N9CNXO7VIP,0
7IAA4ES7TI,0
XT35P7MAWK,0
XKCWDPAZ9U,0
VKULFIL9NH,0
2E8ZQSG4PQ,0
IRNISVPSI0,0
90XI6K4XC6,0
TDANSMGDQ9,0
HXG6YHX7QQ,0
9UCPXKI8IB,0
NJDFQH8X5S,0
NMYBAF21XN,0
D47NZGOWWD,0
66Q870AVZA,0
M10QHB2T3F,0
IDW4B54UVF,0
EV21H3PE8Q,0
J8AZJ1PSK0,0
37KIODDD5I,0
7LZ3LMMR6X,0
0V600YGN9S,0
KL0RSIIZWP,1
SBSTJPYSBG,1
09LTPW2QNJ,0
AEV75VMS3S,0
9PP5JGDPLS,0
YOJXJIV6M6,0
DO9XEBZ5LE,0
BOYH45WUCS,0
5PJ74QDRHW,0
G6GWDKDLG4,0
ZCHEUAUUJ6,0
XOSGPK96D8,0
5A38PDC49H,0
FOPRWH5RP3,0
DUFYSR8JYW,0
QUU1693L9S,0
MTLUQMVQAI,0
0BIOBMLB77,0
B1TDQSJKUW,0
3IZ9ZQ5P12,0
5ANSMDMZ9M,1
RQQ2060SE2,0
D387QDVJOJ,0
ERE0H1F20Q,0
M5M0PKT0EA,1
ET31SIUBTD,0
HVI8LD5JOM,0
00K5KI9KZ1,0
L66O3PPEU2,0
CRJ49VTK3Q,0
988LIAKETI,0
6JPC6UOQ77,0
9EZ93T9UXD,1
9SJ1TIE8GF,0
4SEYZCXQFJ,0
BU5Y5VJA0Z,0
693X944ZGK,0
MZZCC89R18,0
SYPPA5QPHB,0
VO1EE6E8CD,0
MULBUNWI2J,0
YWSQ1LVX9J,0
MC0RVAI0L9,0
6VNRJD5X6U,0
38UBFJSFI4,0
C9T5VNSL7Z,0
FRUZD754SM,0
JY2UFO5LP3,0
78UKTR7RN7,0
EGGJ8E12ZA,0
142BN7VMEY,0
2P8OILSOEN,0
1DGGI194U9,0
OYMO99TWEM,0
DU5NSRQ8QL,0
NBM0HHBDP9,0
19O6J4TT7Z,0
CHBOA4HVB0,0
X5Y8SVDMMQ,0
AXY4NPZMU1,0
BK0HG31YHT,0
A5UHDZCWSO,0
LXETQH14IT,0
LI0LSCIAXZ,1
KCH0WYSF1R,0
DT6GR75NET,0
GIO700FS4Q,0
QJIS3L9H1U,0
LPFIZNNMFB,0
17DEUR0M6C,0
9Q5PF4CFB1,0
NJNM9IM45R,0
TN158XM463,0
D8UQ3O4RTY,0
AUB4KM7XXS,0
2NKTF556OZ,0
OCWSS570AM,0
WP8BRG3TYV,0
FSMM3FOZC3,0
OCQKJ5G3G7,0
5CFG89TOOC,0
GYD364OIGZ,0
R3IXS65PDF,1
2YZX9GDYRK,0
CZOZ10KK9Q,0
455XE7EX96,0
6J9VKIFAD3,0
YDIUKE8B9U,0
E5LKWQBOAM,0
Z18DUWABQY,0
VNJ13U0QVA,0
Q1E07AMETZ,0
T2KWE9V8W8,1
LY2U268AGN,0
ROQM8VRLR3,0
AXAM2D7PSZ,1
L76M3MM7R7,0
YMBWR05BG6,0
2YKT56U72N,0
YVAVGCRF8P,0
V7KNJK7ZVR,0
9WQQ02DXAX,0
IWLQME0S6P,0
MCX23GO5D4,0
62SR74PM60,0
0682SAZ9FH,0
QQZR32ZK4T,0
RCR8K2HUXZ,0
P11H6NRT7H,0
X8B9TEJAA1,0
SZI3Y0ZVTX,0
1ZFLTEEIX5,1
C7IWVAZSZ6,0
C47QQRYYF6,0
IUFJREO1D7,0
R2316O4NB9,0
4FEA9SAQVU,0
Y6VIQHBO81,0
CV1IPLOV5I,0
81SB089U97,0
5U3H239B09,0
WF45R2OT12,0
XYCSI5D7PI,0
L6HJ5M0UU7,0
L6DN72EEE5,1
SRB8SM7Z68,0
DJ750X658G,0
IVOSZJFONI,0
HL3FDB0JTM,0
PWYFDU22D0,0
A2NXM6SHIE,0
Z59W8ZU81M,0
8NQKBD591O,0
2L7FZUUYWS,0
Z1FIH0E4BR,0
HGA4KLV0UM,0
OJJFPOG6E5,0
6SUSPBIYP8,0
Y6O9M21E35,1
BMJIOAK34L,0
0H0999BEIP,0
07YTF95ALS,0
2Z0OAEEC0T,0
R12QYXE0IV,0
KVSTABWATT,0
30ARFUE19F,0
49TPIGZFY9,0
I0UYDQGGWD,0
XRYNVUJJSM,0
AII0HIZ62J,0
MWK0W0KLKS,0
MBL1DYPEKP,0
GBT5OAM844,0
0XUIX0RR1R,0
4TC98ZKOVY,0
695MDG9KVC,0
ZXPPPG7R0S,0
75O4CEHAFR,0
3LF424ZXU1,0
SYCLKYH80F,0
D27C9I280E,0
278OHCMK46,0
V74C955DKZ,0
IBC22JEXLN,0
LK3C4E36PZ,0
KPH58Y07IX,0
IXCLBEAHSM,0
IZOH5V6MUS,0
ES550WHZBA,0
HMH158ZY49,0
FCDOCF68UC,0
CL5N02QIYV,1
PJUHBBKLC4,0
S4GFIKOCN7,0
0Y9A12GHYF,0
S0IVCWQ67O,0
4XOOES06JF,0
0BCCMFJXPC,0
V4TN9WH6VE,0
6ND7CHH7BJ,0
VOP9AFJXGJ,0
ABKWBCITH4,0
SAWYOU6YJ8,0
2A32LI5AB0,0
W9DZSOSH55,0
SLE5URIMHL,0
MMBA0YBSV0,0
VUUFZAF5EO,0
OJZP6GFQRU,0
DUGERBCWID,1
G03S8ST76W,0
PBHPB48JLW,0
KQFN7H5TEE,0
WGTGX6QU9S,0
MNFXN82OAC,0
V5DQU2WH43,0
QU02NS6CTK,0
NM2IYITRI1,0
WQXFDD6NXQ,1
HOTEGAMRLN,0
CXQXDQBHBQ,0
Y3MJ2OGLTA,0
O2S5A8B9V6,0
3AUS809FKY,0
XPVXDIVWVU,0
Z1XMGN22I5,0
VCOUNMZJDO,0
HGFDOHQK78,0
6Q3AUG44AX,0
IDEJ9W65M6,0
X3WBDOLVIL,0
WID3GUXQHK,0
441FQPOWA1,0
W2NBKWAV35,0
C7A3PJNXMA,1
YYX18CXFW1,0
7SFTZFGK76,0
3VJK8O9UKL,0
75YV19TIAV,0
79VUXLR1OB,0
SRBA7YHM24,0
EHS4AIQJ1H,0
VH1YG7KQZK,0
7NLMFMMJVD,0
5G7HVP4ANM,0
ZLAB2L6325,0
P54YP66TEF,1
VUF9PB5VXU,0
22Y14EXUGW,0
KBZ11MLLJ9,0
TTH3A4ROJZ,0
3Z5H5BKWKE,0
EH49Q0PUE1,0
6M57XH4GBS,0
J5EKT5STHD,0
2WUVPFKWUT,0
8PDO8GIXLD,0
KG2CKOMRZN,0
NX8UVRVP59,0
YEKBDHQFGC,0
TRB3IJJW3E,0
KJ7QUHKRQ0,0
MKG7NAN8MY,0
ZYD9HEP9TP,0
TMAKRJBMKZ,0
37NF0VZHCU,0
YX7L8N9Y14,0
860ZKUUAZ0,0
REDSG0IXO2,0
Z40D4B5XZ9,0
6JXUGDP53B,0
NQ9R3PEYT6,1
LZN1G75B37,1
L98DJ56O4M,0
UI40REJEOT,0
IUB9UW4GZV,0
DT2QSHAODL,0
62UR6WYSKE,0
1DTPJF4YKN,0
GVJDNVK338,0
68SDMK9GQT,0
2PBUGBP4XY,0
UG26NY2IDR,0
KGJU27ZZPJ,0
IXTVGH121K,0
MJMKMXD74Z,0
LY5V3WV976,0
WXJOC4ZDRQ,0
VF2EWSTTW6,0
NWR8DWYL47,0
120QTA2U41,0
ZO5AQLX2K2,0
V48IU8H0W2,0
RG8DAE53KO,0
2O407UD885,0
T1RHC5KP1V,1
UPA9QJMRGD,0
19ZHXM5UIP,0
HJ0UBAT096,0
802DSBDH03,0
G0SMYQGZXH,0
0DI2NXXFTK,0
VX1PCGBGUA,0
X3011T6D7C,0
FAMMPJE46V,0
H9PQ1NJO9N,0
VMQ3U4HQ90,0
CVXA1OZ1ZQ,0
AKB9CNSA2C,0
0VAPYFEPKO,0
0MALN9Q7WY,0
51MDBAA4TW,0
3J65O4V1UO,0
GVAN1GCGRC,0
F3PUNBMG0B,0
0O0NEKUKK8,0
IINJR9PIBN,0
8TWDB8GZ4A,1
NP99YS5CYY,0
4RTFV14GY5,0
H1GIGZLSXW,0
0W9NTURTTT,0
I7U7A5XT0X,0
TT35A3FVIU,0
W7KHEWOOIF,0
7CQ2M4MXAU,0
PD08E40L5J,0
XHGUGEQTLN,0
NM854GH5ZL,0
IY3BQZPK2E,0
XZZPKQT2Z3,0
8IZ6TTV2XY,0
BEZ2A66VAT,0
0LHVV81F1R,0
6X0X18S4XA,0
QPIP4OGDMN,0
E51IZVDRJX,0
RLN2F4MIFP,0
0HC2JMFDQ5,0
7IGG3ZQOEC,0
33ACHVS35U,0
18TUV92VN2,0
CX6509RN5J,0
L4Q9N28PLC,0
V4WERVL7TV,0
DAWGPA6AXU,0
VYVIFF3YEU,0
9TEK6LUJLQ,0
R2222NC9S3,0
5QCI6V91LK,0
R0ZCZHQ9T1,0
F8LBOZPVBX,0
DQOBCR9FD1,0
UIVZBBUKCV,0
WDRVODQRKP,0
GCZ97VG7G9,1
A031D1OX5C,0
HY4WSFP7SE,0
NI1GGZJOYM,0
EKHRHHPXEB,0
LE112L259J,0
S87RUZD32S,0
HA9VKSK0OV,0
YCMQPNTOVF,0
ZBJ6FKEG9X,1
MQTWA9FOJA,0
YJK3H2QANS,0
M3G63JZZ4U,0
B5HZNFL0HU,0
WTGUZ857K3,0
74LX6THZ9E,0
XL604GZG7X,0
ZDCXY8BMJJ,0
IETVFD3Y55,0
PDSN8M6RO4,0
WWCECQ2S5Q,0
4FABKZGA7Z,0
3F1K4OIYXK,0
4O1Y1XWNZ9,0
7Q0C6KOMVN,0
W2KWU106E6,0
7D55VBCBPQ,0
XOT2UEWTNL,0
2FI5606F5F,0
H2YCKQX980,0
HZEYOVB5O4,0
48O9PK3390,0
5VN8AZ5UEK,0
28TE6J41WU,0
VY8XZZFEXR,0
4ISJPLA2IJ,0
BF1VRGCO18,0
VLUU0ZRX23,1
HESJTBI3VI,1
PUD1EJM8XV,0
7J4MCPJTVA,0
LTRZLGIUJC,0
BDIFS12SSX,0
FX8JYOYQ7W,0
56V9ACZF55,0
4ZB4784C45,0
W709G8AHCN,1
4BNK9NTNK5,0
NJRCV23CNO,0
4P4HI66R2D,0
O9HI90TUH7,0
PPIDFBH8D6,0
CXXIX3FRWS,1
UH74V7JAP9,0
TMTTZJQP4N,0
ZYXSVCKOV8,0
FEL6VP6QTI,0
XI8YQKDWMH,0
M21AODPPB5,1
LG0MDMARJU,0
09SF18YIMV,0
2BI9WGY0V8,0
XG49WS779M,0
6NLKCTPBER,0
RVKOHIGMSX,0
5Y0JW6NI85,0
Z12JUFCAB8,0
1SDCX3L4UU,0
SNOABIIMT2,0
4E9F0EY16Y,0
FN2IUKK0NY,0
Q7ULND3GBV,0
J5AVVX942L,0
1V20ADFS33,0
Z4N0E95VAB,0
J1TTULYV4I,0
ODO5O1VIG0,1
U5DGQBLZBI,0
VQ6K0OGDXZ,0
78XC7OIKLE,0
5SNTK57DH0,0
19GXUJXBFY,0
NLZHQU932V,0
IH02KRBLV3,0
X4P520LPVR,0
V3ESJLKFD9,0
FYV1LRC7SV,0
XQMEU9OY9G,0
HU580NJLWB,0
F87043C54A,0
1FEF9AE762,1
Y3C1GHMF8G,0
JD5T3CTV5X,0
M19GWVTTI4,0
GA9PCOBLE0,0
MP0K8NWWHN,0
ROHSY996Q3,0
VF02J6NFBO,0
CQR15RL0AS,0
4A0H5XWN3E,0
IKZLCMB3FK,1
585X8PG6RS,0
GXFEJOQSJM,0
FJGFBEQQQK,0
EX19F30PXD,0
2S807PV9RL,0
DJ3CMKJKXO,0
B025X4OXS2,0
ZUD6YXC1TQ,1
SLYWAVM9AV,0
VKD6J0FT2Y,0
ZCQ7OV5DL3,0
YGKQNDTI0M,0
XT9M1J8IFT,0
ZP6V7711MD,1
QXWQ1Z0D6Z,0
NAO2OIT5A4,0
P76KC1FTQF,0
GXMF9EESSB,0
6S9VER7WRE,0
M1QQ2HSU8K,0
96O1T43AL4,0
5573VEW9ZU,0
KN1PY15ZQW,0
9ZU98V0UMY,0
UD37F5Q1CS,0
9DLYP5HIFY,0
VZDE54ZRO0,0
23MASLI4EG,0
KFR55PVQK8,0
RXTVBAEIVW,0
KL3VKUZT59,0
GJJZGWTWZ3,0
81FLAGWVSC,0
2Z9MPDAATJ,0
6KX3H7R340,0
5A2DHDSKOP,0
UGPOOX2K6L,0
VD15U6I0YH,0
V30QYK2BEY,0
HBI87A6B1I,0
HELGKDUFQI,0
6K1CLDJ38L,0
84JSB6TRSG,0
LAH60X5K3U,1
0Y10VP98AU,0
A7LZV9Z2SU,0
QUVXJ5KXZZ,0
DYFT4AG53Q,0
897X0J00HU,0
85DA1UKM36,0
U3TE0J30XD,0
ZHKIBLKQCO,0
9Y26UWRPWQ,0
1B1DN0Y4IE,0
CDSWO4B1B5,0
X860P3QH7F,0
SQHIX2I8CS,0
75DOHZW8YC,0
C4Q5MPX3NE,0
MJ2VIO6A1Q,0
O2Z9MVHZ9F,0
X35WFDRWP4,0
W9O710PKX2,0
SDWZN56LGW,0
YX8XUFE3KO,0
7YCIMIDRMP,0
U2QX12GM78,0
86UXTFJCJC,0
I3TQ5YH7H9,0
1P9HNYNN8C,0
JCM7VQUWU2,0
W8UYRYJQQK,0
I9ID0SS7GI,0
NS8PQRZQIL,0
Z0S2SLXM0Q,0
4UKS8MQYKM,0
U45MB0Z72P,0
QQZAUENABM,0
8658FRHA47,0
DUKNSNYFPN,0
92Z55D90V0,0
J4O39KGD8X,0
YLQLYYK95W,0
UA7BJ3MTU7,1
2CLX4JRDFS,0
BWFFBPJ6VO,0
2KPDEQAAEY,0
E5JJML4SP6,0
VSV7B9522Z,0
OS8XM2P3C4,0
DWBEUBISU1,0
CPKFOGJB6E,0
Z2FYO6WQW5,0
ZZWQX5N40J,0
WOHQQ0E8AI,1
AZN8J8IP3Q,0
LL87NJUQCW,0
6VYS5KTFK6,0
1YVWEUWYKC,0
E0BYJS07UO,0
DIRMKK7D7T,0
1TLEJPM9FZ,0
4X8I4NXPQR,0
SUXM5DUQ1V,0
IKZF0HURNW,0
QSZ32363AQ,0
KTJDC0PE3M,0
408969NCJX,0
CYLSJM88UO,0
5MPQ6HRMT4,0
8MSZFPXEAQ,0
WBHGJ7TUPG,0
01P1APFA9R,0
0T4V6ZQC92,0
EUATSNXD9J,0
9UZKNGK0DL,0
WUIF4TCET3,0
VFWONMON7Y,0
TMA0SMCEBJ,0
YH5NE3B6A1,0
806U6QJBJV,0
MVXQFOA5L8,0
UJQY7Q1RVA,0
JUA3DZ5ODL,0
72Y5LUYWVW,0
D642VETUFB,0
B67QIBII9H,0
PEPD2ME9SB,0
VG6HD98J92,0
HQ48LF9BK0,0
7F7QLRXOV8,0
J9ATS4GRQ5,0
AGOAICVQCO,0
FUXHHKT23R,0
0NDHCTERVP,0
K2EJC09QN4,0
8HHVR2R0RB,0
LNJSVS4R6H,0
63X7BXCWXI,0
XWDXPRZF7X,0
D6MFXCKPF1,0
FE6FJE8YYS,0
MDDKF8TD3C,0
OEA0KCTJPY,0
6VOW4IODNP,0
SL80EWQW2Y,0
1ED03Q6VYH,0
HPY5JE344F,0
TRKOFH6KM9,0
98XZJLBUBA,0
FDP7AHG8MC,0
HR9B4HWBTD,0
APSNC3C9OB,0
0IET6UXTX1,0
IY0XRULX4D,0
MB0YRNWKBR,0
MAAFL5IX0E,0
1RTDU5SHJB,0
3AK0SLE7RF,1
OO3L32IE4J,0
3H7IA4CRF7,0
IJTYXC3RXM,0
D8NUX0ADI6,0
CW57SFE6V4,0
O9N3FFAEEI,0
5OOFN1BQGY,0
Z9WTJL160E,0
D6CQD331SQ,1
9G162NWLLM,0
6MFR8TA47H,0
0UV8FILXG0,0
9YPU6HANVU,0
281VYHAVR1,0
IROLYQIGGO,0
N3MFWVMB5O,0
M897J3HI1G,0
1JDDBAK0PH,0
HVG7U7MDGI,0
3XRGDQE2NI,0
SXH740XQ27,0
BGEXR4INMQ,0
DTOOOW2MAT,0
65CXI0N7V8,0
UGMIIG8PEW,0
URWV62VLXL,1
6TD5SLZ218,0
589LMSP13T,0
4MSRGTVV6G,0
CJ8YPM2U0K,0
5ARR8EKR76,0
8Q0IM355KN,0
I544ZDV5GO,0
GRDVFCOVKL,0
KRVJ6NJPZN,0
GCS3Q10WI9,0
3R8KQESWGZ,0
0P6VN14S9P,0
G8OJTEVNDP,0
NPMDAN9YQQ,0
TZXJ2GMP5N,0
6SY33IIX71,0
SNJNW8F56J,1
YBPZ7IVPA0,1
7SJKOUY6TS,0
XB3WZE34RV,0
X58RFV78CR,0
DVQJZJPGU1,0
YANRI3KZNX,0
23TJAK2I5C,0
JW222T6OCX,0
01EZE5QGEH,0
906OX0XLZ3,0
J2VS4FOMDI,0
HZL4IGYX8W,0
442Q5N35IX,0
6HN8ZHDLPJ,0
KWP9RUVRGS,0
FVU4CMUFQX,0
2HWNHAYDSN,0
EVP0JSLDZJ,0
F82BPQ53FC,0
FS2VGE7EYJ,0
VCRLK44HXI,0
68XPNAOC35,0
U4EYILGABY,0
E954YJX5YM,1
KIY7N2BSHU,0
3L2ZJHB61M,0
QL0WLEXRDQ,0
MF5W76FD6L,1
6THKSLBBBQ,0
X5DXT776SF,0
MKS1GLLWK0,0
2RT7TINXVS,0
FZ58FFWVJH,0
MHT6KEGEFR,0
OPRDJV90CZ,0
07I7NZ5J3D,0
NZ3Q8OIE1R,0
TKN08OW8HV,0
HRGS2MEC96,0
XSLIX88TP0,0
5ABKXLRGH3,0
2JWT18HGPU,0
FN6WBCSXAR,0
K0CSFCEXTQ,0
EL89NV02CN,0
A9L1YGW63I,0
99AWE4JYQV,0
55PC9UIHAO,0
B814YVUTEL,0
JW831MEZ8A,0
4PTOLBS6LU,0
RNIGRI8CCX,0
NI1V9D46IP,0
BR2R854JRA,0
8XYIYNBRNQ,0
7UAPZWJGWV,0
5C4E3BZ8FM,0
0YPCBIS6HP,0
J7PZEJHOYN,0
GNH9DWB4FH,0
3XRZ54MT8Y,0
C40W8MIMGP,1
MKOMHR5EVG,0
AZ0K7TR3EY,0
I97P7MRIFY,0
U9AW664IC6,0
1D75P4HFYU,0
L4ZOOUOEMH,0
66EH7OEU7N,0
UKJTR0CBYH,0
FI0SNEQD2E,0
NC919N49AD,0
LWTZYRZS2G,0
53NM6B1G8Y,0
G4O3MZF071,0
V9AR05YWX8,0
CT2GB8Q9FZ,0
HF4UHESYZD,0
HPQMHB64UX,0
4WNGUWH1FG,0
GT0F57WG7E,0
GITIWTXY2D,0
VELQR64AI6,0
GWO5SOJPGR,1
X1C1LFS2KN,0
0RJXIOG9Y6,0
R8LZK0Z3RV,0
JTLRJR3CPQ,0
4MPD26YBHD,0
ETI9QH02XL,0
0CC9MVTA35,0
3IA8WX5EKF,0
78C2JEEO2B,0
BHEVUH1MG2,0
JMT3IVDUU9,0
N25786W8UY,0
4QEOQC3UUT,0
3W44BJELU2,0
DYJDZO241W,0
PW8DD433ZM,0
IP02EKOFOJ,0
J6R4BM17SH,0
LQ79WRM0ZX,0
W79UX2UN4F,0
0K16CVW9Y5,0
BYY2YF22NU,0
30VP8K1TZ8,0
5XPOUPREB3,0
NXIF5YJNZM,0
MZDNCSI62L,1
YOMGDRBXQP,0
BKEQ8K5AN0,0
PK0Y09399W,0
O9E9CEE09J,0
I0A2GH4ZWE,0
KH2T06D9H9,0
ZNN9SMTEW4,0
3R5UTBDVGK,0
0YQ2B4Q4AQ,0
AQ3BAUQ86X,0
AAAMEY3E9N,0
P491O3TIIE,0
IDS6147B50,0
J9VTZ54AM5,0
H57JEKU8A3,0
G8TN60SPAA,0
DBV3IIRSVK,0
YH2JJI6M4J,0
YQKADEOZE3,0
YVZSBOBJTA,0
NQIS35EKNE,0
1MX412ZFVP,0
4SI1LF9F96,0
L1957R73BJ,0
161MXLNUPJ,0
SY88YDWAF3,0
H187IX09JX,0
QHF4EEQUNT,0
0RFU2CR5P9,0
A0W8MM4SAF,0
E14HPUDDZA,0
SLVPPWQS4V,0
ZF2XLAK1ZC,0
H6JMB7BY0F,0
5RQAYUI8HC,0
DQGDP0VZ7F,0
FA6XLJL02Y,0
IRBM9GJR1E,0
78HWF1L3BA,0
3O6ED22PKF,0
T9CU1K7NO9,0
NIP45YKQXA,0
LJAI6453AF,0
OXX04MCQ7H,0
QFWLRMXO64,0
6026TEJJPB,0
9TFQC2QFPF,0
KFSQUAYZ77,1
YWY7WECSF0,0
73PJRXA2G0,0
D0LPXBHK1J,0
DZH9H18E3W,1
4QZDSC3X3P,0
J6O81JVL7D,0
F1D8LLDG89,0
HGNFUE5H06,0
SXEIC6G55J,0
TLPQBP38VH,0
JDVLTYGL0S,0
YO2RANE9I7,0
AOHC5MOHGJ,0
RUXYAX4FK8,0
EWH2IZBQS8,0
3X1RTNOLAU,1
25SSA8ERB6,0
26TUINVEHE,0
NYKWQVA46U,0
JUJ6YLYA74,0
6EI5TUMZCF,0
PL45NX6NTB,0
OECB3HH8RD,0
PW7MNHQ68E,0
YX7R3FEF4N,0
O111IEWXV2,0
OUO4X4AAJ5,0
GIB9KZEOYT,0
TZA0TZVL57,0
428SDK37MJ,0
HA9P8M5UQI,0
ZCVXXMRMHH,0
CKP8EBFO5P,0
ZCFH3D807I,0
71SY1S0NEE,0
OE9YZ3Z7OJ,0
RRSBN5L12V,0
1PTWOT7F9Z,0
083BOMQEYC,0
WAW1AHIXOY,1
FJD7TQ61PC,0
J13T99ZYOC,0
RBJ6E7ABA8,0
A20ER5C2AL,0
BNPG5N2ID0,0
53LQCXNCZA,0
9X8VDGSSZ5,1
S7ZCTM0UQO,0
THSWTK312Y,0
YW182Y6MGJ,0
ID7GRC08OB,0
2MBW589DBE,1
B0623GEJZ2,0
49K5B5DGZ7,0
GVFTGWTW7H,0
19OET856LC,0
YREV2SXH35,0
TJJJUZT541,0
ZQYGH2JN9H,0
NGSTTGF37X,0
QYSAGXF982,0
BGD9VOOWJQ,1
XDB3ZTLUUW,0
WYO40JZMZU,0
4UQCOYFQ90,0
RMZEK5GS7X,0
8OF9EY3Q8E,0
1IWD91G0P3,0
XF8471UX6N,0
6PQZEK479L,0
GPKM9D0WPZ,0
QCVNZ0U7U3,0
M8T7Y5K6H0,0
AEXA2U7O1D,0
JZ6JI9KDM1,0
YGODFUJWV0,0
EJPDAUU327,0
M6OOI2MNUV,0
ZH6YZAZ7NU,0
QNSC9TLMFD,0
R9G3CDXIWV,0
DA41E1J96E,0
9FJTOWQ8W0,0
O367DPWKN4,0
0HP4ZVV8EG,0
DROE8DLT84,0
P1S430P8VL,0
CUR1X453CM,0
JIQPB2EY3H,0
ED47MM1T4Z,0
P8B9J84U2N,0
ZVOX57QS0L,0
YB55VF1LNO,0
KPAISBS338,1
POURGK5XYX,0
03DLF26XJL,1
NQOJ7XXL6Q,0
KG0BZRJTBJ,0
P1L55KWJ8N,0
6GAK57D7QJ,0
FC71M4G56S,0
EFMNP62TGH,0
OQJ5GQ8SIM,0
0GRVXBWYV1,0
BOF1D4ZJID,0
09Q1BUIIRC,0
DYLPONEMAD,0
M8NE1QY28F,0
J3FWDTVFTN,0
Q2B6GQPXBF,0
Q9G76RDH0U,0
O84TT3OLVU,0
DPDDCRPAKV,0
1MH6361CBP,0
G33DHIFVES,0
U8239GBM4T,0
1FFK9CUDZK,0
DNKFV3D8KW,0
PBHTK3NFIS,0
1XD5KR1EO8,0
UO97YUOHAS,0
9MZJJM7GR3,0
MGC2KEWLE6,0
3SN1Q4PPJ1,0
JKL7WMO857,0
XF6WRUFLI2,0
MVQQHG640L,0
7AVA7FZ7KS,0
BODOGZ8LK4,1
S8T73WTNLH,1
TGW7WB92IL,0
0HQ80S1YT6,0
GU56ZOT9U5,0
L5YPIW0MRI,0
T9SNK7RUTA,0
9O3T8HUI7P,0
MHDD73TBRN,0
IWCMIGZXRI,0
ZD7LPMWBVU,0
7ABCRWEOWO,0
0OEZ3WGCR9,0
ZOWTDALZZU,0
NKZJH825P1,0
FU2TJ4R9GB,0
8XZDD8NGR0,0
PENBGV9EPN,0
J1O2BFCMAO,0
SGGUUQ360L,0
JC4R8HCDGK,0
ADQMT3M3TB,0
2PKR2RSOR7,0
4N9QKHMX9Z,0
K2DWZ9PK9K,0
Y73POBKP2Y,0
S6BWAMD0VW,0
K8EB0JUZG5,0
TJ2HBWFLSO,0
RNE4JB00PG,0
J75BRPBLS9,0
H0RBR38R0N,0
QLV6VHERPL,0
WTYMG65V55,0
CUSEOF149Z,0
76VKQ9D69S,0
SCNHDQBPZI,0
3DCH5XV4F7,0
877FXOLVG9,0
CQH4TMHL3I,0
OWMFDMAGK6,0
TTXS76E4FY,0
7ASW4JF6NT,0
7WFONR3VLS,0
QT0EMUQNY0,0
3MXPVTZDTH,0
5VDK0NK332,0
447VU6GXZH,0
060OEILJD4,0
KI4ND9KS3A,0
J70KWFSLOC,0
OP75Z18NSS,1
VGIBP35IUE,0
K13AXR1M1M,0
B664KCDDEY,0
JF5DZPLUC4,0
UUNFWFVBOW,0
RKRYUY5V3O,0
28DFM1GWH7,0
JPJ752T85D,0
MT0ZRJE5OG,0
BQV8YHC3UE,0
SGA7QI9GNH,0
YS0NLD5OYL,0
BRVRBTA2VZ,0
TOEIRX2V8H,0
Y6I0W1UOYU,1
7BFSYO7K4U,0
WYJEJ3SYCR,0
KLT43GFYV4,0
XWCY74VBER,0
9NO8T4L3K1,0
6OVSZWXB7A,0
PHJUZTV8H3,0
81K1SSDJL1,0
L8CXRHKYSA,0
6DDKDHEKOH,0
UU4QDL49XD,0
77REGTUQOW,0
EUJCV0B25R,0
JLTC8M616G,0
EU7FWIPSMP,0
6DI8NL7Y88,0
4K7MKWYFXV,0
J1Y55T9OWT,1
Z5ZFAMUCCS,0
TX50VNUJ4E,0
H5NKVY0NSQ,0
ZBS9K82BZX,0
KTP8F1BIMA,0
CXZZJPQTSQ,0
IP15WJVY5Q,0
T1QIMHRBTR,0
EIKSFBRZYU,0
JPML9YS5V6,0
8E1CDZ53F1,0
9XFHDNEO8O,0
0ZZEERN2TC,0
Z8GZ2S5PFR,0
N1T0YM38SU,0
AC8GTWLI7V,0
XG01KXAR9B,1
M2D2TH3NTF,1
WF7WDVRH3S,0
4A7JR7CLTC,0
LC3TSPWTB7,0
FU86P7B1Y3,0
1KLEAK6FK6,0
8R4WP95Q1O,0
9T7FEY1B52,0
ALG6I0RVH8,0
BU07T4V3UD,0
DRLUV6ML69,0
H4TF17GNZX,0
T5GRM0YAWM,0
3OI16OPTN7,0
H8F4EFB9IK,1
3QCG9W9VD9,0
6FODOWVMD4,0
WDPZVJ7LWZ,0
2WDQE0YD03,0
KGCA610S1O,0
P3RXQ0UN5R,0
TSEIGRN2UE,0
5ELHKWXS3M,0
3DSYB7NIMM,0
FEF0V09LOC,0
4ORX5KV58Q,0
YLIG4R40AI,0
9KZOKYGVDD,0
WYO08FK8TB,0
6ZL9LX9RZ7,0
Q3SPK8RSKC,0
J64XJTI73P,0
SNJH9YFK5O,0
3082QBKJ1Z,0
38V7C2HJVH,0
6HI9US1DMZ,0
TIT4EIB78C,0
C2FI3XXKL7,0
AYYJM20P73,0
K64SM5YNUW,0
72BBYK2XW1,0
BCQM4WK04G,1
B0DIW9ANJS,0
3EFE7BVFUB,0
ICQO41XKA7,0
QVUDY1M2BZ,0
F5264O3QBI,0
KY7793LW3Y,0
BK77UKY4I6,0
WXQUF1UKCD,0
HLKIW70HO6,0
GBCE4UKLKE,0
G3Q6590OB4,0
QQ7B8UXRSP,0
CS7HF7W05M,0
0ERHWSXCD1,0
H76XOM3D24,0
TDBPX2UI37,0
EVUO8NQJOK,1
AMZQYJJRGG,0
25G6QUOQTQ,0
77LNNQLKJW,0
U7HIVJQEHE,0
A63Z3EBDHI,0
ON12627757,0
DDIMIA5GFV,0
FVMXLR93G9,0
7XGZQX5EDX,0
UR0IGHR2D6,0
PVDU8U9MWI,0
C6SHKAJ9K2,0
BSXRN54BYU,0
EWDG5TLB02,0
R1UBXDW80C,0
T8YGZZEY8K,0
3N1ZNJMR96,0
PION3Y8D3Z,0
J7U2WXJVRC,0
KSIINMUJZJ,0
0PQZRHHOSW,0
RB4IE9DVX8,0
PZOWILS3WX,0
RJ87MVP5WM,0
JIB4FXMUGB,0
5M5TE4N59I,0
LB4L4UCN8W,1
S7NHCNVDFJ,0
EISWABVOEX,0
2N5JG6G92E,0
RKEAHEIFV5,0
QKM2RPBUIU,0
YGCQK0LGS0,0
Z0M54ZCKP0,0
IHMW5IKAKA,0
TVSAG2UQUP,0
I0NR3BXZPG,0
NGTVDO60HV,0
IS9MMRVMBA,0
D178NKYDKE,0
AVEHT3RDVU,0
1515DTNQLP,0
GBIYW9MF8R,0
KU0MITU9U0,0
GMLAZAUE1H,0
2IM7LH1PXZ,0
GJKPCD5OH8,0
N85QPBY8QV,0
3B4VD1VC7E,0
9N1QALQXLW,0
6DBBGZ0J4F,0
LZW8G2GAUB,1
6DOT6X4H9F,0
ZWPV28R9GW,0
0TXUGIARBY,0
3OJK4QCKGD,0
4YYIOWVLZV,0
7S2WG6ZQW8,0
Z1L4HPNRH0,0
PCN9HD3E1E,0
XDIR3GGCRG,0
XB02JAUGBH,0
0PETR4Y93P,0
CMYFIBOZUI,0
NVYMSMF6XZ,0
2139BA9XUK,0
0BHXNRE85J,0
48SK2UQ2M4,0
FE7C2WB4CI,0
AI6Q3L3P0G,0
L4JC13FI7D,0
59IGKQFRTH,0
UG65GJ0VCD,0
UKVFMA919T,0
STAWSD2PLS,0
UGKOGNIGYR,0
9BTWO1F739,0
CWXBE8QOA0,0
6LTG63T3X7,0
B1SRDY08K4,0
DP4WM6JUM1,0
O8SEKQWLRG,0
K4M8Q1DQVK,0
N50ZGGUO9E,0
UJTIF2R5CN,0
JZ2SX7QCR2,0
5IVPGE8ICL,0
IVB4BID9Z3,0
C7STUTN7CB,0
HVWSDIXILT,0
AN9VLC0WUQ,0
78F3647R1S,0
MBBCYPNLUV,1
6KZE5HIDB7,0
ODAO18CIR7,0
1VM9EQ41AF,0
E9UEXYQRC8,0
VFEEATLDHC,1
F9O74L6FJD,0
3Q0ITIWM50,0
2CLWHP0YM2,0
YN74JQ1NYY,0
TY3RVIRD1Y,0
JN3ZY2ZANS,0
KK7LZ5WDWE,0
L7FGBZ488B,0
VV5D7295FK,0
O1FPQ2BV2D,0
QCD2DRH8CK,0
UJ3EJ3IF3P,0
V5RXW3PAR4,0
WB05TCYLOG,1
EOHEYN4I4X,0
FK3AUW3VGT,0
RIETV9QMFF,0
RXO3F2EQI8,0
RIF4QGVXIU,0
PTVJOQQG83,0
A1Z55RBV0B,0
7SKYQADC1L,0
QAYKV8284R,0
LVM2NJDNQP,0
JPTAPY5KPS,0
JZFHVQOF42,0
MA5WYNVJWT,0
Z70ZEH9QKO,0
0NE2PG3RM8,0
4RTJQPZD86,0
0WGHQ60MXZ,0
E62QPLI0VD,0
YV9TKOAZ8E,0
J3XQRWVD1C,0
SNIPWMCMZJ,0
SGR5WP5C20,0
0GEEBEY5P0,0
0R1FP9Q6H6,0
KXY3WGQMGE,0
JX9ORIJHPU,0
2TMCH18GNR,0
IL6CD9O9R4,0
K83IVV5Z4I,0
SY5S7VV7WT,0
D5LEA962JQ,0
4CU16O06JD,0
KQQXLNJG6T,0
YNBF49O9N6,1
J808XAVTJF,0
KFHNOA6GYW,0
QN4P8BIPG5,0
ZYL4YKHL7F,0
9KE9EQG5BO,0
7K06AJSNLQ,0
YILAMI1IT7,0
005NUKHFVH,0
E8W2J2M0VF,0
CUI4IB3G38,0
50AM1Z246F,0
NNDY7PTL92,0
QSPXITUB04,0
CLEICHWC02,0
ICR0XFKGWL,0
41WUBWP8DG,0
LDRBCSDTTV,0
7FQGC4LVB8,0
Y2ZG6SO62M,0
2FDE9TA707,0
XVRJYTPZSA,0
1X3S33W55E,0
VJX2DPK2E1,0
7RJBEDYZN7,0
6FY38XOOMV,0
RTSN8693WP,0
KY48BIIU4B,0
H8K3QG1X4T,0
G4OZWHIDDA,0
27ZPGTVK7B,0
PQ6YXRITGK,0
KGJ00BBY1Y,0
RRP9QZZOR8,0
NXY5AJXA17,0
SZEOI0NUHN,0
DT0Y2AM853,0
OKDN8D9Z4C,0
KUGY751JQZ,0
TZUWR9T95L,0
9OYF5C6GJB,0
W75KLFOU7G,0
REETB5PLI0,0
SL15HCDOBU,0
H6ITSBBC4K,0
OUIJORA5JO,1
P57N7P1YB1,0
V8N8D44PS9,0
TGU9DEENCU,0
UBCX5FARKY,0
EYEAPRNJV6,0
EMZWEFERBO,0
HQULV7UIRP,0
AXBXO8FWG0,0
VXLCEN722V,0
KMF7ES09OW,1
A25OJ98Z41,0
EBED0FHQ47,0
3S4VLSXOCR,0
4941L31ZHE,0
SJPUJ27QXP,0
H1GQJVGI86,0
ZIQEVP5WQL,0
50ZCEU3RST,0
BLZTUSES4W,0
H6PMF8V2PQ,1
XD7C4KIEMM,0
NU9T88Z96A,0
HRIS7XF7S8,0
KJTLEMPPZJ,0
W1UFU9A1WZ,0
F6GA93UX1O,0
YZEADETJBW,0
B2F6GBX0PM,0
UFYSL4KGHV,0
0QG8CAGNY8,0
ID0B37FUKO,0
D4I4Y8B28Q,0
NU38KS9XF3,0
QXPHNQVOOW,0
CRJ40PR9UI,0
GK13A5J92Z,0
F5EBQVZ8DJ,0
UL1RPMT8KA,0
MMEM0H679O,0
SYNISHDDU2,0
G7FH4BSG4R,0
FAT89W66JW,0
903XSBM0PF,0
PMKDBTBIA8,0
NC2U1QZCYL,0
06G9DQNCR4,0
SLVDI0QWE1,0
D3QFLI0FEQ,0
URXYZXPCKN,0
L26N0K9PWK,0
Q5FK9T8UPM,0
31YJAXPYN0,0
HEBFV15ZI2,0
AMGF4AXDRG,0
K2CQWSGOKM,0
2P6EKVEQP3,0
GZWDYRMM00,0
68YJUQ47JC,0
I0Q3OXHMPP,0
5EC86WQXAB,0
S0ZQT41EVR,0
NX7L5AJ2GY,0
89JHMIF8HF,0
WLILWE051P,0
IOST0T9507,0
WK6MUOTLX9,0
WOXVZ1UX5A,0
DJF5I3GZH1,0
VUFWUQLU4E,0
NJNGTLURDL,0
G4QVPI8H91,0
M3L1XSKNG0,0
R7MUATS7YD,0
MCWGH0Q4OR,0
JN0HTZSZQ8,0
NVMNXGQUSK,0
KS1X5RT5RK,0
4JZKESAEIS,0
0GGWN0XWL2,0
I4R5L10TDL,0
6B3XVNR8KN,0
NYV7JBG4VK,0
94U9K6DGCS,0
BMNJEDSUAZ,0
AAYZUUWLM2,0
YGQR70HS3Q,0
4PLMGOLM0X,0
V0WRNZ5TH1,0
CSIVUF2V1H,1
72RLKI2DK0,0
MNJY52AIWU,0
JNG1RE32ZX,0
WCDFT4UV6K,0
XICTPBZKDI,0
D614K0XLKW,0
03GEUGMBIG,0
NSZEP65PZZ,0
W4QLFYYI31,0
F73LI3WJVW,0
4QFF1LLX2T,0
PIZHCYZOP2,0
5F47EXA8KS,0
JOJWYBP1KD,0
4N65ODYJM5,0
25P7HZC20W,0
NW6LWBE3P2,0
6HYHJLB673,1
JF2BH6HUGK,0
83RJYM3TQW,0
2TKIPOPW51,1
LWFJDUPE4D,0
MKG49RFQFO,0
3EEQ8J7IOB,1
D6SOR4MSZJ,0
YVPH1E33L6,0
XLM1KTLXUD,0
85W3GN02U3,1
OO6EK2SJ5A,0
WMVKNW6FKL,0
2OA7PCWFM0,0
3TS6UKYBZG,0
WAECYQYZZH,0
AZFGWQCXMQ,0
Y7TWQFH4Q9,0
LEERFXJ20R,0
WJVD8THB13,0
D0IIX9II2H,0
AV7ZFD5LEC,0
WTVOPXE59V,0
E4MF6QUR37,0
1D7KC699B9,0
D6P4U9OQ99,0
J89GJWQXG7,0
RXADMAJH6E,0
ISMN6IXLNW,0
YNHC6XJAEY,0
PKVQTWDOQI,0
96QB2U423Z,0
IF5DOIL04X,0
1PQG2CFIGJ,0
VX7VF92S5O,0
JERT8KFRWC,0
4EHEGM7RGX,0
2I2C97RNND,0
SIC4HABR7F,0
WOI5FZNENZ,0
K73FFGY15V,0
HLWTSCB019,0
P2MS6CQUIN,0
RAU56REAVE,0
8Z18RWE6ZN,0
G9DSZAJO9Z,0
AGSEIF2OBJ,0
TJB3WIH1IA,0
LXXBOC48UQ,0
VRXIQ8L9BZ,0
B7V8UKV7YU,0
V5KGIW0B9H,0
S7PYDARHKQ,0
JRLLEWDDGT,0
R92C33YKE9,0
C2NZRYNDU6,1
AI2AM2AX5O,0
SKVYQBS2Y9,0
FC7P6JG8I5,0
WVYV83GD79,0
RFRPRSK25C,0
X86DRX4K64,0
7LD0SV2ACM,0
4680LEDU3A,0
BXGXRC4O7G,0
627QOSRSLT,0
IRIDE2G4ER,0
N0T16C6E5H,0
DDWHXN0JYO,0
QBPQX1U56U,0
EEWK90DANL,0
Q87A6YHOMK,0
SD7Z87FJ13,1
S7J404R7QH,0
K8VV1499L4,0
Y3LI1CRD6E,0
YQGYTNHDAU,0
9P87CXETGH,0
9CZ90F350R,0
1MZYGLSHDV,1
U891AAKJAF,0
XKZX49LUXF,0
L4Q3GJNG2Z,0
UARB94QC9T,0
CPDFRB3YOR,0
A6Q6VFKHUJ,0
1H8A8EAEVT,0
VSKHFNA9QN,0
1NCD21ZF2C,0
GEBGMETWS9,0
5YVVGR6BQ5,0
CNN3NNKMZZ,0
UJIU3HT7AC,0
V3IAWM5DI0,0
E8G8IU2V8N,0
4STLDSHC7O,0
RET6F0ZUNR,0
LVVULS5KRW,0
UZS3OLL7RH,0
FI2W5T7QCO,0
R1HYF97Q1T,0
2SOAVSFBUS,0
L1BNZPHYVY,0
P136NQ0CNH,0
LDRUG24U9V,0
OBCRW7VE6U,0
WTRAC4LPBO,0
WLIXLDE4ZC,0
513D8ZM12W,1
PDHGN7S3FV,0
SUFNCS9WFE,0
HWQQ5NIHO4,0
F14BYMYJJ2,0
BGRF2POEU5,0
QS1L3RI09B,0
D2D6IK2V4B,0
6IL4B5B9O8,0
0YU1XXTLE6,0
JQRHO4UW7C,0
LXL6O4ZW5Q,0
9G7HFF68ID,0
XPZEU0Y6XZ,1
6SVTUO5O2G,0
I1EZBFPMW4,0
3ME51FBOAN,0
8R1U7WLKRY,0
VDZFVVCUO8,0
QY2SQ8I9JA,0
ADPD9H2SW5,0
0ORNZBW0LU,0
972PXMYJGY,0
RSOZF3H0SM,0
0YLV0SVH1C,0
5HAQVP1YSM,0
M965ZW4ASD,0
PIBVXCUYEV,0
08T2ER7ZE2,0
P5ZSURNE13,0
RZYIXP4CRU,0
S5YSN5XHWX,0
UK4QSC8ABQ,0
TVTM92E8IO,0
OBR1KPXQ2O,0
HDPSY1ET42,0
IPGW8OFCIG,0
AC7TRE9XQB,0
85C009B4WO,0
I2MSMDPRZ8,0
WY17QHVSDD,0
Z0CN2N1054,0
9WIRSF37P4,0
NULCW60YQ7,0
FCZP3EW5XK,1
S9CPEEO7AA,0
QS6FPRU83S,0
8ZZXEZ1M2K,0
SMODGF96AH,0
3U6U7OUX0L,0
QLB59G6ZDF,0
3EQO2TBKUM,0
GXVLW8K9GH,0
W9ZMZR6ZJS,0
R6LU6TLGA0,0
0OHJRFNBC1,0
GI8MOZ9CEF,0
O9LWO9WPK7,0
EUXMBCLA9C,0
J5VJMGCRSB,0
ABUTI2NCUG,0
0X6QZHTF04,0
J2ACOZNK96,0
G2264MUD3N,0
1338LZVPJX,0
5QWVGEHOP8,0
DPNPX06VJ5,0
65JWYBIAZE,0
535OSEIY0E,0
EZH3G93YTQ,0
RND8O3EDYJ,0
DSVISTIPJ2,0
S1DIPRGOIV,0
F3GRF8UEPC,0
G6N6O42UOU,0
R82T8ECRF7,0
084KSXV5LO,0
WX17WDZXOK,0
K2JKZFAAN6,0
S2CI5FEAL4,0
JVO09YLPKH,0
U1525GF7S1,0
52SNF2B9KJ,0
NFH09SDXJB,0
Q1CAD52B5X,0
92G6PX077W,0
ZSI7A6OU52,0
S50UQ1XJ13,0
X761A51JP9,0
5SEL1EEWZR,0
HS0JP8LY0Q,0
3QO83KHJ7B,0
PLN8AO4OMS,0
Z9EXQHCB5A,0
BZ2FWAWTAL,0
Q1KOJPUCEU,0
430YYQ6H8C,0
1GKBAJWU0T,0
60DNEC482L,0
UNTKNR3XI6,0
P3E0CXMKS5,0
2966LAW8KR,0
MGYXXUCMWR,0
JN5WNQRGV7,0
1B917GP9RC,0
SFMVGG5LTB,0
LZWPDFR1LO,0
R34QQ137MK,0
GLLWH801VD,0
B01TTM2MUP,0
S7Q51DH9AU,0
3MOGH5VTUN,0
LUBC0VVRBN,0
B1IG6YES94,0
8LTVK82ENB,1
RFNHOSZCWG,0
K7W0IUIGA3,0
OE4E22M764,0
0OTWV982C6,0
J8IA6AZJ7I,0
SY08ERENGV,0
GFQXFH175D,0
REEHHVBAI9,0
Z55OSBN43W,0
8SBBOMTDSC,0
F4X3DY9HIC,0
7ZW1OXA1SV,0
F935I6DXW6,0
K1SIIQ62OU,0
3Y8BSO8C0L,0
X5LGDGMT0W,0
VGYMOGT6AY,0
WIU5N9IYJK,0
GT6JR17SOS,0
8UFW4R9STQ,0
01I4M3GSTX,0
7YB55QZA23,1
09OMK0UL0W,0
XG7OWY67HE,0
ARJP2UP39I,0
II0LNY7SPY,0
77RL8LIGMB,1
BGFJ5NK2VC,1
HZNHH4TTRD,0
SSD4OT9CVU,0
WU1V5846HQ,0
QXDEZGCOSE,0
MVOYLZDU85,0
RL4DKFUB8B,0
OWUNVZIJFE,0
YH77YDY1YH,0
7QVDN61UQU,0
2E5RYPDWKE,0
ZJXLYS90BI,0
YW2LI7V6OP,0
HOOS2QLU69,0
AOS2OUJ69M,1
Q2HGS0F03R,0
CAEY4IMSD2,0
VPYM08FUUU,0
DLMYZEEWEH,0
K98LATBY57,1
NZF1D8UN69,0
JERATOB1A3,0
2P8YB93FZW,0
4GZ855K01J,0
CS7OK8BBI1,0
GJIIH9HJ3H,0
VSNPHWPMV2,0
OU1Z9YJM2J,0
SD3QXC2NYD,0
V4AN7OCLY5,0
LDRR9MHTIQ,0
92F6LU8I48,0
5VGACECIA5,0
NBAV1TC72H,0
MLZ2MT1CA5,1
HJAJBSEV0W,0
7JZBMP04UU,0
9VKPRV33SR,0
ODO5BSVN8A,0
7ZH9VTHTGS,0
LO69EYC042,0
421NWEY5LH,1
00OTXFH3QQ,0
B5R3K8VVTZ,0
ZDY9IPVUYH,0
NF5BIVFSDP,0
MWXGW4LUNF,0
TMFO9879FH,1
AMEFT6YA8L,0
CT5N8B1NV8,0
OQLJCN6UVA,0
VFHVKWX7WR,0
R5EAIAO7UY,0
YGNIJBVRFZ,0
JWER7BOXB5,0
RYTXJ8NR1Y,0
AP49BM45N8,0
HV0W1LTQVD,1
5HFK44ES9L,0
LAS6FCLG1N,0
OR6XK15DT2,0
IGOC7E1KH4,0
8ZE9GGV0PW,0
G7PWS0RSQJ,1
K0HPEFRCSP,0
FQV2EC8GRT,0
QO1VTX6M7K,0
P1P7COHIVE,0
ICAWPROS91,0
GUXDW19R4M,0
3T9RW8GQYM,0
HJFOZIG1PT,0
75M32VLN3X,0
G9224GK0X6,0
H0KUE6X1ET,0
BB8HEX71FX,0
YBVK3UGGKY,0
OAXVF9OAEO,0
1JQWEH4LO4,0
5YL65C54DR,0
3KMVOBZMYB,0
ZD1Y32K396,0
B5EBSDJRLQ,0
DC5OZEOIN1,0
X4QEVBQRAM,0
6EGDJO6E1V,1
FEOKUPLIIZ,0
KRVORLMV4K,0
3599BUNRJI,1
BJ5DJ4Y7W7,0
JB64339F6W,0
UAG6J3LJMU,0
0IVU88TRN4,0
SO38VN6KD2,0
57QWL8TWRQ,0
K45TUCYTEU,0
2KQ38BWXNF,0
Z3ZADCA75R,0
NNKDMBF91B,0
309T5YE6VK,0
Z0QL7SR5XD,0
FDSDSZSZRL,0
BLBHSY2UT0,0
41QMDTTDJ9,1
C34HI44KQI,0
63GODJ740O,0
CR74SP8OM7,0
8DTL3NQ1L1,0
ZJIP1UY6KR,0
1NVQ8CZH58,0
O6OSXAU9AM,0
7D4KT0M2RC,1
FJAWMP9R1O,0
7NE9CVPWYP,0
STJJEEBMRL,0
1BR0HT5GTH,0
9Z8ZMIX9QO,0
YQX3DDAP9X,0
VB54B9TLGO,0
41LRK0DB55,0
HVT0C3YSYU,0
Q1KT1AD3FP,0
16YKMRDVQ6,0
EIYDL349NH,0
L1ION9Q6L7,0
YFWWPL7BHO,0
INS29ZW0I2,1
GA67K6EY9C,0
OVZWOBE753,0
B8YCC8MF2N,0
9D4H1LGJTT,0
C40G64OJWS,0
MLVPM4C4UA,0
ZQU18ZU1EK,0
8LZH2KVTHV,0
4Q61TGJTEW,0
K4DQHSIFGK,0
VSZ8SUPA0E,0
0L4DRYU69E,0
V408GOFXU3,0
T0YAXGJP4V,0
70GI0RES74,0
7TIOQFPQBX,0
APH4KAI0AD,0
ZD8Z4SOXAG,0
2R972PG03T,0
5WJE6BUZ3V,0
MA7O21PS79,0
9GCAYQMQ9Y,0
ZQ1BYZKBMR,0
SF9512RI1V,0
1YG5QSGA48,0
ICX9JS3L5K,0
M9MPRE9162,0
1FORLRVN6C,0
ZPCOWID5YE,0
1TG678RK9V,0
PTE3PE6X58,0
76S0AHUFDQ,0
QUKFOWGBDD,0
VK56R8E5G7,0
POF39IYFG5,0
0X6MDK2NY9,0
DMEPYWEGPZ,0
GV2HPX0O21,0
3R2ZTE1MGS,0
SREBMZBLA4,0
YNR4JR33CQ,0
V8153CONFO,0
1Q0VLZ7A7Z,0
HRT88FJP5N,0
BGTTTLVEUZ,0
IS5GEQ73M1,0
BP1ZOI4AGA,0
GYOFB9HLA1,0
3P9DLA68VF,0
26G1HUJRZ6,0
377TYD2T2G,0
2CCJRC3L2K,0
HRUIAFF1Y1,0
0O543H3V29,0
L8FM2HJ3XL,0
RJA8X3YDSK,0
FOJA9IFXGD,0
H3QWR6R731,0
9LAXL21X47,0
WZD0Z6TCSX,0
S15Z03LSZJ,0
YELP9XGP82,0
HH8M62P0ZK,0
TA6HSF8K49,0
HEH09060QR,0
WMXQNQ8G98,0
V4NLN62SCB,1
0KM06KGU0R,0
F34DU6ZR01,0
JX6P1EJ0L5,0
RQZ19BCJOR,0
7VY9QTEKGF,0
0JCHAEXPCG,0
Z9VGE88EQN,1
N1DZPCTG0U,0
PLHZ1DRY15,0
ERAGY4ET6L,0
N97PYLSPXZ,0
B9TK0RD7NW,1
CPVNN1I0FU,0
F6ER5AMU1E,1
59ILNTS7TE,0
ZZ0X85306T,0
KWRP6SLKCF,0
3AY7J8SA6N,1
IQHO0ED65X,0
KT6G6YIH6D,0
UWYSU2BKQM,0
HRE0Z99D3F,1
4FZNNE1U3R,1
KC47WVS2RX,0
2VXUKDMG43,0
1Q5MUBL4T3,0
DC5JX25W7G,0
60G75H7CYA,0
HQZ17YRGSM,0
N55I0D0SMD,0
0585CYV2L4,0
GHO27CQ6QT,0
5Z6KSRIVL8,0
IOWDKOHIVY,0
4F96OB17ZN,0
12PBYJMETT,0
FJ6266VUP7,0
5M6PPRADBG,0
HKO1XY1E8Y,0
2MPBMD4ELC,0
IS4I5R16YQ,1
NZH3MTMBT3,0
HX77PY5U6N,0
WZQPX0AR7Y,0
F6JWF6UUV7,0
1OI22BJPLQ,0
ALBB29RYWA,1
ZQU1TR8YKU,0
D3PDAPJBCO,0
Q6UDO6A8H2,0
GRHTSHK3VT,0
AGD9O8GIRT,0
LCHDH7FVHO,0
UXFVZ1PWRW,0
AW00SX504W,0
6QQ8IU9PDB,0
YUOWE53JRU,0
C3HH0058UC,0
HKB4UXT7DT,0
GWFYU2OQR2,0
OE5V2PGA1D,0
1S3H7V17OR,0
J052MTXKFT,0
QZ6KG9IDXE,0
9GMQ3DF73V,1
8AL087UE98,0
TVZLNUA872,0
RWBDBW9ETU,0
URA2QX03Y6,0
LHWH19VDYS,0
A6QRX6XMKK,0
V8KV8E4ZLT,1
BWCET9ZV79,0
6RWFGEEOLM,0
DEEYLFG24P,0
7LD22H8S3A,0
EY6E0N5NEN,0
89XMXM58ME,0
PZYWPF5WT5,0
4A19IJR2TW,0
MFX9S414XJ,0
ZHHVINJ3OB,0
MGQAL2N01Q,0
ZF1ZKRAEO6,0
5V9U9O96NW,0
MUZ19Y6WZG,0
K6WUFMU9EY,0
VTE6XRQLF1,0
S4TKWFSSD0,0
JMUUAPH78U,0
VTF8TQTBJA,0
H0KLRNBONP,0
4F2WK1GO0D,0
VJ8GAV1XWW,0
TBZ1UFXD7Z,0
8MV6BOP5XN,0
N99DCULLJV,0
SWSO2W5K01,0
N2MQ38T9P7,0
XFG3LF86HF,0
KR7NLY2A5B,0
JB5ZLMANEN,0
3JPZ4DPZSE,0
W96VS4UMX0,0
LT89CQ2SF2,0
7JMK54ESU1,0
4FLR5NNYTW,0
S1TQ42ROXX,0
JOB1NY364F,1
XP3KYAZ24B,0
W8WRZ1TD28,0
5HSOUFGEHL,0
3HI1KZT91R,0
KQARX8GMOW,0
YGWA8E88ZX,0
P5RSO3N9GS,0
9Z8MS38FLM,0
LR72FBE9QZ,0
HWWQLHC5IN,0
PW61FE4PZX,0
50HXTR6Q4S,0
A4NM6EM614,0
N44YCP8NQM,0
BN1O85C6D7,0
37QPLFE661,0
0AK3RADE7F,1
DV99HMIDUV,0
ASOL4QAOO5,0
INUQON3DYT,0
PO8AG1NY57,0
M768WJF3KW,0
RR2OIO9Q6Y,0
RQAY0NU6C5,0
UYU3D4TOUE,0
ZPZ4AEMFQ5,0
8DYG2AIW4Q,0
BMA7GTVTQ4,0
R2SDH8EY1E,0
ZM8ATMVZ23,0
46RON6HP2X,1
0TFO4HVJUM,0
1VN2AYSKPY,0
YYYJUEE754,0
S9AXNGNF5G,0
YQ9IYQK27P,0
XBDJRBNDZ6,0
BT8OW56FUA,0
7VOPC5E6X4,0
FAXYJD7JJ2,0
3P56VRSS12,0
1B331TA43F,1
FTJU6NJO3N,0
3RDSFKMQ1V,0
O074RWGL1I,0
CM0YLISX4D,0
NCG4GK2L06,1
YN5YRSA1AM,0
2FIB7RL1BU,0
ELGGF77DSS,0
91LT6E6P59,0
OM45BIRBOY,0
S8256I1YX0,0
XUG2K71HS9,0
UBGEM453OP,0
O3CUHMBD6J,0
81E62JPYQ4,1
CAXKTLWR8O,0
5D8OIKC97Z,0
WAGPWAVMXF,0
4IYKXMP3X0,0
FZ94I6ICWJ,0
9MSXT5OA7H,0
PIFXQSQFKR,0
2F3UFS1OAO,0
ZTI8Z546XW,0
XD68ST7MVP,0
8XB8KZHJ4S,0
09V301248Y,0
29UFFUTCHM,0
VHGJCUVPO9,0
9KPGTT4I31,0
0BG0O5NJ6N,0
YD3DH3NRLP,0
DZW18KEAYO,0
VMECS89X1S,0
WS07BILD66,0
3VJTHS96PF,0
4OY7KZUIR7,0
J2RHJKOS91,0
QONXTYERCI,0
IA773W6UQG,0
KFL5HZYDQX,0
U1MMN0CHDT,0
PM039TS6V7,0
JHH5ZF49P7,0
C8S2QKM0LO,0
QP7FNOH38U,0
4SSQ1HKF1A,0
R7T40Y7N9F,0
6CF4I2IW86,0
LVRX9MCYX3,0
0LG2KZDZBB,0
WFSZAY4HYV,0
RPJM8M8CBM,0
BDL54NCVBC,0
124SAB6IQB,0
9NYV08W9A4,1
TYVVEZZ42O,0
IDUYBLQLG8,0
96PLY1975H,0
QWE1AW8SH9,0
RTTLJ07CC1,0
Z8AU2UNSWL,0
2CQ26Q2TLQ,0
GFAE7UQGU6,0
UGW4HOPDNM,0
2X50GZFNRI,0
7KV2RNG23H,0
9P33QH8FXI,0
O1PHSGSM40,0
6QG154AQNP,0
0MNEYG3K39,1
HKWGVIYFKS,0
HX85G6C84L,0
BNW251BZ8S,0
CQ7DP3Y5D6,0
1UOFSVTVEL,0
DKP4TQ0TP5,0
6Z9W68QC8X,0
0SFS1RA7RX,0
2A0JOC6YCQ,0
WH56R30N8V,0
QL479I7PWK,0
PPA7WSS2XH,0
FD1DTXNW1T,0
45EDQXOVKB,0
S88T95UM1Y,0
812R2TBD4A,0
DB2KMNCC3K,0
75CHE48VW8,0
MCMILOINDA,0
8B35GWYEYY,0
1NQ621DDCR,0
21VWOC35M7,0
0IGT600JCO,0
ZZVIAKEW5F,0
E9H6FF7SS9,0
2G5PC0A3PB,0
4VZSQZ8EWQ,0
QDRLMY56SN,0
TD06P1ZQMP,0
ZAN3WQMKVY,0
WVDS281P5T,0
WTROCP3ST7,0
HLZIDJTTWJ,0
YGO7LOBO97,0
J30F1DTYSR,0
JG5HIYK1T9,0
XGCTGQ0H0Q,0
1QIB8NI90L,0
CLF67JSUKO,0
O191GM5G6J,0
9KHTP7GERZ,0
0K8HSALS47,0
45FB1D9K12,0
YHH245Q01A,0
CVNPVGKF0I,0
SEF28HPDQR,0
55FN72B4S4,0
7WEJ47P256,0
H80Z72G8AI,0
P5PF9YQLQR,0
GVFGIEFC2R,0
LUNTSQA6DQ,0
B79XXSFT68,0
YZ2HBUMOMH,0
190HNVBAGP,0
N0RPARLC8Q,0
B4768MJIWE,0
KCNKDWR6R9,0
QA90EC01R5,0
R2QAAVGOI7,0
H8VAXSO9RH,0
70WPZQ7IG5,0
NS1L9LT2YE,0
KWL6WOAH0S,0
3E91Q3IVAO,0
KHNNY7F12U,1
J7O42VD7OY,0
H7JBDKSMVZ,0
ZGLJNTN46X,0
MR540YWTS1,0
PBTDC3G6XA,0
2Y6UFJ5R9Z,0
HLYC8FB69H,0
6XHWV9ICUF,0
7LFSMRS44C,0
85ZW6AYFRP,0
G0B5JBRAKJ,0
HO2XFVAYU7,0
GKOYVC3EMT,0
6QYA2XR1AN,0
JAJIYB4AHK,0
2BMFYR9R3T,0
HH1CAUOW0M,0
55OS9GZYRU,0
DGU2HVX07E,0
9W8DTODHVP,0
G5ADL6V256,0
CHAFELP20M,0
QN8C438HMQ,0
9AJPZY4JYT,0
WTNLYQFDLR,0
QKNTWCRL0Z,0
3Q7HCEXCQP,0
0CSXSQSS31,0
H1JPQXDZ17,0
DAQZFZ6O8S,0
V4I8SF3K3S,0
XMSFEOV4RT,0
EZLZQI7N7N,0
H3WLAE6JBF,0
MLYZ97IXSL,0
NCGC1CQ5W4,0
YJK765QTHN,0
PE0RGP530L,0
2DZ1JGW3CU,0
1GHR3SJCOQ,0
PV8JNQX2PA,0
KD632TEZIY,0
06G7TV2JEN,0
W7W6QOCXDT,0
QR45U90LQB,1
BHBMQ349WR,0
XEVG1QNNCT,1
6SFZJKIPPL,0
42SRSHU039,0
DAUL2EH5QH,0
YVJQHEXI16,0
W2U6PRCY40,0
XFHGPK6MMN,0
TR0TJCWZ4X,0
KYLE64DOZW,0
K0HDBOV5AC,0
C44H2RNGMQ,0
PWF0R2K2XX,1
N5JLE268SV,0
ESKAEGC5U3,0
LW3REORFSP,0
GIIYP9JSPH,0
71LRN4P5BI,0
FDR6ZZKF71,0
8XTICE67OE,0
3IHPYES1QP,0
LOHBQY3XR2,0
WZX91JU98X,0
WH1A770UDN,0
J75T07103U,0
2D8KJMGFGR,0
429Q6ODIEA,0
G6DJ78OLMD,0
7J7PVE7JWO,0
XW0ZGXWK9Q,0
3XJJ78ZUJ4,0
DRB49RUMN2,0
6WZ2PNISZ0,0
BX3QJ1STKM,0
AJFOZDMDQ6,0
1JDW46ND9Z,0
79Z96GZYAY,0
NAPU9MEFGV,0
3M4L22PXLA,0
XBGZDM7CZS,0
956DYETP5F,0
9P96J957AR,0
J7IGRO1JB5,0
K4HX16XIV4,0
DSN1U3M4Y0,0
CKGCH1XZCU,0
IEMZS8FA1L,0
NR99AN6MQ6,0
7TND6HR9QZ,0
HDBPXYF7CE,0
28TEO6K0R6,0
WZZ0KQXS0K,0
PY69ONKFXZ,0
WW18EVGP80,0
B3QMMA608V,0
8OAPXZ20OE,0
55JLDQYNM4,0
D235MVYHD2,0
IS6N7KRKSN,0
BA3LVL1NIG,0
A9ACOR0T8W,0
7P0DUFD0LY,0
RDV90C4KMC,0
15S3BSVWJT,0
ROX91HGO2J,0
OP8VWKYZ22,0
HMWWBPR9GB,0
UVN4ECMX8T,0
CVD88HUZKF,0
P2AUZY896L,0
QLOXDC19VU,0
Y4JPE4M4KB,0
MA1IQVN0S1,0
A86BXC7CXO,0
TDDSGOUF57,0
VAZIHI4O96,0
P2PR7822HQ,0
T0CSIPFR3T,0
UT4LNTS73B,0
W6XAHE4TLP,0
VHSPNC5MFK,0
DM0U8P0VAR,0
960M6F6P44,0
4XD8HAYTYA,0
PA2F1D0G08,0
XLGTJD8TS2,0
5XFOJTQPFG,0
EBOY0CPN74,0
9H9WO97YC2,0
HIXFAS4GD5,0
17G5QGR8RZ,0
X88OSA80TY,0
ZAIXUJHZ60,0
G96Q1XEZQ3,0
UWJJ5KPR24,0
IZULCOTCQ7,0
6R6CICPWSD,0
75MUM843HC,0
L50FG9YPLN,0
SR35LHGM7H,0
D6EW7BN43T,0
2T9QA196JX,0
JIYCA5UCH9,0
6Y8BPVEWTD,0
LG69GJ6RA2,0
03VQP12SU8,0
T1I83KHOZ2,0
G3A259DLUY,0
2K0FB2WO56,0
BW20UBP7A4,0
XYGBJJN3V7,0
9TONZ8SZXF,0
RJVKI8CO14,0
HP8DMJY3JO,0
0SK2TEO5UK,0
C2D17VALFW,0
Q4JJDU6CUH,0
SVQ5JOLDXA,0
2G04XI8EUJ,0
R7GYDJMKE4,0
MV6ZPIM0T2,0
VZO9SLPUNR,0
D2OJLQNBKX,0
W369MFD7AT,0
M0E2PBU0O7,0
8VDZLYNQQF,0
B5E8RXHFXD,0
HEV0RNLW86,0
F8Z36SN8T5,0
NMKGMJC0CW,0
VFDC0M4DZS,0
4BPTVTLCP1,0
3A2G33CH2G,0
Q9347WBO6I,0
DM6C5FKL21,0
XIGN2YSING,0
211D47XUAI,0
3OZEIDI9R6,0
R8LYJP3EA7,0
581F0RN8OR,0
2HVI1PXR16,0
LLY2HP5MSO,0
ZO0GKUEL1J,0
EY56REEARB,0
EI607FNESG,0
GH22529M7B,0
291KQEBA0Z,0
AM8Y8SC4W9,0
2IES3RJ7V6,0
ZQFQC0JJFC,0
R7YWYG4YW7,0
JQXARL403I,0
1QHPUSX69P,0
P40A8WGMER,0
0K7SGY76HW,0
R22J0O86B3,0
Q2OGACLEQZ,0
APJWQBBHWA,0
CR7P7G9M3E,0
Q3BK1ZKTH9,0
X9CFPFA9JT,0
ZAOCIX153C,0
LTGXWPNU59,0
SNVIU6J2WY,1
2400LKCE3Q,0
C3Y74LC6AB,0
FNPCLCAKYH,0
OZAZY0VRW5,0
R70F2C56LK,0
EBHOMJS6YS,0
ZZR3AFVES3,0
KIAOG1V7IH,0
MZ4BZVQBJE,0
TMT2IMILFE,0
2MJPYA5R5O,0
7UNQ0SUPR5,0
TDM69WQS3V,0
A4E4WRPVC1,0
YZSG0K58CK,0
WOARB84LCV,0
1VW704YFW5,0
EUAN1GVTDE,0
JSF4KIN1KG,0
9UO2GP94WK,0
SQ7SUMRXFP,0
4KMIIBPALN,0
RIMJ16ASJA,1
RUTN6Q55TN,0
5FIO4E6M0G,0
AF1GOSHWFJ,0
6G0LP5BSM8,0
PIRKL0IC40,0
V0THBWPOCB,0
9WC1FFACDD,0
5IWACD92OB,0
TV37HXO27X,1
8BMTVUCO1R,0
N5ST1U8W0D,0
Q64UC668U3,0
C76DTOFOID,0
TTASW7KTIG,0
XT235XA2LD,0
TKSEP92G0Y,0
22A1ZZL7ND,0
YK7S4ZJFCG,0
MHXGYW7X0N,0
OM07JAXF4R,0
93KDD2IRAI,1
T28HFP19XK,0
93TLL9WTTM,0
BABHUU6KLP,0
J3HLQ9GHOA,0
FW12NMDRJ7,0
VUBO2IC02O,0
5HB0E4YUPZ,0
I8E0YNHEBP,0
B1G8FI6RQA,0
BCF49MSUNI,0
VYE53UFIZ0,0
1VFEUS4N74,0
6Q7GR6CD18,0
CYC014A711,0
7JP2Q103ZY,0
A7A1JKYI5Q,0
V4FC0K55Q1,0
7YYBQWHDMT,0
XBTWWNP21G,0
95EV0LBGOZ,0
UVC2MPJN99,0
NESELSF1WS,0
GUZ9NMLRL5,0
YVYL3G01U6,0
TUABW3AVQ4,0
TAFIY2QEON,0
BMJ6IZA8WM,0
HUWHS9XI0L,0
143J4C3BAX,0
FRU4C4PAAJ,0
96WN4BVA5H,0
VGCQ3DEOBL,0
H26B0X8U41,0
1JP1I1MV5E,0
V0TVKBH2M9,0
303YLMHFVS,0
HL3SY81DTS,0
EQIQAEF8OJ,0
3QUPDTFMAD,0
JNWPMDOH3V,0
9AMCXIXR97,0
TA207JQNV9,0
SR2EJ29NZ4,0
EMN8YY8W24,0
HUEKYKW8Y1,0
KE9WWRYDBZ,0
EBQN25JISD,0
VLKB1URFXW,0
JQPXX5FW6V,0
U27F49S8KK,0
O0C2BDOJ8N,0
UJPGON2V4N,0
4N7DLITRAY,0
4TNWR7X6Y0,0
0J8RILL708,0
VTIUJLZMO5,0
XIAMJEK7RU,0
0F6A3LP681,0
XKNAM4CCHC,0
S6WW139XY6,0
VD2V4WJ4JK,0
ZU32E7PHTY,1
FLBFBM5GGI,1
J1IVWLKMNT,0
1Q4DY8WFEI,0
LQLL5KSK17,0
S03B8IGGOX,0
EFBR3RZYAM,0
VWNSR5CRMJ,0
L0N0CMI3BP,0
V4Q1MTUHNS,0
KJ3CNNCITY,1
V1LPLZQLTH,0
3FNKGY6WDG,0
D4K5SH6NPS,0
HD93YO41VK,0
21I9B21AAV,0
42WWTAOXT8,0
576UA3CQHR,0
TIW14D22IL,0
6MBGQELXI6,0
Q1JWQDXYUV,0
W8NUIK4IQ3,0
QSQEBY857L,0
0PYDS7JFTY,0
15CIX0TLZ2,0
ZI649YXXMR,0
RA0EPLD5QT,0
R0LYS9SV66,0
G9KJ485HI8,0
W7I7MI1UDW,0
3Z2U311Z4W,1
F40C7EMGTZ,0
HGDDVT1YRO,0
7RYQ1YLL2D,0
YRL1ZLUTHO,0
ZW8QM3I8IE,0
HLN3CWQF6K,0
CTEEN04MTG,0
C0A48S91O0,0
MOINQP8602,0
C0QCHTFZAE,0
U9AH6ZTEQB,1
IYAEV4185Q,0
K1TDAMAM3S,0
Y9UEV4JQ43,0
1WHKELPDPX,0
RULG74NSB8,0
UJPC28OPQR,0
VLBV6SIIHS,0
18PNFSUX8Q,0
LCF6HFPU8V,1
ADY4WE8F05,0
810DQ8HV4Y,0
PR2744U8EG,0
11VQ6GRM3F,0
V5L1T406JF,0
O7I7EA7MCZ,0
4ZN1N82HIG,0
4HK497P5WD,0
0P0ZIX39MA,0
HZNG7RX50L,0
JZ5LN3EG3O,0
6BAV107F7S,0
3SWR68U2EF,0
A1QL9YUBDB,0
715LGG3OFN,0
NS4ONGJSLQ,0
LQULTG6OTJ,0
HEI17PG8FN,0
SVD25NKY44,0
FXZRPS2FNP,0
NF95XF3E6L,1
NI4LOOC9VB,0
GILA9INDWA,0
31XAQ2ZZ92,0
Y2XZLYWR30,0
ESAB2P6IJ6,0
DODCJC4QG4,0
4ZM4XM2OMW,0
5HOMLEPLFW,0
CLHWO06J1D,0
9V0VS7BJK3,0
73CXS1SJKI,0
WKUKW615XS,0
1W8HCKLK6W,0
M3D2IR7D1C,0
EAFEXZ8ASF,0
396AP8JWHQ,0
I7GHEJQUFL,0
XCMQEYLT2C,0
Z7VBAGTLJL,1
7QA5YVP89V,0
B7PUTHJHZW,0
509N8LYAKY,0
AF522O4HSM,0
QUPXTUG5A3,0
XSI4U67ZK1,0
F0W3K1WKWB,1
OA7ZZNNSIV,0
RYTQ3E02S1,0
0YTCGR3GOQ,0
UNQFZ7YD4X,0
H5ZGVZFMQS,0
KFNNSNW3G7,0
GDYS2DCGH0,0
YAHM8VK1XH,0
3ZUZFICSYW,0
XOOBJRIYOG,0
IH9QRFDME6,0
A7FFLDINSB,1
C8VKLW5YEH,0
Z03SDQ21DO,0
UMRBJRJGV7,0
VJ3GX45OKL,0
AZAXFL8XB5,0
6A65EL217V,0
Z6IJUNZVG9,1
HENEBBG7EP,0
F9Q6ZLQTJ9,0
OS94BZQAFH,0
PVQKVSM529,0
EOSTDP7ZPX,0
FV6K4NMJFN,0
F296LJOR8O,0
J5KPN1CY7I,1
Q8IFJPJ5HN,0
NSMPLYMCOY,0
GAV0XYT24S,1
GB7OX0BCF6,0
3GFWQFIMH2,0
6F25J3TP8M,0
VAXPTVCPSP,0
XZ3H9N6FLQ,0
2RC2YYFIN4,0
E5BEPLY3FV,0
Y1FF1WSNSQ,0
CRAFIASEVZ,0
SAYJ46OQ34,0
2W48LEOAOW,0
ERO926XXNA,0
D0PUTJ7KLA,0
JUQPXIRXFL,0
PCU47NW8J3,0
1GNFZI6YBC,0
5WJN34ZP0W,0
XTKFJ9PGQA,0
XIKROL5CQ7,0
O3GLVRGSYV,0
HJQAMT0KLB,0
3T52QY7M80,0
BUWJLVOSVH,0
9PTL9FQL7Q,0
LWQNI7M8Y2,0
BU0XK5YG4U,0
U2LC6IEIUX,0
DKYW2CTJ3G,0
CLUOTIP0KB,0
9NWPUSQAYW,0
CWKL85CR63,0
CKDYNN47CG,0
NW3OPS2YAE,0
5LRRU11DX3,0
5OAJ2YE3K2,0
D6PM7PJKLQ,0
T7RN02BQRO,0
3FWZAAREJ8,0
5XHXSH3CNX,0
JI561S2X1Z,0
0HHLVIEGN9,0
SYMSV3LH9J,0
CD4PE60B02,0
DH9CKKG5TT,1
A15ZJZQI9B,0
2POG3XF593,0
92YV39ZHUF,0
RNX12TFQ53,0
EGP7KHRRYK,0
546UIZ29DJ,1
60R41YCNMF,0
DOCFEG1PP7,0
YM0X4P6Y6R,0
O5G31PV0XP,0
E0JWX5MY9N,0
F13SAG67KG,1
GIRUWODH4M,0
D1EV8XBN4H,0
IJDVE1M9C2,0
WRU6B70BY6,0
ZYANTYP647,0
2OO67YCCUG,0
1JOVUE8GFS,0
BNSNC25MW7,0
0FG8WT1BK5,0
EDT0ECP2ZZ,0
ERTAKICT6Q,0
4FVSI4YCKE,0
4K2IVP0HRR,0
OQ14GKD6TJ,0
5HDKBND184,0
EZLOHQUKD7,0
9VXZBREB6P,0
68MGMRBHUC,1
G888XDLBGJ,0
6PV9F4C5NE,0
5CAS81XPDP,0
XZKIGVTE4M,1
52KE32PFPQ,0
MGGGJL72YC,1
XNOZ0X8NFX,0
B0DGOTEEMG,0
RS6HILV8HG,1
MMCC3KF7AK,0
YOQPWJXDQJ,0
B5J6AYCT6Y,1
BZ8IYFV4SP,0
0UUQ6CBVI9,0
DWLW853OCE,0
ALENPT7RPX,0
ZYX5NRY9WY,0
YN0QTIY98W,0
LOQPZQANY1,0
N0GB77T9EH,0
P2XQWZFUR6,0
H0UZCUXMFZ,0
8SENO1VF38,0
1H246IXUXW,0
8YCOWG1KV9,0
XP8AM2AQXI,0
TVPJYVYAJH,1
V18IZI3S3D,0
6A23O40PV1,0
WZIW79WS6K,0
H2VKFTKIID,0
MKUZIZZ0EC,0
VHYAPKP4AW,0
G77YVWBWNR,0
RP5H3JQ988,0
1D5W6TN5UD,0
CCZIEK9FFL,0
MR8PB1W0YL,0
8VPHJYS9F1,0
O23JW1KO98,0
CZWSYE6JPT,1
8LOIWSPA8B,0
FM6UW0AJAC,0
X0RMVZZCOS,1
4Y2WEYN5YW,0
XGISRKMF1J,0
0Z1J96O4UT,1
QCRAWO86TX,1
LW6BUS1FM3,0
AXTLNX8H0Y,0
HDDCNY3POH,0
OQ5QVKLY8W,0
IM05K26N1T,0
1X2VCD9CVR,1
M7IRR4WZYN,0
W83I8AI48K,0
6T1ARBXENQ,0
M9OW2BVLDV,0
H1NO9HC44G,0
QM0UZBBA1O,1
CG3CILO8GU,0
7W1XODBJZH,0
FZAPXX2Q4V,0
I5CWBMKKF7,0
FINUW9N1W3,0
JRY7FTJMMY,0
SNNLQI2CZV,0
7CWBXM18MG,0
O7TGV9PI0J,0
8QV9J1LER7,0
KJXEYG137V,0
FICMH51J5P,1
YTBAPY652B,1
KDKNJPO59E,0
R1I4XPHX9T,0
RVKGPKVAW5,0
3OQQS5YU4N,0
AB8I4CRXAX,0
RT94QZYXK5,0
6REIFG26Z2,0
8JDQNNFLWG,0
VI859F586U,0
EOY2CM0O4X,0
D3UAIX6JBJ,0
VB9SWLVCME,0
8A0URV632O,0
HJC11GS09G,0
O7HAMAK5D7,1
YGBOEVG4NZ,0
HHHN4LUYAL,0
QFR656CIT4,0
ZXGXGYGXZ8,0
RWLUUFBLNY,0
LPISC8EIWL,1
JB0U33W3P6,0
468A42UWAR,0
QPCKFMUKKH,1
LJ6JFOHOG8,0
SUTO9U6JU2,0
0853WZA1MS,0
VZ50B5D694,1
7641UVSOIL,0
TS82B0XM52,1
RPNNWG99KY,0
1KKUCF4C84,0
HNTB3X1F38,0
HENJXHHW7R,0
2E09521FTY,0
17LP7MCQTU,0
GM5J5HF4X3,0
4JQ2RE99NA,1
A78VSNC03R,0
IWEG37N41G,0
YQ0CI6BHU4,0
3F6BXT4D8T,0
0ORSJ71C0N,0
SQHQCZBDWS,0
LARPFZBEPZ,0
BUE56W0UGP,0
XOG2WXYUHF,0
9E99WREHHY,0
BXQY7KI5VT,0
4KSGPG070O,0
FKAIL8JR23,0
A9Z23N7SRK,0
1W4QY3BJPH,0
YS6SD7UC5O,0
9PRRWOZ07D,0
JF60BCSOMY,1
4G0YC09QIY,0
YI50VETCGP,0
8GYJF169SN,0
FZ5VAKGNI8,0
6YEQVMVWR8,0
D3BENECHCU,0
MJC7U0SRI3,0
GBNRC1JY0C,0
JCRX35H28Q,0
G99HAXCQAX,0
OQUPA071SO,0
EM1VVTLBJB,0
MMCD8G3O14,0
1DEX2V3I55,0
01AEJSO2RG,0
0CE6Y0GFZU,0
7VLDFK7NZ4,0
NF0Z254KUR,0
WX902MIIV4,0
WSMF1LJSYF,0
ENIZBCH5R8,0
FO10LJOFSP,0
X7NYWX5VJ7,0
3Q5QPUNPO3,0
5YBVIRA09B,0
KUILJP557H,0
5RDZA509IQ,0
YT9P282TK0,0
XLU13PLBWO,0
R50G7VUZ8I,0
L2J7AY2MP5,0
JVKOOX4041,0
FQSX2X9MIF,0
GQB5UM5SOP,0
6Y8XUH2FOO,1
BBDXTFZGJQ,0
LNHNZXQROT,0
F3VPYVWOWY,0
JZC9ZI5R2R,0
NMWHSJJIGE,0
USC05Y6B4R,0
X1L8DB8ADF,0
Y2RI83E4IZ,0
X46CJ0KPUP,0
U68WBPF1I1,0
NHNV9WHQ1H,0
QEQ6LSBKIN,0
M8A24IQA6H,0
063SSP4SW8,0
0WFFOF898E,0
8D0891K8YF,1
ISXNARKHTC,0
K80210TU7L,0
340D3P0S5B,0
1J8B5Q1NXT,0
S3C3UIF6WI,0
HYJ7X4AORZ,0
AL154YHGHA,0
NAIBEYRHRT,0
GUDJGQEGDY,0
8AIGISCMDI,0
UXDDN0OBKY,1
74OWD8JRMY,0
7OPBDG0T1E,0
H1167I8APU,0
5NTUZCKJCY,0
QRH3V5N73V,1
O0MS84ALQD,0
YH0SNKPUB5,0
B8M9Z56Q4Z,0
W57D96R7NK,1
BUDK91HT9Y,0
V88KPBBHX8,0
CVWY00ZKHD,0
ZKBP0EDRKA,0
SOIVF151L7,0
4CC65ZGX38,1
1JL27ICVFY,0
I29XIIMNL3,0
UUP24DTHPE,0
IVL80DKML3,0
8WFLU1GQRL,0
GGK5NEV6YQ,0
WZV8LNGH6E,0
RO9AL772KN,0
7MP9UTESHF,0
XUPAQBP89E,0
LEY18CMR72,0
PHA1IFHB56,0
P5W67SHGTP,0
CKN5RY44HY,1
103DN0CETH,0
77GVT9XFXT,0
X01636XIHN,0
LSEQAJ737F,0
S8WBZJ5C3A,0
YDAV3O9HTM,0
FPL2C913ZU,0
NQ0DRUMZ1N,0
F6Q7W04DRO,1
EQ662VYEVC,0
T78XER37T2,0
S0MNGFX37I,0
E4NV783K9J,0
54ORQCCK9Y,0
05F99D9OYM,0
28CJPKRO0S,0
1EJRIY8TWY,0
FU8F3WK7VW,0
2D9OSR4J19,0
4WLY9OEQ48,0
BS2525H0V2,0
MA71KW5ZZK,0
ZAB0ETKXAH,0
OP4TWACCZ2,0
7O0HNKTD7J,0
1H87BKYZS1,0
66MVVYXXQT,0
QW6184NXM7,0
D5WZPHWYBK,0
LC994YM758,0
9UQYWRJBLA,0
5HJO6B3E1J,0
368B551ZER,0
BDSKFBG38P,0
FO4BV9XAP3,0
WZ6CDRI1KG,0
FJ5CMPXDP5,0
BO26MUZLFW,0
OQCAJKL4O2,0
Q23NKTB9T5,0
I5ZVGPIAUV,0
3FAH7YXVQD,0
FQ2RYVHKSY,0
82LMBXNRXE,0
98KL7UT8VQ,0
EXUOBLOUXL,0
8IA1DRFNEP,0
FOCPEYFFE6,0
YJ1LU6MEO0,0
KTZHYNMMP0,0
18SS0CFNP0,0
OFK9LCNQNN,0
ORX3PG2Y57,0
K25N90DSTE,0
T0YECNEMPA,0
J7WQ2M4Q04,0
YULFQ28AC5,0
LQ23ROZ2O8,1
KHWXY55XVE,0
9CBV9TEEPM,0
B4WN7LY3X4,0
1FDZT53H6J,0
94ULUE3XU8,0
H378KZ83RR,0
VSGK68EWKN,0
DJECXTC2XP,0
82R1JVVK5T,0
3I539RW5FF,0
HBNBQBX6J2,0
T8V5H892RO,0
I6YPIEPITV,0
S3GMVHQPEX,0
A7R3CCX6BJ,0
USDR7A8W5V,0
NG5G1XT709,0
3TGFR5Y4CI,0
5UIC09FIBQ,0
6U0E0U5T21,0
MENMNNWAOI,0
I7YBOJSATF,0
LI1E2X2QXL,1
JUCVTJP8VV,0
T1X1NIJKPE,0
OH5WSRBXA1,0
3SRF4WSKKE,0
2LRORZ7SRC,0
FEWW1G4K99,0
KVT3AUOFZC,0
29A5C7PJL1,0
ILYDIT9OBJ,0
0H45RM8ISL,0
ZTGGYR4VWT,0
3L8FTNZJD8,0
C1ITOFES50,0
4GI7ZG7GDO,0
CFUFJODP1Y,0
4GXQQ20UF6,0
HV8WA0BJKH,0
2SW2UNLEZK,0
89SEUNRYPE,0
6GW1B445RS,0
RZLD343H3O,0
WXADTLWMEK,0
MLNLYY9EI6,1
V977JJZNAK,0
VAADPL70I1,0
UZDIEHA9SP,0
O0R7RDOK7P,1
Q83YSWE311,0
Q9PW5WA2BV,0
8K7ATKVQS6,0
H4CCJ4AOXV,0
E1A13A2SIC,0
5XC5YC204A,0
CQK51XRK2Y,0
SALMVJUOSW,0
JGMX4YMRWT,0
NSDPBWH51I,0
Q1X850QJGI,0
VX18BXRUNJ,0
JTVN7XDKB7,0
WLGTQZPY0H,0
NS2SJH8PPS,0
FJTLWF99U9,0
4S00AF8WM9,0
9MO6GALWDS,0
6QZV62P07N,0
KKAWV453VE,0
1DA5D85CT6,0
5WWM6O3SB2,0
KAFU836D7M,0
NG7Y8J9DGV,0
LRSDLW7DPA,0
HKAT31JBRK,0
4GEBJ5TMH1,0
VBWOK1M63N,0
UZWAGWJ988,1
IHG3BSDKFM,0
8GW9TJQJIN,0
SQ3RL9LR09,0
OVXF0WLX2I,0
7CNH3ZI9NM,0
1VRN6U3ICL,0
XZ636BSE1N,0
PG27XC1M7P,0
82SMRGNDAS,0
2YLGB9786Y,0
3PVLAUZ9BJ,0
NALD1AXPHT,0
5C3LHG1NMI,1
6XGMHO6Q0C,1
PGMP0A9FMQ,0
FDOW388KKP,0
IH35P5GH0A,0
3QYD1YKGFQ,0
OWHN9RPPQL,0
2P9UA7K7XQ,0
SZ2Z2ZHWOI,0
90ISI84SHU,0
8LPVI7AVGL,0
B7EIEVESYQ,0
K6KFCRGAVV,0
X7GYPIHICF,0
0S4VD2UN8S,0
4MZV22VCL1,0
E693V1O3DQ,0
PAMILFFCMB,0
L87OZKT39S,0
LEIN0X29XX,0
XSD481AM5O,0
O5IX1F1MKU,0
4Z3MBKFDVT,0
WPN2NMLEMS,0
GFY4RAIBF0,0
S3NCVYRCCZ,0
ZTUIMRFKKZ,0
D9L6JJLG9K,0
OPST7CQKLB,0
RLA9I1XDP4,0
B8XXNZ82UB,0
T2JVKYNHYW,0
R84OF6FCF2,0
WKT6L6NH2G,0
4HJ2HJ52CO,0
K5D3T32I6L,0
CW6GP50QK3,0
LJTDLVNLPC,0
ES8YFLSQ8G,0
JG3B65WQRO,0
JGV54WFY4Q,0
HMC51KO2QC,0
CJXT8PE7J1,0
U2ZUNGBQ4H,0
TPZKY6VCLW,0
RHXNO9QS9X,0
86148O8IPX,0
VY2NQ2V9C1,0
VN1W6V41V0,0
NFYETJK8YX,0
FUG3J7HKYE,0
2GQ39VLZOG,0
VY7Z126B67,0
LB8M8AZSZA,0
Q56LF38D83,0
51WP0YXX8I,0
H2R2WY0WS9,0
GERMUM7ELT,0
E4ZDP3ZR3F,0
F3HS2YXHGJ,0
SL45B9DQJ3,0
B7KUME6FD1,0
OERJQJF1A1,0
XXJ9BT0OGE,0
BJZCJ4FTYC,0
G4DBUWT47Z,0
6LWZHDQTA0,0
RDZ8SPQTW3,0
9WU21KSZ8H,0
JYMZFZX6KW,0
9M9I5GS041,0
4DIE60AG6D,0
I80AIGU843,0
NPHYYUE954,0
JBLI8KSFKC,0
0ZY9WG8TQY,0
FLT8MKMP59,1
0LK45HA1T8,0
MVBDSSMFQ5,0
M9TS3P1I3Y,0
Q3IMQ9JXGY,0
CM2JGIX7SJ,0
YMV0C4H63V,0
PUYQUVBC1D,0
2HCK4T13V9,0
PHL2N5IN4E,0
TCACA5G619,0
79DWSUNZWT,0
OW05SL85MK,0
EHGOQ0CI8V,0
IR0CRFBF9O,0
CDW7MLTR5I,0
LUY6YPK147,0
VBLZQNWXF5,0
KM2RMIAIBZ,0
NNRRN3JUF4,0
N9JU7DVGTJ,0
O9AK9G4JLF,0
X9YE4R98BZ,0
3GR9BCCZTR,0
2XHXCS0J34,0
X5X4O0IL4B,1
VCY2VFDEHQ,0
0JJXMHPWEC,0
RZIG1UAZ3X,0
5UIE4LQPZJ,0
9DNK938KJU,0
YASUFIGMNZ,0
9DAZJDFVM1,0
42SXFQBR3N,0
DNJWQS6LJ3,0
VZBRRY1DEQ,0
TNH8MRAJDL,0
7PB46NUOOE,0
FQXIW64RQR,0
MHITPF8ZRG,0
V12F5GNXIN,0
JG94AG0CAS,0
CCBVKAIO7W,0
5G7MI977AQ,0
DHFJO3NGLL,0
6BYKUQOBKY,1
QBN96A1C26,0
3X0I4ULZFL,0
BAXOKPO67B,0
KN20G1OU9Z,0
H5OK8C7EY0,0
WV3F86SSR3,0
E66HM9KY1H,0
RBRJ4WD15M,0
S0DWFS86L4,0
LRU48IMWY5,0
QHNMA2TWKB,1
VTRYTFP4SF,0
7YV6QL59YW,0
WTQCKW886C,0
7NN78Y39MH,1
CEQ2YJ0UBC,0
YN5265CJB8,0
H55PSUO32G,0
9K0XYYHU31,1
JS7OL7FHBR,0
KSFRPJYWDN,0
QFFCUIFZ9V,0
H98GN936RT,1
N2JH3VRFHD,1
CBU906SKIG,0
OS3J8A8DJR,0
94DP3C9O44,0
3NUFL1W5PK,0
7LA0VKJ3NB,0
FAGKGOBBL1,0
E38PVM88UP,0
JILBNGO5IV,0
7XAS1YURSH,0
O80BSVOXQK,0
PS0O2X1KXT,0
S7G10U08JD,1
8QCMO6ZVY9,0
HUBVEDN83W,0
7SALE9H5K1,0
B3N31ODOLY,0
70X5DR9QUH,0
FH1I7NO1Y9,1
E72IP08ZZ3,0
KDR3P9YZA2,0
TSQGWJCVDD,0
SEK3IIP0U2,0
66P6FWSMQO,0
NCTQASNAUA,0
YGXN66404U,0
1IDRN9STNG,0
RUO9TLMCPA,0
IYFHNXXWW3,0
KR8ZWZ8ON0,0
8887H2FFSX,0
IPPHBAWDAL,1
DJ2R26EH52,0
GD4IQOY41W,0
JSMS7R1MUJ,0
8E7B6FWF1T,0
0I0WQ1W3JA,0
CR4KTWRJSD,0
0V25NCKYKS,0
4NIZOTNW83,0
57YQIJWYW1,0
RKQI2FDF6R,0
I7PI5HP5ED,0
FUZ3WL0WTY,0
80R40JNEXQ,0
P086BN638S,0
09FJ3LN7DN,0
F7Z2A07N3Z,0
IQZCGT05AB,0
W2MXMZ9II7,0
U3194A626U,0
KE36892292,0
73747NBHH4,0
OSZXQ2K8F3,0
2Y6QZ0H6CG,1
4NVLGWTD5V,0
137F3TIU60,0
2IY43YK4RM,0
2RVPYYT9CL,0
3IJSNWZEDO,0
974G1CCY9R,0
33JMI1CX0O,0
V7TVGYABJ5,0
Z32KIVFGRD,0
GENXO4CCCA,1
9VI0B4YRG4,0
J6J6UIMF4Y,0
0N7WBY00FJ,0
KVVIU0M713,0
1T7CO6ENGS,1
B9MYD55EZ0,0
UF1BV6B535,0
3CEZ6I9GPN,0
WVUABKR7X4,0
9Q1NC9CVHM,0
AXPQ3TRA3R,0
GG209FLRQL,0
5473736ELL,0
YGH6MD6IQG,0
Y4QRSKTOTI,0
8GD1MNUMNJ,0
R7YL3DHL6Q,0
ZFXT4SAQUK,1
DBZ81J66CR,0
HVOF0YGINZ,0
W34XI2ZKSG,0
C6B1XQQFA5,0
J8X8R3NK9M,0
PG1D5T0XN1,0
D02JDHNH0C,0
1UHCJ6BE26,0
H1ESO7U1FT,0
FODQEV1N25,0
C27FA66O3L,0
F1UN2HX9O0,0
VYGV5PL3CU,0
NSV3ORGSNC,0
FH9KXUEWXL,0
XN20WMB5F7,0
JLLX0W87HM,0
N7MVXPOBT5,0
ZKZP10QLX2,0
A90GYAE6A2,0
ZB6PX8WM9H,0
3XVYOMLUPP,0
8O803OO0G8,0
AG2OETC9QC,0
SBLDOKIRDP,0
AIBYEFCF28,0
NUDSSACUAH,0
T97O6IGOSF,0
RU1AJRIBVW,0
41UBYUHP5W,0
FKUTL6E7FW,0
9QDYLU20N9,0
PL7WTYC3OU,0
OORLPVR427,1
X5DNLSLSW0,1
0WMUJAW05B,1
VQ3PHKUGXR,0
OCEL2FZ17O,1
06WRTCN13W,1
BWGXBFYAJY,0
LBGM3EEXQR,0
410Q7D2514,0
BZMG00DK1H,0
K8VF4RO5VJ,0
A6GES0MAZW,0
9AOSQLJF5Y,0
0WOC4N2VGP,0
GQDMBJQIX1,0
GSYNPH3HLY,0
E4UK82YUPO,0
3Q54LXGG5G,0
F8BYJ32YCL,0
G2JB9IZ099,0
1DDQHB36NR,0
7K6NVB4RO2,1
UZD38W3143,0
3Y6K6J934W,0
2SW9N38XYX,0
6TA4D1647Z,0
VDBEDPV3TH,0
1R9LQPM6UR,1
1PZJKTJFQW,0
YME06ERZ3J,0
XUOFAK4RDD,0
ZV6QDY5HF7,0
0ZO64TDY6P,0
ORI8D8JIWT,0
9WOZYHU33T,0
5D6D289K8E,0
38GJH4AEY3,0
2RGFGZ8ZP5,0
UEKOB8QF8I,0
MEY9DUMOZB,0
8ZBSFXZ6X9,1
C31JZKMQAD,0
6ON6AVHZK8,0
4ABHUKCQ9H,0
N99RX6VGH0,0
LJ6SL1P5OD,0
68ITXMUT3N,0
G3QBEAV00H,0
6SSJAFLUHS,0
OXRFVXIKG2,0
ED3FFVRC5N,1
SILMOJNIJ7,0
35P95AH2GN,1
VU8TTGCVR0,0
IZL61MG8C6,0
6V0T5DCYZV,0
DL2HLFZK12,0
G2Q1VIMVCB,0
LNJ57PQPV6,0
FGRTOF1E2I,0
8I77UDV0XS,0
CXBWY87VU1,0
LRZ8BI9K8Y,0
AORAUQS0LS,0
RPQT70DLXX,0
H04PTRGJWW,0
YCFBZTUV4P,0
F1TY70GTIA,0
ILYS3GP9ZM,0
CZX841ORKJ,0
294Y1PWW05,0
3Z8172T6XH,0
4M41FE3ZVA,0
L14P3OWPZ8,0
U4Y06AU3BY,0
3BY8HD6QU7,0
43WGP8T05T,0
FYHGC9VG0U,1
1SBZ8LPZHR,1
33Y34L98FK,0
Q2AKY1ULSA,0
84WAJFYNLJ,0
Q5VPL9U26Y,0
C59I0EJQ3W,0
ZAO7QVZBYT,0
FTCF322L72,0
9C7IGRFXKB,0
ZS7QYEZTPJ,0
M8CMOKPMSU,0
T5UJGTMT08,0
TKMXU10GXM,0
XDNNXDHLPO,0
2QIM8HKBD9,0
0XDG6EEKI1,0
Z3IXY6EXQL,0
VZTWA5VDHL,0
6DPE5KQOPZ,0
1VC8LRORCU,0
TFAMCJ8BKK,0
F51VCD87G8,0
PAKJA5V5Z9,0
K6QMTZ3ATG,0
535Y4FDZWQ,0
2LAPH51DGA,0
A04BUL1ZFH,0
9LA2E09B5L,0
0ZVHPY426K,0
QMESXEQKO3,0
7OVWWGWKPH,0
AAAIF9B1MA,0
PAQA1RVG4M,0
OX6CLMZ2JW,0
Z5MUYGT5M2,0
H7AVH6DW6W,0
H1BGOBAZTM,0
7AF9AOAKKL,0
RHN6XX5S07,0
3P90LT9ZGM,0
TNWB60G2AE,0
JVRYRLCN1U,0
859DTQY91N,0
PLE5CO9PDZ,0
A5L6CHXG2B,0
QXEVBFI5P6,0
V58XWVG3O7,1
DX1FBIR5C5,0
CRZ8AQ2736,0
K89E5WBLCB,0
FL9I373VI5,0
F4VL1NZQWP,0
O4BZ2QVN4H,0
PU9UE80T1S,0
8QJR18XR4H,0
QI6FGVW1XD,0
3TCACP0WG9,0
VWO7UXI3FR,0
L6MI0WBFMI,0
9FAZ19TBH2,0
Y2CIH01UYD,0
3WOQUS59K0,1
NGO8T8LN3H,0
6TLXIG2GCQ,0
WGOYLXCZTL,0
R2VJCUW0HO,0
HBZT22N0Z3,0
TIPOAUUVQD,0
0TT8F62F4E,0
9JW5DXPPP6,0
MYUCF8RH9F,0
C5F4D3PRSZ,0
JBZ0WGMO07,0
7P2VEPGRL6,0
CM0WUY7ENH,0
7RHQE130FP,0
8WV20CP2VS,0
VL9G5V9A7S,0
MAEG4P2YVH,0
PZDOW9KU5Q,0
BHDIJXZODY,0
HYYN5XEBIQ,0
WJVO9029O3,0
QAKLZFX56T,0
UO1D8OLYNF,0
BD0HIFHSZ8,0
TR3E5CB38R,0
9F8VJ92NO1,0
A7WKDOK2P9,0
LL97UU03CN,0
BTHMTV9DU5,0
XN1T8AI9LG,0
FW44W8VRNV,0
UUT3KTIA16,0
LJ30NDTCP3,0
ITKR49S0VT,0
ESGZXE2INI,0
721AQBF500,0
QMUN4A0VS5,0
3MURRPJVWI,0
EAQB2URP3U,0
J16BGIBTER,0
H9VDS3AS3Z,0
GINGEHJ7Z2,0
VG2U9MMBQE,0
XT3D0KL7UM,0
JCMUNI0W16,0
KWR0FSGJOV,0
ZFUN70UPQY,0
NQH0LFS99E,0
GBKRKZ6SF0,0
NU13Q62VTX,0
A7PABLXO11,0
3MPNSYBI0R,0
OSQPB89UEZ,0
LEZFZVT3S5,0
9K6L34CSZO,0
JD2L3S4URY,1
5TVIY35LIK,0
5VOC2MA3RQ,0
IE1W9CS663,0
2BUI7XNSMO,0
5XYG7DP7DS,0
XXG1G3VDVB,0
UBD24OGLSV,0
62DGBR3EWI,0
SB9KCFI0HU,0
QBAFONMOH2,0
ZUHW3IWVGM,0
HXGJECPIUR,0
UZQY0VDGXU,0
5KDRTWO6LK,1
E7TVGOGKP2,1
G0VHEBZAHT,0
RG8JU9PRCN,0
SXDICVKZAI,0
EMLSDYGIFT,0
D6RIKQRYHE,0
MTYEMJ57TO,0
6K1ECRAOSP,0
YQIHO9ZM4W,0
MT16HZ0HHK,0
P887VQTUFC,0
X2QQ7APPLD,0
K7OU4TSFK6,0
HSHV461D1Y,0
TBMLX3T97A,0
QMZCU5QCHU,0
25EJ0UM40M,0
MTAK14H3SX,0
B2X9KMN7TL,0
WKGKVHMSUV,0
DMRRD6ERTS,0
9K448ZWVT4,0
0Q9DVRLAOI,0
9TBHPAYN6G,0
E0FJ4FKNMB,0
QR82DP5PUR,0
6QJ44ZN001,0
4GOH7TUMKI,0
7V7OW8HBRT,0
QK40W8B4H2,0
UNK8UBR3H0,0
XMZVNNMHUK,0
G5I49A9DT5,0
AFL2A9S55J,0
4ECDMFPCHJ,0
13Q5HE1AUB,0
O07KIVXD7W,0
63SFLLU7I6,0
E98SK2SW1D,0
063SQMHB2H,1
OEA96HMMJN,0
VX2Q9HQDHO,0
VRKCX1K523,0
WJ3XSB2YUT,0
621N40HDFK,0
5FWT6Z7UYU,0
VS4BAWPLQ5,0
IBAOYD36OU,0
RC0JPGL6VN,0
QK1ASRTI1Y,0
HLZYYBI0DV,0
WDFRFRQELJ,0
IEY3PQXY68,0
A3JVFUIYVH,1
X1IPWP5Q50,0
5GU41EBZCE,0
928RVWMCEK,0
WW3X6ZYAJ3,0
DQ6O4FF3MM,0
PWXHXX81XG,0
GQJ8JZE2TY,0
0NTUJEKWLO,0
XBMNHLU52Z,0
EHCNUJOZ9T,0
HOW96HI1UM,0
RRE5Q4QNGS,0
8LGNUAI2JE,0
RDBIS6TQU1,0
5SNZAJW1L5,0
YJQZAWB7FB,0
XGFOSA9CFD,0
TU0EBAFH8Q,0
5UYU172NCO,0
A039S59QAG,0
6R1B3MROLG,0
WO6TIC16KT,0
MT89UXISNV,0
NP0YFJ2946,0
MP4TIJ5OPN,0
P1LWRXRWU4,0
ALF2YRVCZB,0
63LEJ5GYP2,1
61LX5BNFJ8,0
GWHV45OXIM,0
N9HTD3JAQM,0
QXSQ2AT0DH,0
L793PS8SG0,0
6RUIFYHU1V,0
VLVYN594E7,0
CBS6SLQJGD,0
U3ERXXYBID,0
EUKZFOQTJ1,0
9QOUGKA64Q,0
JNPNG2P8E8,0
H3BUC9WXKK,0
Z8EPYYXTL3,0
5ZI5K02PXF,0
Q7FKRFTFPV,0
RWP71KA6P7,0
35J4G296MQ,0
INDOR8K4HN,0
F54YURZZK4,0
CCT7LD6KCZ,0
TV6DR45WNG,0
54SZK7GPF7,0
8NH6S0784A,0
25ZFI5YNGS,0
SC4257RMI3,0
M34W4LOQKU,1
FB92CZET3E,0
8VXRF4VWIQ,0
OBLKV3ILBF,1
TGHH77WJ0D,0
O26YMN6KSR,0
PIFLXB4CTT,0
WWEUP1BK09,0
QSUW36MLGP,0
T3QH7ZL4GQ,0
Y0SH5H4DRB,0
5IGP06EHPB,0
59J38TK027,0
KC6ZXS4UNR,0
N9QG2H6KOE,0
IAJIXTC8UI,0
VI9GYT6V75,0
2V0HMDG29G,0
ERNGH25S33,0
UD9Q5NA3F3,0
3A53NBZXQV,0
HO8WMQ4LGS,0
L0ZR1CKCKV,0
P6Y6SLG6BW,0
TT3CDKJ566,0
7R8Z3T0W35,0
DMBY7NJ8WG,0
V9KY18NNLJ,0
WDYCLH6VHK,0
125EJM62Q5,0
IC3USE8X1Y,0
HI9ZJ25KCM,0
QXEZDSGH6N,0
96BNUYFGTX,0
DY60M75TQ3,0
9WN29BBU2B,0
DDQSRWUA3R,0
R7JUNKZRKF,1
KLEOF40TU6,0
HM1PY2YNQK,0
53Q0BQ9SW5,0
ZLHFW36VS1,0
DPXWQ0VR0S,0
2X6MUPTN7H,0
0YJ2M0ACXK,0
MXAK6X9H6O,0
8UW9L5XK2M,0
QHIXTO0Z54,0
D02JYRZ8G6,0
9KN7SIW46S,0
ULM8IFP6D7,0
E33Y18Q44M,0
TLCBZ1UXI3,0
KUD0LVD0TW,0
OYD02LYA02,0
FVRQDF8878,0
TZBAY1LS34,0
D5QKK28F34,0
B8BJZ5SV3B,0
2HBEBA3Q0S,0
5FYZTP8P8C,0
X1BZ90V9PJ,0
UAAGFIPDZI,0
FHBCH5PGNO,0
QDERJTHFVS,1
5UG7NLCAPG,0
J9VR9IQ3PS,0
DRV6IXGGM7,0
SWAQAOIK8H,0
Y4UJ4SSQ05,0
97GPVSZ4J6,0
G74B5X9Z68,0
6BRKCZJW0R,0
26BENSX9Q7,0
GZ9KHZ27CV,0
QHG5B3U8AL,0
X1DT71LGK1,0
U8N9119N5Y,0
4VW1J96V6D,0
FTJC354242,0
24JE1NLC5L,1
54YNH0KUMT,0
SCALBXJAI8,0
60RR7K0DEM,0
17NT7D63JN,0
XYZDKY96SH,0
6D8SL8I7I9,0
5FMYNK0U1P,0
64PT5HUJVI,0
YR1P2JSDC5,0
DYJ9IUYWXJ,0
KI7BW598M0,0
TZN3WSV6EA,0
ZI9HI24A22,0
SBDBEBPGMY,0
2ODICDQVBO,0
9B3E0SOWE3,0
N86NK7A1VS,0
KPHF4VIDLO,0
TWUAQESECS,0
JFB4WBC0BB,0
ZHYMHQKI1I,0
X4MDLHQANO,0
09RYHRXKVC,0
1Y1K1TRONJ,1
V1V6CJZTTQ,0
BMJ4QO4D9T,0
M1UJBLAPN0,0
RRDSUCGVHA,0
9TAIR1XP9I,0
V8MHR5EMP1,0
IMMZW14M4X,0
J3DLPV8U1X,0
W15GCYV9U4,0
94REYOZRLP,0
8FMXDLQMAQ,1
FDLW5V1WLY,0
UQPM6K9UFG,0
0HWM439W7W,0
I4L7PGPJOR,0
5Y4BTQPHSG,1
CNOUZFEI8T,0
G2W6D65N0F,0
T554N82LR4,0
7WYR1JMQSY,0
VLH58QQJ51,0
JRSSW46ICU,0
7ISKP47OFA,0
UWNJ6974ZN,1
ZI48J1DPF4,0
UNW7RR21WS,0
KW4UXZ0CUQ,0
ZI50NXH4VP,0
LDACVSRFJY,0
C110UHN7QC,0
1TDPMIXE28,0
VWGDEI8YTH,0
DESLI5ABTL,0
ZCA4FIAYUL,0
ZFTRSTOTZE,0
JK0O6A69NZ,0
Q4T8MAA4QB,1
51ASLD8356,0
RCD40BXX4N,0
9PN280X6G7,0
G8AD3UDYOQ,0
49XSKIWOD2,0
NKY228R7OP,0
5XMU10GS39,1
QD9YBAVFL1,0
D4SCRS1ZAG,0
QNWGYBM855,0
01H6X25NFK,0
YQKV2YZO7P,1
5W5R5V4DB1,1
VJRND1XW10,0
LLQ1BVCL9T,0
ODC6D05ZR1,0
NJ2S8BRRSQ,0
STBM77SRXY,0
D05NVEZ9AN,0
7OUWXIGPJQ,0
J2U9P91XOE,0
EGE5TD1DLK,0
V357JONADT,0
WIL2JF7JOG,0
DV0VDEZR8U,0
W81PY4JQ8Y,0
QOW4SDX9EL,0
C4GK0HHTNC,0
WTGJF80ZHG,0
RZMSGHCWEC,0
NNIJWAJH64,0
1MBJ522DV3,0
K02PO98YOA,0
D8KMD6119V,0
6S2YVMPHVN,0
CQNA6ZR6GW,0
M9OHE0S546,0
HPC72RVSI6,0
O18MLW1XTC,0
Z4H3PH1EZ6,0
PPJP0KC01R,0
C8POGE9ZMK,0
FSKPYVOTK4,1
2QTMXCPBKP,0
V4BXO05KWT,0
5CF13F9TGX,0
6GZKNZGSJJ,0
TWVK3NO1OG,0
2T7BAMPMYR,0
58OSLFEHO5,0
YJ7NMO9CY1,0
RNUBL3NLKH,1
GYCVGEC7AX,0
QMIZWIN62C,0
ABHYCCH8VF,1
25H06NNFN4,0
N1WOAFV3SW,0
KDLB4U3AS5,0
U6NJL2F5JX,0
XG9V31BMOJ,1
OHMIHB7FVC,1
NWE2IRNC1Q,0
BEN4VPW8Y2,0
Y632W9XR13,0
AARF0I7ZB2,0
5QIYEBBHTJ,0
5RYE5RO3BB,0
3F1T7M9X2U,0
ZVNHGEJB4W,0
BAKVTZ6ZDE,0
NZLHEPMLOX,0
RWNLRY3MNZ,0
38VEJYSBIV,1
7W4AFAO9IF,1
KZJ0A9CEY8,0
E2S8BZXFBI,0
KU6F5IYCDN,0
KMYBRION2A,0
SDDNNO76RA,0
GRT8WYMQKZ,0
3HS0CQYZF2,1
1SX92RHGUA,0
G2WUU9TYVQ,0
N101I8WU73,0
HTRZDDKIR3,0
QIGB1XTRME,0
ESPDC4UCD7,0
KYASA7YEBX,0
Q9WWQDBAP4,0
RI4GGOLC7B,0
4DBTSQ5EVM,0
K8LYBPPYL8,0
NZB03CZTTB,0
02O2547POT,0
QTBXIHDL9Z,0
3G48AQLDIK,0
7MVDGDCKEM,1
XPDP0WK9IB,0
01LTK1E79L,0
L5YY8YTQFY,0
WT2ANFULCT,0
SGDKMAVFX7,0
FUX0H8UJTD,0
LQMPW3YOYI,0
VVC95DW6HU,0
6UBG4PQRWS,0
S3DDOJ4A9O,0
3FT1ATX6S2,1
RZS4PNCL3J,0
KTES3AZUT4,0
A82ZOHCMXD,0
598HDE12K3,1
758XIINTBA,0
I6SCFTSEVM,0
TQ8N88CD5Y,0
JUTJOA8L5E,0
98GI5B2YXU,0
MYSDR8NHJR,0
8K1LTEKDQR,0
O4GD8D6B6B,0
GQ7GLHQCGD,0
AWI8WTJDNL,0
MFEOBDAU07,0
424CL0OYM6,0
H219HO6JH8,0
8KVVSP6ODG,0
FXK9C9K7PM,0
3ZEDWPMWR0,0
JD1WI3BDAC,0
LJZJO14CBH,0
K31IELO0TT,0
H17XQ8FDMF,0
UE6SJ8W086,0
IHFYS7W00Z,0
LPXM6AU3L0,0
SU10W4BLG9,0
FX3YQ2VM9S,0
ELOLNNFS1O,0
G60PVFKK4I,0
1WT0TPRX24,0
LBPI46H6NN,0
FYUOBPJEJZ,0
7BFQQHHVNS,0
LOFX9WM463,0
LF78PVRXAD,0
AX8BM9GWH9,0
8OQ0PH8A97,0
SM1EENISOI,0
MBOJZSKRMJ,0
NSR6F2PFXP,0
Y0FIPM6EWE,0
3VPEX0G6KY,0
I17P75R7QL,0
0T2QQVY5TE,0
OKWK2WG1B0,0
M0OWEWCPTI,0
CCGEBFJXFR,0
UGVK4G36IQ,0
PFNHYK9GDV,0
CJDSP4V2U5,0
WGSHRIQ1BF,0
6EBA5WL33J,0
JEWWXJLLTF,0
1MHXEHG6GU,0
8EQMHABQ8R,0
CPSZG7BC9M,0
HTYNHDOHIB,0
IPIA04MIX3,0
PBLZ5VS0JS,0
3L7C0T0NCN,0
TOM2L4BPZ1,0
4GF0XJUKZW,0
WJYJN26ALC,0
BJ1IW6NK8O,0
6LLJ7AOVNQ,0
9KVT47SEDE,0
MML5FP6VFU,0
OCBGGAGRTK,0
Z41XU7L88Q,0
UPRI5S1A3Q,1
VBA5SSE366,0
X0OAKYO8T5,0
3H841GPARW,0
8ULEXEMWTW,0
U0LP1S0TTP,0
LO7EBP6RWZ,0
JXPT3PEZGU,0
IIVQD68YW0,0
SWOIHRFZ5T,0
LQLPJCMZ2B,0
LO22TSBX74,0
2NS2J870P2,0
IDW9TJEBG6,0
GA1BZTVCYQ,0
ZUEO1P50F4,1
69XM4ZMN9P,0
XB5YDN8F47,0
QC53F635NM,0
HU7P8SOEKF,0
C5OJAU6T26,1
WZ6LR7VN21,0
PJLWASY9HA,0
MELJ3OCYMQ,0
G7D8SEK6S6,0
HJ48KJIT2F,0
XPCAEIO6O3,1
50WOVM2DE1,0
LVACLBV44S,0
G5ST6PZ95Z,0
BSWRM9HRS5,0
FA6XUF1JIT,0
CJOZ92BY8L,0
UXBAXJF5D4,0
YFZDQ3F15O,0
C49RD6M28E,0
O9FRFJPMK3,0
NWPPW3V5Q1,1
CEV7AQD466,0
GQN5H4TRQX,0
OFB3BKBUHF,0
DGAL0RL00L,0
IN76TS8D85,0
LDSIKHW6OT,0
PUR6BXDZUO,0
YNR3B7A1SQ,0
Z9VEA0E3VU,0
1V8W0VAOE6,1
GSWPS4LF9C,0
SIUT7WUD4S,0
V9M7LT75Z0,0
VNH6O768M1,0
Q31DO053S1,0
ZNIVSFWR62,0
GY8MDL7EZF,0
YN1M4381AI,0
0MXZTLX4OY,0
PWJO1YY24K,0
7T5HCB7AEQ,0
X1RJ8CSVW6,0
E08NAKWYXC,1
9OMONJ6GNU,0
4EC86U0G03,0
TYW1JG4XL6,0
O8FKJCNRFI,0
ID6WTBE6HD,0
X43N45R7NC,0
HF8ANXH7B9,1
015OQ9AANN,0
JCYJ8B1IKA,0
0PIT7R23ZH,0
B51JOYI6SS,0
EA0MIFGQB4,0
ABUZGYI4S5,0
E9BOITX4QT,0
XTAHA9RYGF,0
RPDQ8GJEP5,0
5FI2KIS79M,0
EFBFWJMZ8I,0
0H215JZ925,0
NZYMSJ2J5G,0
TXL2K64YSU,0
D1FBXQVEQX,0
UVXQWK3UPN,0
94YR4PYXF3,0
NYL92AQDKL,0
KGMAEYL3MZ,0
22HHT62GCO,0
0S38UYS5GW,0
BL2CNMGE05,0
P8IZSR9F03,0
D02WL3H1FK,0
PMFKDA3TIO,0
YKXF3ZG3ET,0
XSNDB6RJ8O,0
YISFGS9J38,1
GPKJTSHU7C,0
Y234S3LAVL,0
UIH8A28IQA,0
JAMBN8231X,0
DU59QQDB3M,0
YCLMN0KJ0U,0
W268JPBEAK,0
0VFRC88ZTM,0
J6OLGTGCCN,0
8206PHIBZM,0
5RMNZFFUXQ,0
55GHBFSU5G,0
H34VS4QX8O,0
TRTH3WT609,0
O939KRTRF3,0
TCUYN9YX9O,0
QN6EFLEKKA,1
6CBPAP0VUS,0
P7I1GK9QW7,0
JIS5PMISAK,0
WRYG02TVYA,0
XC2UQ7ZB56,0
SVKQ8Y2D2M,0
7UGF5RK1NJ,0
QA36LAW22O,0
NQ6QJ0MLR9,0
ECYITVBGFO,0
441LW1HR84,0
QD5GN3QWVI,0
FALZMNGYKR,0
4POEB6JCWJ,0
GE0UP3WC95,0
EOSSSPRRAH,0
8433C5BZS1,0
V7RS389LBY,0
8XS56TO7J1,0
2R9OW2QS02,0
AOLB1KM14M,0
N8UFOJ2FVD,0
HNRQL83CR5,0
DNC0HG3P7H,0
DLLH7WXKVU,0
41EX5MU8DP,1
SF3T2HZ003,0
QUV9UDR74J,0
THOO1V6YFI,0
PD7TDDKYM7,0
MKIRGGRNNL,0
IQXO7WEBGU,0
MOE0Y0UAM7,0
PQ8VAMLA1W,0
R192LAB89B,0
VQ6X05V7BB,0
CT55LSA8P8,0
USJMRMY7A4,0
D3HXB7VY4Z,0
XSP9H9IWG2,0
C9U9YU79TK,1
OQ9YYEAABL,0
088Q5SSZ92,0
Y6OP179R3O,0
8KVM4X70DA,0
TQZK3TI97N,0
FI6JT8QMQ8,0
SFMV3A5NRC,0
DJA68YJ5Y2,0
OY4S3ZWKN7,0
FAN8C8NLRM,0
F3DUHJGXAF,0
952HSSLJY0,0
WY662MS4Z5,0
TCJRL9L5MF,0
ENS4XUSZG4,0
44HEZ04PGO,0
F4W4BSCHIU,0
UTW89QJ453,1
DQ3ZYS0RV4,0
ZUEK1G5ACH,0
9X5D3IXJ6X,0
KP2YI6SLUP,0
ECP546LAQZ,0
X1TMCYK1O9,1
5GDTJC802I,0
M4RQNHDAI9,0
6KIYBLSPQ6,0
R1VLVICF2X,0
MQ2VPOZS58,0
BTAG2P36YR,0
N7X65E4HPS,0
RPABUQKU6G,0
2XASNLVK1B,0
YEKDRKTMWJ,0
UT6V1LG8MS,0
PJX0B92BKL,0
Q73HUZ5K7F,0
2SXMQGG8HW,0
6P0JDQ389T,1
3GOWEL08O9,0
G9QKBLQZCG,0
NVNOFO044C,0
O74HJVAIEH,0
7Y9CBTWF1U,0
8OFXOW52FT,0
SCCQT6ESQR,0
5BNBDHY0VL,1
54N5CNHZQ0,0
9ZUP4SHH1G,0
1R2D7BRTMG,0
PS5E6J501D,0
PPXL9WKPVL,1
S6VMCQPYY0,0
BZEPS45CLG,0
0CFOQQLDU8,0
J2T6FYVAD7,0
EKEA5IM07K,0
BD4Y26QC52,0
O8WDTY8ZKH,0
C2YPM7VB3L,0
A98JB04DUF,0
7WNUFOZE5S,0
DEIWY9K1K2,0
ZCXXA9TBLG,0
M4E8Y9SL5T,0
QU6QPNO03M,0
JGMYXB1AMQ,1
7GL87E72BH,0
QLV3ZD5T1G,0
TZRPD8BI1A,0
4Q7XOHC23S,0
NMWIHR52VM,0
7GZUM9GM90,0
K8IMT5VN5H,0
32XW4ZS6JF,1
WNQ3VYKHJI,0
2NAVIFHQV7,0
09LQDW84ED,0
HX76XRNDLS,0
Z2B21C8S7W,0
D1RNF32Y9O,0
7AGG3CZROV,0
TR0LSUJXV6,0
KJKF3FXDZ5,0
NNBP6EZE0V,0
ZDKC8PGNC9,0
N2KH87LJCY,0
EUIMQ33LKV,0
DZE064H5K3,0
4PHHA3SHMK,0
0IKAVKJNTR,0
6QU8MX776R,0
7UVZZ6Y333,0
T7314NTYY4,0
B4K1VNBBEB,0
LSS2WXSEPP,0
59F7S29D7E,0
I80H0J9ACK,0
SN4J5E68NX,1
J35NRZWCAP,0
K9ROLKMC0Z,0
SO8ML18NLJ,0
9F49ZI1BC4,0
2IXYJYWWS9,1
W3OQ76RC6G,1
T350CQ6EW5,0
XHAQ6COVV5,0
8Z655E863M,0
RZTND1QY4D,0
1ABRKKNY26,0
SRUF00W1LQ,0
3JYDG9DO9G,0
FUNIQV0LNS,0
F8E6QJ3W0G,0
2T5EP7VVFO,0
N04OMKL25A,0
UEEZ1TF5MW,0
QT5YRLH4LH,0
6LDLOA31NU,1
6KPAUKF6MJ,0
6XYUN2HXQ0,1
9E4H6QPD7Y,0
AN3KOHWCB2,1
OITGTTZVSG,0
FELUO3ZOEV,0
RLDBZV2DL9,0
RGHEI0ZRYQ,0
OPF50U6WTN,0
FAY6TOVPLP,0
FVXYYW6Z3C,1
BAWBFAUSPX,0
V3HW3WDC1J,0
8PXAQE1IRE,0
21KD8P7G31,0
7N5S45UGL9,0
IUIIOW3V8O,0
WTHCB59DZM,0
OBBWUF1LQP,0
GOC4OI55T8,0
1DO9ARP9J4,0
KCQ2MLXE22,0
QMIR959I9Q,0
2UEHTO13QO,0
QQCJE7FEGG,0
P39B3X9TOL,0
5ONOK947R6,0
KAY4FL7JDE,0
9BWBSWPATQ,0
0NF28TCA20,0
9NV3W540YK,0
L898BUEAHT,1
NDXRDMVRXD,0
3CY4F5XBVQ,0
F37TV0F30A,0
8HGEP67FGZ,0
EEE2KAC66E,0
Z9D2QCXOIV,0
GQ3I9CXOAW,0
K3CMARKAWG,0
YM3PUKMZ32,0
JCCHSAXEH1,0
DEMAW215V4,0
XG4OXUB4WK,0
7YJJE6366P,0
TXZ7FIGWZN,0
J4GGOSZROM,0
MCTPS2HFSI,0
JTPTGTLKWM,0
FS94AWHDFD,0
SWLUL1TS4B,1
UUD8JFRWN7,0
VHGNUGHKJT,0
YBLW2CC1GU,0
9819WJWDLK,0
PZJECWX2ZF,0
V0MHB3HLLC,0
SXWOYOIIH6,0
LQOLNKJQSY,0
RU69C4N9CV,1
G4MY4QO95O,1
G5RQU9UO2T,0
0O3C9CV13J,1
6FPEIPOWM9,0
LB24NAJB9E,0
JAIXEIDSNM,0
DNCDT06UXZ,0
87KBIKZMDB,0
XV520TA0S2,0
RWM2EKWCKG,0
945D46EOEN,0
ASTW3W8S3S,0
TO8KTYMB9B,0
93C2WFXKQD,0
F1XRLGVJWM,1
DI52T2GSOJ,0
S5I6D0KR4P,0
BYI2BW1PFJ,0
D7V0P07LXY,0
5WBUORIR14,0
FNZWNG3ZH9,0
N03465BIY4,0
3QO0UFOPIP,0
9MJAXXZS64,0
C6MN49K5F0,0
6G1YLAE3JS,0
ULMFKF4TOJ,0
0XX7P31OTI,0
09N2RMF853,0
5BEXMFWGRJ,0
M6ABS6XG2H,0
R7GHI6I029,0
DTFAJKE85W,0
EG99Y090YZ,0
17KYMOT294,0
D71YNFCTG5,1
CSZKWA1DV7,0
5IFFQGY5WU,0
WB2N9H7I9C,0
PMNF84CO3E,0
GTGG9202WS,0
1AL3NQF347,0
P62FLHJR16,0
RR9Z4FZLKU,1
D0EI5FW8QL,1
O7UTVQO186,0
JUVYNTBGOH,0
E5HWDUGEY4,0
C0QURULOA0,0
VF1D0E4U61,0
W2PCPXGC4O,0
26OXLV1DL0,0
R8PV48BMH0,0
2G780J2PKA,0
AHDYPQ6UT4,0
JJ46VNQQE9,0
04OYPNROQA,0
DDV5GWH7VX,0
HDDNJU9RZB,1
RKJXTOKZ38,0
UQYIZAMJQP,0
CSGJU33G3S,0
I43YYUDCJE,0
6XUKZVZ3SJ,0
FQQ73MS53V,0
DDJHYMN9RF,0
GLZ05X5ACZ,0
C5YAQK3WV4,0
5SRVVMHEQA,0
HRAKFTNWJ4,1
XZJ5GL3X5G,0
8YU3Y7FWA3,0
6IFWISHGKX,0
UE3017864U,0
5XHRZU1I6E,0
LYCEA3IMU3,1
HXY9ODJAB0,0
JW6WDWTVOT,0
8FBTHO1GWA,0
Q119UZF21M,0
M43KJ19BRJ,0
UF2IP1W6SY,0
OX75H8G3OT,0
ASXX5RHZHT,0
7T0HQAP5TO,0
9BRI0CMVJP,0
8RQELN448J,0
TJH0XBEZZS,0
5X309IZSWR,0
4OFN9S33MG,0
TOPYJF3K0P,0
R3FJUZJ11V,0
1HMH6XBZ3R,0
ZZUTF38KJT,0
FF5XAXQ5FO,0
RK1AFVIB00,0
2BP0A6FC47,0
SLP9NKVFMQ,0
9LNDMTGOWA,0
U3PSK55YED,0
YITUAN32TS,0
LT0RSA0P3O,0
VDB5TXA0Y6,0
J88RYOULHT,0
SNG6Q3POHF,0
7IUUSVPJFS,0
V4WMMGKXHK,1
S6U2O7548F,0
TNLTMI60DC,0
044D4D29KC,0
DD2OGGJALQ,0
JDVS13Y7J9,0
PSIJPDRRIJ,0
T5MNMIKYOT,0
9FRZRO0HUM,0
LZZ19CIW90,0
TSDERV7ZN4,0
LMGU2FSB6K,0
GT3GYS03T1,0
IHUIEXKPOJ,0
QYEH98VMX0,0
VQK3P4V4OQ,0
PO6IKTSQ0P,0
IJQV85CT45,0
U61MCRTLS7,0
B36Z56TRLO,0
KF0BQZNQL0,0
2WVBW0TL0H,0
JRQJOH0WYS,0
G6XLBC8F9M,0
JNU9JU0116,0
HM5GC2MWKW,0
86FRPNK77I,0
6RJI14GERD,0
Z21LR7KIOG,0
7R7UKFGUPX,0
YCESUREI7Y,1
X97W3477E0,0
6SKRQMD6RO,0
8K4DKVMUMR,0
1DPMMTFO4L,0
ERJ1PFUGQK,0
PKTLBIHDOZ,0
ARI884L1HY,0
549PTX31KT,0
U9NF6RAV4L,0
XMOS6F89EA,0
D1WL457XI5,0
KFABFBMON5,0
33LHZH8LEP,0
6E92TJJXT5,1
09UZ1PWUJA,0
HFS1DFGBJS,0
LF9GN5UQJE,0
HT2NIOAP4A,0
AREAKCNN54,0
EHRISU62IK,0
26QO1JNQZ6,0
6PFBISN9RD,0
Z6FWHSDYA5,0
8NEVHV8GYX,0
91NKWTVZ9X,0
6WXE1AVI7P,0
ECMXU26DPU,0
SF9BEUOD00,1
H1USWPNDKX,0
D85PKMWOZT,0
O887VKCVZ9,0
I22Q7O94US,1
QJI8XBFND2,0
3JD0ANYSST,0
QFNY5IGQ8U,0
QPXXE850CJ,0
LQJQAO4WIJ,0
5YFJGPSK35,0
6MUZ2GNA8M,0
MMT1VR35O0,0
EVXIU3FLMY,0
4S5H9LK97G,0
2KDJPZIT1M,0
NV8Y5OS44U,0
HFEE4MN8IF,0
3ESKIAAKR8,0
I8T8I3K1C8,0
IEWYWVIUS2,0
E5GPC2XVR8,0
OFGS0WBRI9,0
JJK4ZAID6S,0
YYYRM9PJV5,0
07C8B8SYTG,0
UUDH51PVP0,0
UD9ICMCRQU,0
ME7T6RZWFZ,0
XROHS63YYN,0
Y0I5VD2Y7B,0
55QGY4LY6V,0
VTDZ3C6EXT,0
LBMMW0KS4Y,0
E5WYRIRP28,0
UUQ3MG4L98,0
ZO2X5K9F4C,0
MCZXT344W7,0
WJWDQ9IRWU,0
5Q9JCKR0T9,1
CSRZCNLNAU,0
FWK6KHAO9Z,0
6U6ABL79FX,0
12R4ZRYVPZ,0
Z8I0QX6C1P,0
XPF4C55ZTZ,0
9CHKGK3BKJ,0
8GE2PPWV91,0
WK8TY8GKPG,1
JFKOCXW1B2,0
CV5C60JW76,0
AVTJYT1H7J,0
XQHGFMBQDE,0
ESHUCJQ2R4,0
R8PUBMK5XV,0
5VG1M3KZB3,0
O0DMZ8M0ZY,0
JO6ERDCOSO,0
DZJMAIYWEO,0
2HW3FJP72A,0
W0YS9KUFY7,0
TKAZY934A9,0
HFD8KDDLNO,0
GSA5M3HEQT,0
BJA0MII6GN,0
J076CYH3WU,0
NFBT27PWYI,0
JX6EE3NEQD,0
BQHO32BJFQ,0
5YVL9AQU1R,0
W9RDBOD69O,0
H972PEI1AG,0
EGRCHSNSST,0
HL9SY75NQI,0
SUNL44CMHU,0
DEAFCZ061V,0
BGMJUFFISO,0
DVM3GTZVWE,0
ZOWOHBPMN7,0
AWMT3WF8G8,0
MRYEA7EP0K,0
MRDL4706RS,0
34MCZZVZKR,0
FL3FGKDIE0,0
K4D0D46497,0
DA7F36U79C,0
48SG1C2D44,0
6AKHLK4BO3,0
PDXL353N06,0
LAQPTU9Q2P,0
3N6541DTUU,0
GKD5WOF83F,0
GW8EIHJADR,0
VXYZGV0VWQ,0
1UAYQEQKI6,0
Z989EPJWPP,0
VS1THBUH7Z,0
UFHSS72MLL,0
7Z78ASSLZA,0
I9HCZ253BN,0
C3B8FCZW4Q,0
JND8F233Y2,0
WSK4FVSX0C,0
7WUQ1Z9QGQ,0
8TBYZ47EWP,0
BFT6Y7SM6Y,0
JC390N1BZB,0
80CSIYCXI1,0
JMZQ8OIWXA,0
KED8BNFX1O,0
CRZJU6O80V,0
IF1ZNNPZ0Q,1
PXC2E5PBDZ,0
1GQDXU3ZKH,0
63ZKKZ3JSU,0
4E8MG67KLX,0
WB32F1VOOM,0
ZHZH2BX5TK,0
QPHL6FA4J8,0
EM5SWJT8T2,0
JEYNJ80ILC,1
TR1NGQ6NOF,0
N6Q4LC2818,0
2DQ6EV6CP0,0
643W7VLJNM,0
GKUO908L45,1
2JUNHDAIKI,0
K2ZLWTTSVG,0
PHRELIKOVS,0
KHBAM6P4TR,0
NO416SYB0S,0
I972VL28O3,0
4AUMFESHM7,0
79LY6AJYDE,0
WPSK0B17MR,0
BTS2YVPKD7,0
JIO8ELPW21,0
Q166ZNHIT9,0
0BNUIAEEF4,0
NL4SVNTBTA,0
J25H24KO47,0
4GMWIWGON9,0
1KI4FZGXJI,0
K3600HN1OP,0
XPCLOITXQH,0
6J6GG41BTL,0
PERAQKF085,0
0VPM9GHXNM,0
YXL21WHOBX,0
PTQBBWF929,0
OPKR0OQI94,1
NN8IVBVU6G,0
T5HJXBDDXX,0
0V4D31CORL,0
6FKE34ZVON,0
0SSA2XRM9F,0
2FE7SOWNO0,0
B516EJB2UY,0
JGR9XL781J,0
TO57DI9OLJ,0
VGLL672IM1,0
K7864EJ4MA,1
K1Z9I4QHXC,0
558U4A3G9K,0
LCNL6EF327,0
0L1BDI7T5U,0
RJHGBC8FTG,0
BB6NSDEZSD,0
DV8HDC41BA,0
WMFHT3CRRV,1
SWEO9RN44J,0
IZABWW6SBY,0
ZAYFRR9X9Q,0
H9Q1QJUS79,0
VC3E25E4B6,0
E2AFNJSWQO,0
47IFC5R7OL,0
GPRO8C7X8C,0
9FE8WHQFAP,0
VE9LZCHHUB,0
0R5JW3U6EI,0
DSAZR4H79I,0
LZDPBVWE8I,1
Z3HGKM6WA1,0
1FJJF0KO2T,0
19SW71S8I4,0
YSFFFE703V,0
MXM29A3ZR2,0
TLJMADENLB,0
QQZ77J19KC,0
125TOEUTIR,0
40U6O41X8D,0
95D48GWBUI,0
VDZ09AP501,0
GX7T61UUAA,0
2US4YPHO3D,0
PMNMTOYG91,0
Y3T6DGJNLQ,0
KJK84C4IXN,0
85YNF797VL,0
939VNHLFZS,0
776GXHEALD,0
6IHB0ZNOH1,0
IZZDGHIMG9,0
XJDEFHWQTZ,0
IHRFB6B1IJ,0
W4JDAJHK9C,0
YTX6AQUJH5,0
8VH4S89USH,0
KO8TPS37XZ,0
B4BYJ8VTXH,0
6YR9M9B0JD,0
Q7T1SEU48N,0
SM8IT7ZDAZ,0
9VQXDMN23X,1
TBBK3G20PZ,0
4KF1NMPYUT,0
CBAQ0829PP,0
V2L5WKAIR2,0
MLZ1TQK6NG,0
QWD63JPV6G,0
ZCBO4599XN,0
0SQY9FOAJS,1
I0O9ASX3OJ,0
MM9B68LJAG,0
NPGGCQN9KT,0
7OOPU0UD7H,0
SZKT0RQ3W8,0
9PZUD3BV15,0
3T860XDINS,0
F9723UL776,0
4NXLPV5YBR,0
8SCKGBPBLU,0
Q3D8FWGK2E,0
4BPDB8COBO,0
JAUPOXZNHQ,0
2Y76QE0WXL,0
TXTIL0VVKR,0
RV879G7RP6,0
L061M1ALRN,0
0SMPIGHI13,0
6JXBFLFZAT,0
ITHCM87XN0,0
QF0RB4T1WD,0
T3R3KASCZ0,0
QEAK6WOMA7,0
MGRP6EINJT,0
2YHM54XXV3,0
J990QLT15X,0
DC39KFMM55,0
EEWG25AQEX,0
Z2C1EBGGUP,0
TMKTCKMV03,0
8LXUL70O42,0
3BX9A97ZNK,0
77PBS8G03U,0
2YFFFB7X09,0
GTBBQF66O7,1
2A8CUP0MN2,0
5L99OL6R90,0
IPH1WNRMHM,0
R9S5W6DLUN,0
6Q8507HYU2,0
V9B1X2UE3B,0
X1S31WU9WB,0
YQRP718LIV,0
8RSRSLDDH0,0
OWLIUEFU4I,0
3XEJ3NZ93W,0
GBVPZHI4XA,0
6UYOXW9JBO,0
1GQC8ZBK00,0
JRNGRDK04O,0
LV0AHR8XTU,0
XDR3ZBBGYS,0
VSDHF2B38V,0
B5Y445W7S8,0
WZ0R23HW8U,0
FEJHGQY85Y,0
8KDNQRZQFE,0
AVNZE3PJ4I,0
ISVOGFIKLV,0
ZQEOEC74WZ,0
RIS5XZ4PPK,0
XFUCH7W6H7,0
0X2OJ66KFC,0
6AGFKS6PWL,0
N9LV9124HE,0
LFAJQ05MP8,0
5X8TF4K842,1
1JVC0OXVED,0
JJJPSJ72QA,0
TIVCFVGD1A,0
YUPWBI4CCC,0
49I4G86DLB,0
IQDYR3BCUN,0
ANXO3XS225,0
3BDD1KO9EK,0
3JR04EIW93,0
OYXE2O2N49,1
0GC1BXDQO8,0
0MF9CCE4T5,0
U2MVQYRSUO,0
Y152MRBJ90,0
NFB1LXEPEV,0
8DUUA4CJ1E,0
XMH9D6TIRW,0
9862GC5SDU,0
YBO7TCB6MH,0
5XWLY5VI1M,0
NUMJ190T0P,0
PCDE28X5EB,0
J0FCXHP07B,0
B7XRCSQF8J,0
G47KZ7151S,0
REJ3UURRV4,0
7DNW7AY2Y5,0
NTW4P5DDAR,0
5IROW1YF99,0
YDO5BP54DJ,0
CE1N67EYV8,0
BCZQXICQV0,0
I7HO9U1DV0,0
WEN9PP1B8N,0
M0CTOK0NVF,0
C6H4EXG6MF,0
N3T7CB4DZY,0
4TSXCG9DDO,0
18ACHTEILX,0
L45PGA8ZJ6,0
9AMPU97KSX,0
3WX4C6R3YZ,0
5GMWUAVO40,0
X4T99JMXJG,0
JIT4QG9G22,0
0CCLZKDF1X,0
9EGJWDAWDM,0
Y7R1T33LWF,0
PXKQ8D6MGE,0
BA4X1PWMT2,0
TWZ9MZG8A0,0
V7Y3QR9YF2,0
P89LPX8F1D,0
IWCREA2B5E,0
18QNAZGJ0I,0
N2LNWOY0OJ,0
YVA54MBE1U,0
LCS3RBA3UC,0
DDZ7XHSZRY,0
16F1JHWAXK,0
Y4PR1CXILI,0
X2IRLE3NZP,0
S9R6766USY,1
KPF5Q1X2SI,0
91CXTV2IED,0
4FGQ4H1G4J,0
V1N1EDHJWQ,0
TFOXL3M12M,0
GZLACKNXNC,0
VQRDTYHW0G,0
F8NLNCTNJ0,0
ACKQIJUP8L,0
TGEXYH1T0M,0
ESDO49M256,0
IYNQ89Q6C6,0
0LZD42FY9R,0
M5GKKJUGX3,0
V3MGGL0UJ4,0
C8M1SKGSL1,0
409LN6OV6X,0
QTIOZAZVD8,0
WVKAPUKF12,0
HD208QMUWW,0
HHO8NI0BJP,0
PMYJ320TMA,0
3J6GBLPJ78,0
ES9FLC66MS,0
P0ZWEWTLQK,0
ZKKNG4IN7I,0
0F7G52K43F,1
APMVQN184O,0
16OMACUNCB,0
9IAI7S8KVP,0
TR8WZ2DPH3,0
P92WOOXRXA,0
TNNT9GFP1W,0
R2QUJQTNST,0
W9RH7S2TM8,0
WWP4E54348,0
8TTCI0FYP4,1
NO46OOQIUQ,0
C66URWD1AW,0
ZHWIFIHS9A,0
5RRF8V5YOS,0
H4FADW189J,0
X7YZOVL8GQ,0
I859KYS1JR,0
LS9GH5ME0D,0
GPWWRLFXTL,0
FE1QN46AV3,0
J1C9H47KZ9,0
MHYXLLGBWN,1
VL2AFUVFNJ,0
INMBDVKG4O,0
RMVVKP5PF3,0
SCQYUFZ6QP,0
3VIWR42QNH,0
VNOL5GMFEN,0
7PO8LIXC7U,0
DFVP3EZJ0R,0
8ZTYSWK03J,0
3R5KTTDOO7,0
MMO8MUUI2I,0
CTTZZEPJ6Y,1
FVU0H4SWG0,0
GS47Z4TBJH,0
CIQ34BJRRG,0
K1EI15EL8F,0
7UKGOJ264O,0
WSVCCC5J34,0
0QI7NB12ZK,0
HRU9ZZXV8X,0
6UYPUE80AS,0
I6W7FK4FCG,0
NXHTIKPQJV,0
8JVXPMFDDN,0
HBNJZ31K5L,0
RSDSE2XPZ7,0
S0DCKKO885,0
EMCPNVQ73W,0
UXF27STSY7,0
PJX763PNVS,0
55IFWA9NOT,0
ILN47IK31W,0
9K1QC66JZ8,0
S6AOHR2HKF,0
BHCAYUG3CJ,0
YJG4VYAQPV,0
9QJXAYT9IS,0
E4L9BPBY9H,0
E8T1PGIMHT,0
YHC1LAZSMT,0
VH3U0KHSUK,0
58FV56V3KD,0
SWNQPWCF0H,0
4DHWRQ4OPW,0
3BW6QFDN20,0
IRIKIQTY2B,1
RMDVQEB59R,0
YW3ZQONR0M,0
HU6PPWSC8I,0
3LQR42OCF5,1
WZXAVY6TSI,0
R1G9CN174B,0
TE7HKZGAOB,0
044QNIK33A,0
QYZF2E066P,0
OPJUTINUTE,0
XB7WYCAPV4,0
XOURP5XE7U,0
4AFOXT88VN,0
6Q7U9HU15H,0
FP9RC4G432,0
NTCTWMMJV3,0
ZVAX5LBI52,0
O3TWE7G9VC,0
LECY13HWN2,0
XGFUR5FNX7,0
HMD2JZ01RF,0
NFF298JBML,0
RQNPUEAH37,0
XC4MY10I19,0
8NTUXJ3EP2,0
9JJMOIOLH7,0
8GJJMKCCUY,0
0PVG7JA6AO,0
KCJYA98LT1,1
O8SHP5U8SE,1
5KTKXJFKCW,0
ON21P7TAAM,0
5O885EPOMF,0
RLK5R7GIW4,0
1A13D6LDKM,0
AEU7NHGPDK,0
AEYUB5CC2X,0
DJ7M5S3BZU,0
X58MO1QFRK,0
PWJNZSKA0O,0
IKFB4T1V0E,0
BTRENRW48K,0
KXW0VHHO5I,0
49ONNXV05S,0
DS2RDL7TLO,0
NX5QC540DW,0
OWOMS4MLZL,0
UBHB9IE4FJ,0
PCXVNL8CK7,0
PF6P7QCCAJ,0
PJNWHR5UGZ,0
OBAU8OTGF7,0
KWP2N92XLO,0
6YER86VQCP,0
8GYTGUGT2G,0
JYI1W1YMZC,0
ZDIRROQ97Q,0
Q57KTQNDWB,0
EWAGLR5G5P,0
HBKZ5I639K,0
XQZ5PAATEB,0
D7BA59VAHC,0
HML1D51EMU,0
9G1Z1UFANA,0
DX6C1XNHNY,0
CGOTMWC4HB,0
0NPKB7AWSL,0
K7K4EYU5XE,0
GMT1SPIKTS,0
75MI86K1OY,0
5QQMWYVS29,0
PTOCM58GYW,0
T61ESS2FIV,0
RDTN6SWAWS,0
W22U6YFE46,0
Z5NY7IF8AI,0
QXRAOYW6S2,0
GVD48RKM0K,0
OA4ODFU8PX,0
GR7Q1FSIV3,0
2TR11H8GZ8,0
29QWJ3VO05,1
WMRMADVC6Q,1
J4N1KDTLIL,0
D8DJ660WDG,0
WG28NKX5YL,0
L4KZW9WTE9,0
Q1FRJXOHUH,0
48J99YZ50Y,0
9XGXQMMUAI,0
YAFAV0YO1V,0
B7QT6WB3YB,0
2CVRGYCAE4,0
3ES1IBFG9Z,0
YLV4MQJFKE,0
KIL86ZMUSL,0
BDOEKD37G0,0
M1GK3URETK,0
34AKEQZ0NS,0
6ZCHZT3A62,0
87IWFQ3YCS,0
ZWL0YECY3H,0
V4N2PEQAYH,0
ZFJL2TF7GW,1
1SVBBB00ZW,1
NCDQRWVT9U,0
Y4V9WFPD5M,0
JXF2HBZVC9,0
ROP498WXQ0,0
460BT3JADA,0
8HP0MOBOAC,1
R8SKRV0W2V,0
JOA0T5GT0Y,0
IXGSMX36YI,0
KWKWE94OBR,0
4ITETWJWV5,0
4KID1U9DTE,0
WEM3GY2GJG,0
4BT6LSEB5Y,0
Y5JFLBCVFI,0
O85AJ4JZWE,0
Q2JR06F316,0
YZ07F2UA39,0
FJL2CYL4PU,0
8HZRR735B1,0
8J6DKWCIIT,0
988UUVVB6O,0
JBASQYYES2,0
P9DI1YVE62,0
0FA6WV7DI6,0
KZI5TT6ZHP,0
XLRIQYPSUC,0
HFNKQL8GH0,0
YXLUJXZGWV,0
04PVCQAT3C,0
R4YXFTOTDW,0
LB1CKAEIDI,0
C6K2R3ARKB,0
X4GRV5TMOI,0
NPF6VEW2QK,1
UWUJBDT94Q,0
TWAN930MN4,0
WTTZPKYQA9,0
LTA7M72M3P,0
79BNSGBKXP,0
DGOI2Z4TJR,0
KMO9S954KL,0
QR1X40ZRLA,0
VKZP3FIP3J,0
68IPGRQEC0,0
I1A1QR6CGU,0
BIJKWXI5HT,0
WCDWYTEEM3,0
89U4QEK5UR,0
QSTTDPK05E,0
K7697QN7J8,0
VMPHIZF84K,0
ON36011AQI,0
W60IIEIRKU,0
KCX5SLTUAI,0
PLU99CT65G,0
GJZ3REJ8GQ,0
CUF54Q2HWI,0
6QMOKF1YVM,0
JYOOKT7YIB,0
EFFYV03YNK,0
3FKW98LI7F,0
0FFXU4HCDJ,0
25031UDL95,0
P2GPGUV1IJ,1
UPB3OXAJV6,0
DRHC8DHV9K,0
WVD1VV9JEK,0
9BZZBSWWDE,0
ZVF3WM91BE,0
SLI0Z92RHN,0
94AKRQMR8E,0
X6TBYOKJG9,0
BI6JO8T17Y,1
B1R9P00AJV,0
DS14ULUR4I,0
M5CMIS0PMK,0
TQZ5ABAEOZ,1
KJKEDJENS0,0
MIA9E3WCXS,0
7KA41SUM2M,0
7J0UX82JTY,0
I9PW7P2JDT,0
13OX3G69KX,0
G1MD5RR3JK,0
6RL8E5LPZK,0
FHH6RQ4VO7,0
H717ATMH26,0
9Y0STFX4G6,0
G3U03COWIE,0
UPIIMRMJXC,0
3EQCBLEVT3,0
XBXL471Q7H,0
5WY1QZS1AR,0
2Y8UC0TLLL,0
UN5LEN3OVC,0
CZWB84TJSM,0
2F526KUNBA,0
14UNMGEL0Z,0
364KVQGZ0V,0
V922TWN7B8,0
9WZ20WOP4J,0
UEEQ8Y1IH0,0
0OTH07MTH0,0
TYQHLBL7XG,0
TZPGCXE6VP,0
PFOES5H5WB,0
3F5CH26T3K,0
MZTCUEV13I,0
DGIFFYF59S,0
Q1JJVRIA6F,0
TO2F45JRRI,0
GCZN7FYB2O,0
QRMP6WKJ2E,0
L80LL452OM,0
SN2PBJVOMI,0
LIQJ6TOV1F,0
8R2NXL469I,0
SVLX39783N,0
SCQYJM3AN3,0
92S6U0MD3K,0
5AOF0XJ15T,0
0LHG1BHSMD,0
NA5GKZZWFF,0
AMSZGREROB,0
P5C84ZWIMZ,0
95OFBVBTXH,0
W7AGUZ9BF1,0
SOFKCO79L0,0
GELAKWLPIW,0
7JXJ7VS0NX,0
XAJGH2KDEE,0
D940U8S182,0
RT4QXJ7K5V,0
XODDXSVE4X,0
F6STPXL8IU,0
JWK2D6P8EH,0
O18HK49ENE,0
LDNTKIUIDE,0
A6TJOND3AL,0
HYVYR51IOY,0
T27EPVJFI7,0
9AKMUNDD5Z,0
XLCHTAUS8R,0
RC8A12NWF3,1
XJ69ZE1F8U,0
BPM8XF3SYJ,0
TLEHDRNI1E,0
SV9WKUS5S4,0
XYIY8G9EK4,0
FQXB1ZKP4R,1
2YK6PUV7N3,0
3HHOJL8MWH,0
26UTH6Y627,0
6F574M39EY,0
4VJWA48C0W,0
IRW2APKPPV,0
EWJ9D3Y4H1,0
B0EF9J5LJX,0
ND1LC6WMKR,0
L3SCC84BMB,0
LC7R4HI9O5,0
SGO3DB6N6E,0
UGU7AQE2KV,0
1BJ02ZNI25,0
WJ5FIGR1HS,0
EQEGQTFBJZ,0
AT8TXMUKMC,0
K6RTOZ4RQI,1
XVO3XOLJV3,0
QAGNWJI64O,0
GC0VQ695O8,0
Y9SBDS5418,0
8LLQA8V8VI,0
5ZVOEHRQTC,1
61YKJMK525,0
H6LA7NKUAJ,0
7AUAIGYK66,0
ESJRYK682P,0
RCEKA62CGH,0
BNM48UHZVK,0
CH31F65HON,0
P5CZ7HSXWA,0
HKKLYGG1MR,0
OJ1PXFBQLY,0
KBESFZNZPV,0
XO41BV136I,0
LIS74E9P32,1
P5L6B7QS4C,0
GA4PWDYCP2,0
EH9ASQ8UJ2,0
S2CHWH1GC1,0
HQQEWOTBAW,0
18X76F4Y1F,0
XZ82U9C1AN,0
10SJH2DY6H,0
D4U21NYZ59,0
KQA8MQD73U,0
2Q6MECZ067,0
5RFY74EYXJ,0
HCNMHEVZVB,0
5E89BRDBPI,0
ZU7TKH8VCR,0
A6GQDNY4KB,0
Z66W7HGR5Y,0
XUXK1WEODV,0
NODF5KJG3A,0
KI95BOV241,0
ZX9N9WMKTA,0
70T3I6L3PF,0
BP8J0FRHWQ,0
BDLKH5CBBW,0
ZW60KQHUFL,0
52JL3CZH4A,0
B4MM0KNGK9,0
XGXC2ELPWS,0
TQLE4MH6WW,0
FZEYR5WV6T,0
5FN16JNY3V,0
3P4CY35EON,0
9KO9EKWVZM,0
QC1XE1VLBI,0
9TKQARN2NV,0
Q5I7BIP734,0
6RRIIGQYCL,0
ABYYDSF393,0
8Z8ODZXX31,0
A5KFQ99AZK,1
YXQYX04F7K,0
FQUEOAXOR2,0
F7DPYUMAM3,0
EF3LE0LM3X,0
P1U9JJ4HZ9,0
WM5I3OR63P,0
ALIDQWNB5A,0
FELMGQ3VD1,1
0SCLXGH30K,0
SQSUVRWZUB,0
LGSOLCLPYA,0
8GWI4RTX4B,0
VDG0DBKN02,0
GU95ZM8BG5,0
QTDS9FH658,0
J9KHIX2OHR,0
BSSQXMFLQ8,0
83EK209T52,0
LQ5267OLY9,0
73682NHTH5,0
4LH9HDLZ8X,0
GPKFOPL0FQ,0
DVNL90W1ZK,0
2DRZ58QARU,0
S4YMD4OZS1,0
GFX953N37B,0
DY4ZTGIVZV,0
VBTRZ3Z0U1,0
H6TSO8PZ7H,0
COTJ15JT1J,0
A2D7DA3NZT,0
O3QYEAVNK7,0
OTT7063XR9,0
JPG3655UST,0
L6YSG38JH1,0
CTNY1PWC9Q,0
CUKCMNU8Y9,0
JZQ75DTIZ6,0
Y52BWCQLPS,0
TKRI4OBHHE,1
L7O8D7B6MD,1
33GV8SUGKN,0
D46OD4IU9M,0
EKR4JFYX2Q,0
8DMNSH0JZ8,0
A5WQSL0V2C,0
98O48A5Z2X,0
4JGPF8LFNU,0
D05WPGUZMO,0
OHQ80WA74T,0
8KCW2I2KY3,0
YA984ZR761,0
69DQ4H1RC5,0
8SIMK4N3DL,0
FK4DW2A94Y,0
PHLFDR71Y0,0
067TG4KB28,0
MW3NJSIHFO,0
PXQMBIT19Y,0
79HGDWMJ5P,0
AHWOPDGHP6,0
G7RV91MSS0,0
QXET0F07QL,0
1A2SGP2KY6,0
9GHU75R3KK,0
RXY20NSSRP,0
TBBV74C5L4,0
8F15AHTNN7,1
FWB2J5K6CP,0
SQDQK8U4YJ,0
FAM4HEM0OH,0
N98YK5ES4O,0
PUNDJD7EJN,0
X3JE82GFSV,0
CJUCGSYP7T,0
P2BUPJMKD7,0
GYQFS8I5L7,0
VJGG3JJEAD,0
LQM3VMEXRA,0
NQ8P0LF8HR,0
6VQ49OCBPB,0
76955KBQXH,0
2DQDHICVD8,0
K23KP1EL43,0
HFW04NG5QQ,0
60ZSC08D4W,0
VEBNGI51ZL,0
Q3I2JMUB24,0
UAPMO2TJBA,0
ZWLNQYVY1W,0
I8PZUVNZDI,0
6NVHZW9XWA,0
7P543JNUXK,0
7MCPWSEJP1,0
6JJPPEQXRO,1
05U5RJZP2H,0
SDZSMGTG9H,0
AVJ62PR74V,0
K9YUWS0F7D,0
DXFGDUGTYO,0
43UH0M3D2D,0
K09452E7VR,0
SX50TFB8R3,1
NQXIMO5GSD,0
3EOARM2MYP,0
EW2771KE0V,0
E5JCTQJWCU,0
55K9B4NG08,0
8W3AKLT98L,0
NVOF7701MV,0
A49G17FAUO,0
D7EMSL13YD,0
TUBCFMRSR0,0
DYYQRGI8WP,0
O0P06EYEZZ,0
PAF08JHNHO,1
X97XM1FWHO,0
LHGFXAND9O,0
KVZXJOPKFP,0
N3GO6RK63U,1
F8B5CX3GYV,0
BYFZTV8XX7,0
TKJY0EE3CU,0
P2JPX0KK95,0
L71DM6JG1K,0
WPX37M56EI,0
QJJXNF88D6,0
C2YM56FJO4,0
XSFD56LXMX,1
S2I3B7AN17,0
XWFM2Q4BKI,0
89QFERCXPV,0
AOTJP0RA67,1
TMYMMB7SJM,0
48CEHZ34AD,0
LZAHKFS9I8,0
FIXXG7BC12,1
XV128Y14HV,0
7O4US29OC4,0
A6DIRIR26N,0
QUNHM27F30,0
1K6OPILH4F,1
838G1OYFMS,0
KRL6VCXMBA,0
8T02C5IYWT,0
SF1S7B7553,0
Q9PVNHQEM2,0
9PNHFCZH3R,0
GA7YXTCMV3,0
3KZR75INGS,0
HQ2B5G7ZIP,0
H6BXQCM82X,0
4X4KA0ZNBF,0
47GBUSDEFP,0
RC6V7IH20R,0
RLVAHGVB31,0
B7WJWL6LMG,0
I9OJCXHSGU,0
PL1DP3Q00F,0
09V8OOSOSM,1
PIYF5YGXL1,0
JZP20NFTXI,0
V6HIUS0C84,0
899JOIX6YJ,0
VWH2ZWK82T,0
BOVFVF8MBE,0
BAC111JCOM,0
1YWBU7YH63,0
PAFNX7LZ2V,1
0RIH81ZKNT,0
DG97KHD7MZ,0
F38O3TLWPU,0
K18Q46B1HL,0
P4MD96DPJZ,0
JQV2UCJSLK,0
L6UHKEUOGJ,0
G5CCAH8WS8,0
BBP2W0ZIFJ,0
5X7ODW281P,0
YWM81Q3FOZ,0
ITZMSGC9BH,0
58QSGMCZT6,0
GLG3IA31XX,0
VWC2AWFWID,0
KNSFCO6CAC,0
LK839MWSMS,0
EDR474GRL3,0
H6VAKTAWBB,1
AUJGDAEGVZ,0
K4DLWM3YNF,0
ZRRHLQCUPR,0
3ZPRSU2JFQ,0
TBVZT4YQYV,0
7H0R1L0VHX,0
0QOM9T9PEU,0
1T77IFJQ80,0
YH949MZYGU,0
YGN47K1U7P,1
PKDNI40U9P,0
KF0WS0TYN1,0
ZJTDLNCHPF,0
NR4QH809SB,0
ZG2AIFGSCU,0
9FHX5MV928,0
TBEEFHXPL2,0
ENJFKAISYA,0
OCT3AZHPHX,0
P9ZLJ0IRYW,0
Q78JT1BCPE,0
VDITYRR8G9,0
HNT12C30PM,0
DQO00JQWFA,0
ENTS2VP72P,0
YWDLPKPB5D,0
F1UDPF5TO5,0
U5W48L93D4,0
ZVICBG5Y3V,0
FC7CTIU68G,0
GNK2BARY7A,0
2SNS6RTJ80,0
0021TWGYU1,0
K2AWFURA9P,0
Z1Y8SNW226,0
LGSBSI2GCI,0
IPPVFYQWIR,0
GJKAIBJPCV,0
D3XH0EXNKN,0
FYKKQ4ORR9,0
PXB79J1W4C,0
TVVIZ0C6BQ,0
O0U75M3B34,0
74TE0DAS5B,0
PONEEQN3AJ,0
WSHIEY1STO,0
FU3VGCV2AY,0
D3I2DGN8BN,0
4VT16KMQGX,0
L57YN8PQ7J,0
D4DX7NXSS3,0
9V2KTSCO1N,0
KNMLZA1CMO,1
7YPYXH9HPP,0
OQGZV4GZ8I,0
HSEFULD598,0
NJXFMM5Z6G,0
1ID9JOB9RY,0
XSJV9TJTSZ,0
IBNXLC79CR,0
I1ICMRGYO4,0
FBMDZ1ILX7,0
PFI846QLX6,0
UMJJNQEBOM,0
HVR4TQEG61,0
5Z8MB8P3C0,0
J2RIR0N2LK,0
92CXW4M5OZ,0
7GKPBQ8LL8,0
PZTEIMI2RS,0
XMOKSTD0DR,0
QHDWLVM61B,1
DR6SVQKPIJ,0
U9UISK0Q0W,0
UKLK56LLOB,1
MJGYRDUNOA,0
3P2UA1T94K,0
E0QZIKPSZM,0
KJ5Y2XZIVP,1
PLBJVWW9TN,0
U9TN33V432,0
JFUZOAZ39M,1
HKZMNIDV0X,0
ZLRGA5E6OT,0
OV2391H1VL,0
OZM2JL4LMZ,0
DMZ1ZFO9CP,0
6XVQZZC7ME,0
S3V005OURV,0
ROHVUE9WXM,0
BZ91DOXL85,0
J85HRH3YWO,0
AIBO014UY2,0
4DL63A1KMJ,0
AJT5S1EQT9,0
X8OUI0T385,0
ULYIAGDC7Q,0
SQG75YC99Z,0
QPB4X3CQV0,0
TW48SRGGHW,0
B115GT4PHN,0
D2J4BJ5ZRN,0
NRULH5KFWJ,0
GKUEAWAOUB,1
MGXPY61YJG,0
1JA3MNDGH8,0
MEW3G31TTZ,0
IB42ODIXNY,0
LHDEPDO939,0
Q6EML7HED2,0
UAKYAYYPCX,0
UFQ2LXE2N4,1
ASVKV9651U,0
MCKZWFSA6J,0
MI9OBFDBC8,0
TQOM0WWZJ1,0
W52QULC3ON,0
POAZDJFK5L,0
6QYCPHEO4V,0
V8KUY1QNS3,0
OHDDDZ95IP,0
ZKFK6ZZP5W,0
EL87QKI4G5,0
P9EM2CIS19,0
CM39DWFDGV,1
1PE7WY4PND,0
0A8G5LWH7G,0
Y998AS4067,0
MFTAS3TU6Q,0
9WOX0FHRWF,0
0FGOM92O65,1
3N4VIRBN3U,0
IF17OVTZOO,0
VUUX51DFDB,0
FDIBBU70H8,0
PU0SAXI8R3,0
VTPKWCIUBJ,0
8O6SQW817X,0
GTJDPJ0PZ7,0
IDTHU2NRVN,0
M21SAF8Z8V,0
FDDFUUP4HE,0
I1OQM3BZA8,0
HA6G8JIUDN,0
WCE6JC04I8,0
DO0X8IEHMK,0
YJPSA9HHTG,0
OC1E8J6RJG,0
B5V4IGQPN4,1
L4QH30OHIO,0
G7BCBUEJF0,0
HT1WBK34SL,0
U1F42Z1LQE,0
AJH1EYF6U6,0
ZDKBHDWBHR,0
0ZK9AT913Z,0
1AQPAZ2WUM,0
TFSNMQMIRG,0
WFGRIQZ3BY,0
TO3TM0Z0VP,0
F5NPUK66DV,0
GF006BW8J9,0
AXWPI2UDMV,0
H25XOC7AH1,0
3UM709LEYZ,0
TFXOINF0QO,0
NKMKOWV76A,0
CGN1FS8342,0
7L1AUT0A2E,0
ZTS2ZMLHOJ,0
GUL5K3FP37,0
BAFQGXMXKP,0
X00FNHW9A5,0
2EQFK80884,0
A22HQLKJC9,0
ID5S4KXC2F,0
D9ZCI5TPJS,0
KU5RH0C9E3,0
15C5V59J9O,0
P2VV6NMWJ8,0
J5L378CH9J,0
VPIXMB5W18,0
U42Z6R4FGM,0
Y1DEUYRAL9,0
RQD04BQHJV,0
Y93XSYGPLJ,0
JRBPZ77127,0
U791EWKO7K,0
VBIVDWWJXH,0
TMCNC2LX2Q,0
I5LI1LSACU,0
B8M21ELYUM,0
SWBVK0W2J3,0
32UJRC2ETQ,0
6HJG12UCO3,0
6PQCMZFANI,0
PLJFULCTIC,0
84IF5CMQBO,0
0TLLL03W1K,0
73MZYPZPS9,0
0G57WA8XTM,0
JJ6ZKSCOP7,0
AUU6EMNT9N,0
UJCR0DI4WP,0
BWRPD432SS,0
69WN2DXHRZ,0
4UDYW1CSWY,0
F9V802ES4F,0
R8AB81DNIN,0
X2MI8J4WR4,0
XFJ3ZOQ0SR,0
JNF4IOYSXL,0
A33QHSS4JC,0
Q8AKC80ALZ,1
99QW33PKWO,0
PHBZW5WYKJ,0
2CS41GGSMU,0
IV188KKQXK,0
I1KWU6B40T,0
RXOI17MDMW,0
975IZ12GXS,0
AY2CZN5GTS,0
BU1ENWHW38,0
THEJYQFY2E,0
FP6HCXBF3Z,0
IJODOKOY86,0
Y3QR79DNBZ,0
2M128CL6XR,0
YXIDZVDXY0,0
9ZWX61J998,0
QMNAN0U1TR,0
J8MTN1XRH7,0
WUZ4MLEAW3,0
UWM38V1MVW,0
K965NNQUMW,0
FG4TBSVUIW,1
GYVYXAVCCN,0
ANR8VBGXZD,1
93WU0YXC8H,0
15KWBAKY0X,0
NVYIED2CUV,0
BKSMGDF2OU,0
G7KLYYG7EO,0
V4N3YY50WB,1
Z482ZQABML,0
QWUQC6VEAN,0
Q1SLMKQXKI,0
T22YEH5UFY,0
27PTY2G1RZ,0
0ZL4AEANW1,0
XNF7XV9KII,0
1ID4SX5LGS,0
FF6B67YIUA,0
BYLRSIPTJL,0
MZSSIEHXT6,0
GNBUYG3OJZ,0
ZV9QNWGURZ,0
2E7BGV3X61,0
KH0XS4TMVR,0
OP6VQSJK2K,0
AFQ4S1PY96,0
QGUY5J5RBL,0
NZS62M15O1,0
Q0VJ2IITT5,0
YWN0NH4P7S,0
FPGSDYU1YH,0
CSIPYTFCLP,0
R47CH2134W,0
LLNZBIKLSL,0
E44HP0B6H3,0
70WAO8P1BK,0
4JWBL338HZ,0
LX88XTVE0P,0
TH7WZN1JJY,0
4PT4RSF7AL,0
HXH78NY5HJ,0
NAHVJW9FO3,0
FFMC3LMUNX,0
RJ8BEXRTTX,0
3MY2SJ4ZYW,0
XAP4KHQSYJ,1
38835P443Y,0
3PNMU2FOLH,0
S7G2SQR0IE,0
J74FOYMGKW,0
BASN2RIWOH,0
33TJ5VSAG3,0
XKCMHP7Q1V,0
OD7OW31MDG,0
LGG0N460AR,0
050L2QJTSF,0
CWXB4D9B0Z,0
WNRAKJ7YSZ,0
NQ2G1TH7A9,0
WHWCHX9SNY,0
L6IZGW93O6,0
M372PG94IJ,0
F5KFTUBR41,0
OL76IVX3L4,0
XPC07IS147,0
ODKHWVDDWH,0
OC6AOSFNM6,0
NZHEOY9H7T,0
KU4BUMA38D,0
V2EME6IMMK,0
8NGJUICDWR,0
76PNX1JNP6,0
GSKB1T9LNU,0
Y04009RVOW,0
RY0NY3YP7Z,0
K6BVJIIS2B,0
5ECQG340FY,0
W76L7U23SN,0
KSSLQAUFAN,0
FIXZCZNVKP,0
CQ4WQMWNJ0,0
Y0T2506SDU,0
76FN0E6J1A,1
CCI67O8OUR,0
7K3N81TVKF,0
EPLPYOAGUW,0
EIBXGRGU43,0
QVJYXO1HQ4,0
WP0MFE0KWH,0
LKTN5IE5XX,0
FL1NXHWIJX,0
UDXS794LOJ,0
QJDJXY02Q2,0
4LN04PC0UN,0
TSAUB09N4V,0
Y3Q1SEPMJ1,1
N6WLWJN1L0,0
9TZS8FE892,0
9WAHLY5NF2,0
814S96T73V,0
WOT5Y0AHLB,0
YZN65U91X3,0
QRFD8EHZC6,0
B45TLZ5TWB,0
ZT9M86YHDL,0
PQA7B0RF8V,0
H31E5WTHZU,0
WTFVAREYPA,0
1NQ2TDDLRG,0
TRXMOHIEA2,0
EZ4SP3Z2CG,0
JO3XG1I63D,0
SULGK9V393,0
LPLN4IDK1Y,0
8RAMT1LT80,0
O695TJXAW3,0
NO1YHGKHB6,0
AM4V1U180F,0
BO3D49G63Q,0
I1TCC0OXHI,0
G43WY0F138,0
OGPKB45JCL,0
HVT48ADDNL,1
4WI30MCWRT,0
6EAQ9QZYV8,0
CYBCY9T6PU,0
X9ZXE8EF3N,1
2XKXZ3230S,0
7RLPEI08VL,0
R67XYNLVS0,0
GZX6UI11XE,0
WG03EY7R45,0
BZ7FZXWQMT,0
TP2ENCRX6U,1
1KRDY1EM5K,0
P6BBHM67Z9,0
PKTD8JTDRV,0
L3L41ANGBD,0
HFT5BVQQPQ,0
4XXFB5ZBJP,0
B1M93G3R7S,0
7FM93GZEIN,0
2A7MD126IZ,0
DTGTBSY1NK,0
VV2EOXWBT4,0
QSX5MAU2PM,0
A6XRMNE53C,0
Q0GG2VP5WV,0
HV50EHLLBT,0
BBHC6W89FU,0
23T4BCGV5C,0
R4KR2AGISF,0
2ZLI6TAHI5,1
IQCXYH5LEX,0
8ESKD9MKMU,0
R5US202QLM,0
TZDUAC1MX5,0
EII9K87JM5,0
BXDMMI7KXY,0
E2LUH7UO9N,0
WW8B9QT6SD,0
16LD5R41K4,0
EPDJQJVD48,0
2K25HONOAA,0
V2UWVJH7X3,0
R237K3OVHU,0
QAUR4PL30Z,0
S4BM2SWC8T,0
5MPMTWR674,0
MGYKWYL8PV,0
54FW539WVF,0
AAODZ2L1VE,0
HX604C5Z6K,0
1DJTOXZIM5,0
39WOHP9131,0
UHOAP2T6F6,0
HK9HGQQ7JB,0
ZKBCVN5G14,0
3OFT4LGGOQ,0
58XUE7KLVO,0
TF6Q5J6Z3Y,0
51ZB012KOS,0
M5O9D5E102,0
M0EHPW0YCB,0
19G159K12N,0
P7PIZUQBE9,0
8IGPTUEGKR,0
PY1HT0892F,0
J4AJK3QIWI,0
5HND11OAQM,0
TSZB9XMMNM,0
CDG7UYMR5U,0
0ZG2K5DE2Y,0
HVCLD3Q94T,0
MTHDGZGKHM,0
XF87RZK52W,0
AUAQWY5TIT,0
RNKW45I2ZK,0
ECIZY3TAR1,0
I23H6U7YMF,0
7CNLP6NZMM,0
FX7EHWZKX9,0
SJSZ9AB3XE,0
VZCNIEG77P,0
E9MKJR3M3D,0
ZFI8ISD1PN,0
AO8MPHDSSY,0
RETVD1RKPX,0
XCM090F1ZB,0
GKJZUPQBCL,0
FII6JMW5KO,0
H24C29YBM1,0
UW1VGSR769,0
QC55SQ9M39,1
HSN953ESC5,0
2I9MSO8UWB,0
J5T4DZCHIS,0
QPGYODMFG8,0
RFMTI9FL67,0
U4M6RBEPXI,0
O85F1TW789,0
R72UCRNQ2Y,0
EZVBXXLSRU,0
FZG1YMK9TH,0
P56MJJAU85,0
KMEJMBK8TL,0
XSAYSBBXMT,0
FJY1DTT9LH,0
W925UA61CO,0
RRBQCFXBQR,0
PI2ROP4G3J,0
SVOB0BBVK0,0
JPFDPWL1WI,0
CUS27SR84W,0
YZQO24C8Y0,0
LI23OBKEMO,0
J8YFLKIQBB,0
1VVTJXAQ7Q,0
JRFWTBYT9A,0
ISD0XMOKEN,0
SU4EO7TVKJ,0
9CODZV8EWA,0
7ASDTR58HE,0
0OBGKAQRLA,0
N7Y1JCBWYY,0
DHX7GR4D45,0
V9CZ9Y59RT,0
51J56HV021,0
BV9GIG2PET,0
308071AVYC,0
5LN5ZF76L8,0
47CIU32JFV,0
BZLKDSNH0G,0
A2DY6RRY9J,0
S1BFEM613A,0
5UELE4N0W6,0
0DLZ5XYIG4,0
HZ6U76YKZZ,0
9I6FA8DG54,0
HADSTVHVX8,0
0ZX6X0Z5GO,0
O640CVV0Z4,0
TQIOAAOAD0,0
RCYHG9JE3A,0
X5WH8S04CB,0
AAACYH8FRD,0
UJNN7L8R9K,0
KU0JCD2KXR,0
2220BGBDNN,0
GQI057YYQK,0
BU7MEN7Y39,0
GH8HHZI2FV,0
9O66TR9AJH,0
ZSRSZ0AG6K,0
GV4KWTPCSS,0
KJCAJ2L4YQ,0
RRQ3NCKN1Z,0
DLZVZAAODQ,0
0UFJQ8V3Y5,0
Z7AE0TUSA0,0
VSOS3KLVE6,0
K0ZFGFVFSQ,0
79Y057JNDU,0
LGTXFTPQX1,0
43VAGZPCPA,0
3L39SZJJ56,0
SN43GOYNPB,0
93D3BUNN71,0
0V8N5CN30N,0
B5O15Y1URF,1
5VUT5ABXGN,0
VVWCZZRHAC,0
2ZKOOCJZXO,0
EE1SMNJ1LY,0
2LOZOBVKR0,0
VQGJBGCD7L,0
8V52WKDSKC,1
Z8ECIVWIS1,0
NHWWY8MM7O,0
MB7CC53XGT,0
C3GAX6PBI4,0
67CD0J4EUT,0
JKYH4LC3BL,1
Q3ZENYNE2Q,0
UKKHI4K2DU,0
32R2DP826O,0
I42SM7I9JY,0
RTDL8TD3AF,0
QHDIB44GSL,0
JZD8381J6D,0
FGZ95R2Z9R,0
ED2FZFIP4H,0
M9N8VY6ZNQ,0
MZT5ALLYRC,0
4MBVUAD0C1,1
KEA5FE6B1U,0
TZ6UKVMABU,0
ILD04ESL4J,0
JHU0HF9IDL,1
9GZDVD63IF,1
DGUB1IYVXS,0
YJGBKRV57V,0
L6AW5G3J76,0
H7YI3F0MK9,0
1I1CQ7ULU9,0
5LPLBXLDZF,0
N3V8G83NY9,0
00RBLH9ZU0,0
5C7EO33UPI,0
SMFA8H5AOT,0
94YXC6KP1E,0
W2628XC95M,0
8Q9AMARZ6A,0
0U8E06ROW0,0
BZ7GQFQGPN,0
SF2WG41HPD,0
Q9CRO3N8E5,0
AH4LAPCGG7,0
QT9059UOLN,0
ME2PPAAPBY,0
T5QZDI7WA6,0
6M9CTGL3VX,0
K9WPIKIL63,0
X5P92V8ZF4,0
MVQO13QR25,0
T911CT9J81,0
658BJN1AS6,0
DC6UHPWO7Y,0
OFUS6VTN85,0
453SMN6JQW,1
UK9SD3VD8I,0
6YTN159L1Q,0
JNT1VNSP45,0
77NXHHWJS9,0
YUF6GELPYS,0
A1XM68P1G7,0
BVUYQSW4FI,0
JQJ82BO6OG,0
HIHI3I9NGX,0
VIMXC3NGIW,0
6ERYE8KBBS,0
3NJM5PX6I5,0
PR4TDOF58U,0
JXE9PNFKIJ,0
JG64HN491I,1
P294DHXJFW,0
O0DJUIJA10,0
R9O57BV87V,0
Z4V1ZMJSP9,0
YB0D8H5125,0
FS9LJD9QCH,1
4I0DZHWH5Z,0
2A1YI3FMHU,0
DITEPD6BVR,0
BRCE1YD6FZ,0
U7LN1IFAXS,0
9INMIF96DD,0
O50DP0WOR0,0
QGB0Y1X4E2,0
O6GPRM49EF,0
R29N9WEFKL,0
OWRX2B5FCI,0
ELLL7UCQCF,0
4KSNTSDLV8,0
NM0G2C1JQL,1
UKE8ZY5OJ6,0
TZO0ZHD2DS,0
FSQQWTD9D4,0
2KRLJ3YL3D,0
NGTOY105T2,0
K5Q5F7UU6U,0
BBAZZP25XH,0
GYIDFI9XRO,0
MIXNN38HO2,0
RGBNUZH9U3,0
H85XVPW4YT,0
6Z42663RLO,0
PNPG18DRML,0
HACNM6NA0U,0
IZDACWQS8T,0
8U32977GWQ,0
J207B758M7,0
CYMULQ9X42,0
ESCJUJEKN0,0
L04GBXD4NL,1
CVGCI8SZOW,0
WE8S3FUHSK,1
0QR6QQDW1Y,0
GYQDVKK547,0
371LRE13XV,0
ZW7CF8A0KC,0
JL51W3695M,0
LM7OKYBMSJ,0
4OREHC0E3G,0
DA20CQUAP7,0
WB7MWTXBQ6,0
ZCYNT85HYW,0
R0QGSNP00G,0
28IS8KZ81F,0
XDABJYVNYP,0
RVTOM9A6E9,0
3TAX1CON67,0
COI08WDFOF,0
DMCMLDJ310,0
WLZ3T2CVED,1
FRCVKRHGXT,1
5LLILIGEN4,0
2T5G7SSWP7,0
IF5O1ULRDW,0
L0BFE3X3VV,0
SMED1RH3PQ,0
G477NGX3WI,0
NHVD1A6Y0J,0
R2VFPNKLXF,0
F5KOKPEAAH,0
L6XA0BITXX,0
2RUUWJU5KP,0
Z7C06AEJCB,0
HJW5495YXT,0
MFBD8GA515,0
JDI6IKITBV,0
YE26MMXBKK,0
U6K6ABF8GA,0
K6H1YDBKRI,0
CSQTT94094,0
972D0O7FLG,0
3GQXD0I328,0
OQSPL139TQ,1
DIJMG6T1Y2,0
GYIZSSGP3F,0
KOCWLKZQ8R,0
WD0A3U2ILG,1
Y51NMSYSON,0
KWGUZTCYE3,1
V5OOK4X9WD,0
6ID7AZCRXC,0
6MOH4QDA8F,0
J3RWU9SHH4,0
AEP7OQ1T3I,0
O1H30OTXFK,0
QG8NJ71YP0,0
Z1LH6A7JB1,0
DLMSV7UPPU,0
EL4J379ZVZ,0
IPHKRJNNNP,0
A3RNV1DYW3,0
22H0O5UA7D,0
4DBUZLQ26A,0
NXD5Y037ML,0
F839X0VJ8N,0
4QIR2Y3HPA,0
PRZN0S1UJS,0
F5I47N7OCR,0
PCX28Z7TF7,0
H1QO2H9DAZ,0
JIP21D2R98,0
ZVKX40CPI0,0
Z48PO5EZ0P,0
11DN949QZW,0
XXEOWMXBZ6,0
8U65PX5ITC,0
PDDXFH4O44,0
TWMK9OAG04,0
YNS1T706PF,0
XL13S0PR8P,0
SJ28SC84GO,0
88GHJPKDF7,0
HNPVDWDE3V,0
FMGJBD4SXO,0
4S7HD2XZIY,0
IZOMD72LFA,0
LFK8B0085G,0
JCFBWPRYI4,0
4Y8C6UFIN1,0
6BDP0V640G,0
MUSD0IJF48,0
DEPGJPZBAA,0
HHTMJPIFN2,0
7D7XZ1XH9T,0
E2TK1DWL7G,0
B46ICIKKE2,0
542SWIAJ8S,0
ILJK5WX4TJ,0
P7QBXWJJ1K,0
UXBRLLG5O3,0
9XCMWFW3WC,0
FOXL536K3H,0
FF3V2ZHJ82,0
RJD4OZ86MQ,0
XQ35UG3IJC,0
4KFZER2A5P,0
O87UQZFHC8,0
0MI16M2SYB,0
5E7S95M1CH,0
3A6363MGCL,0
NXNVJ8A0B2,0
QQ3E84VL4Y,0
95N1BHYGSM,0
1O53PZHSVE,0
LKCNV2ZHDT,0
K5W8CIS3LW,0
H2UEF667XB,0
FJU8PVM9P0,0
42YJAWRPTE,0
L7PTP6XT35,0
Q0FTDQP5DK,0
L8FB5WNN6B,1
4ZGQLN0ZGQ,0
MVM0WXJPPD,0
VV0P7X83TR,0
CQ7JKY22A1,0
RSJDPP3H4A,0
54H75PCZFZ,0
JY12XGETFB,0
TWR7MQTRHI,0
XN3LTEB5QT,0
JT0FFTE0U7,0
KZB7S4471T,0
YD2FNKUX6Z,0
4UG0BLU91T,0
AJ3R3K52G0,1
96X4CGTGCZ,0
NVPB1K6B3U,0
JSXVY3GXTH,0
PD0UO9LZ2P,0
KYTH1FQIWT,0
75PQGBDNRR,0
05ETVXKXE3,0
LTGYQ0D30A,0
SOIJSG7XH9,0
KDM9WHW4ET,0
DE30OQJ6FV,0
5U126U1LEN,0
X2Z9F45G4C,0
MJP395UZTX,0
OWYD8L0F8R,0
62C95JP25E,0
YNAUYJDYUF,0
76RP36N488,0
CFDUS8WBDT,0
SJ1SB3POD8,0
XBOM0ATPVF,0
766TP19R0J,0
AAI7EOT9RN,0
QXC3BYOCTJ,0
QWDNMR0W4Y,0
9WGV69QUFN,0
ZOLQEDIX3P,0
EEV0WXF8NS,0
8K6WE9DTLQ,0
80LWD4XJ3V,0
5FLAV3BUMG,0
NI0A7DROQ0,0
DXWWLHDDNR,0
EPUTV98QLF,0
V7LR9K1ILT,0
BD7V6FHG0P,0
VN5PDHUDLP,0
4XSI3R1LFN,0
VRFLQ1FD81,0
L0EGMO2PP4,0
BLYPH7KWKY,0
DWJRQ0HALF,0
IYEIUSZOWX,0
74Z2ELS94X,0
OOLBBYTI0U,0
VPB74B02YD,0
GJZW4XYO1Q,0
YIG4YDL0G8,0
OUMXVY322O,0
ZVOJO6ZAXJ,0
FTA1Z2EKAI,0
6RW612BJGG,1
CNFKQ6X81R,1
O461YM36V6,1
DSK34XX356,0
QZYOODDM69,1
K17754BPWC,0
3UGH5YGKG4,0
ZN02U7NXTH,0
ZUE3Z3Q5HH,0
PVXPFCPYXG,0
F6056MCH7S,0
AQ54V0VXIN,0
UNW2UXZY6Q,0
0K307A89EV,0
NGJLV69JEP,0
W4BI5PPHA6,0
QWYAS57IWR,0
UXGECV6AM0,0
5ADCYEIAUO,0
KGZVIZKY0R,0
T0IC72EI4T,0
VXLXFU7UWH,0
SCLUV1AK32,0
4JQ6672WM4,1
OKAIUGUZ1F,0
YKSDU4SB5J,0
2GKYEVG41W,0
IWXAT058BT,0
81YMRWNZ5V,0
HN3M5HJH55,0
Z1GRWYBQ43,0
64XX3JWGEE,0
TFBO1BZZP8,0
8DU3V5Q7W4,0
UXLOK1PA29,0
0478WD9CR4,0
L8FRORBCWN,0
H44IB9T40J,0
5C0QJJPATQ,0
L78Y426TB7,0
18WYEVEYRI,0
H0NUAA9D07,0
1QNYPPH2W0,0
UJQML8TOCD,0
634U8CVG6I,0
YYCZQXUBAT,0
YKEBYPSPU0,0
RKLQUH93RV,0
H8V3Y66WRM,0
E0H4LEMZ9V,0
SBSW4F5U8P,0
VCN6YGLS2F,0
UTJDSJG475,0
OVA9F9ESKD,0
N6IQYCTPYI,0
L9EHKSHQ74,0
R6XOXEG4P3,1
BVBM1NBHF7,0
YV04KXLDYG,0
BGXQAPZ3F8,0
J5GXVUHY2H,0
G9L3FKABOO,0
2GMT11QBDT,0
ZG3PLB5Y7N,0
IPT8L5NOQ3,0
I0NSCFL0OJ,0
QC75428W11,0
HJ4CQ7KAHC,0
XXN8ZUFKE6,0
BB72OA8NE3,0
0E967YHQTR,0
U2OXWQEOXL,0
05Z7BOQXZF,0
G7VZX96LCH,0
ED8U40AYYJ,0
GBLJM4KFR2,0
52SROFLDXQ,0
JSWZNPJ3YP,0
BFRVN7J4HE,0
SZ43Z64OFB,0
HGUI7USSJU,0
KNYCVC30BZ,0
K2MEM8KA9Q,0
YBNK4ZZT6G,0
0JAKEK6D30,0
8ACLSXN39H,0
HTHJQJCTZ4,0
XJXH4CC25A,0
O1YFL59VNH,0
MORRKH4B1W,0
7C9PLHI7QW,0
LZB1450EZ4,0
4KPUEWJ2XG,0
XMUUHXA0BF,0
2KJTRTA5FM,0
WJ8UYMHCTO,0
OUJM2RMU3N,0
YVLHB7FO6M,0
YK7MXN9ZCV,0
O2YD3L0N5J,0
MGOCUPJ7CT,0
5JW5BKX5ZP,0
YS49TBX9AN,0
7RCSTE22DH,0
CLDTYVG90R,0
DG8R8CXZ7I,0
G5NOJ89V4D,0
C12KZ91B68,0
Z6ZK32BKD1,0
GVY9VGODQ5,0
LJMY58HT9R,0
3CUZC2BO3C,0
QYYVPI0RBP,0
OUNQRJYTXR,0
1LRUQD7NGM,0
NIXNDZ90G7,0
TQKCCJFTQA,0
6VBVKTEB4A,0
H2DFYXXD2I,0
IZSJKBQ6YJ,0
TJ8C1Y8IQQ,0
JM60XNC0BE,0
05PACCN5UD,1
13T2XHK26Y,0
6NQF567T4B,0
OEPFCP2J2E,0
KJJ25NIHY2,0
XT6HY827B3,1
PX4XH6RNMW,0
CY1HGXKPIV,0
WNJPBVX5SO,1
MNEAUPZSZB,0
09L54IVJNT,0
EPS5SHUCZJ,0
V1893YZ7ZJ,0
PAKWB9AQ7E,0
FIFL6LR5DX,0
M7VZI5VY26,0
V0RD95BCHK,1
HJR39X06XW,0
6L1AMGH9VY,0
T6GK52M5O3,0
GO4KCNSFS6,0
77M6WYDODT,0
MXFJUFBOJZ,0
LOBZYDF75J,1
15WBLUXZWJ,0
Y887WE22TF,0
Y5EINMRZ0V,0
1RKCE2AFY7,0
DK2ZRYROCW,0
K0CH9XGE8Y,0
6KWWSTUBH0,0
BUHC2DC23A,0
LPV3TRP27K,0
IOJSVTBKOI,0
L5X6QM2UII,0
DAD8LQFJ8H,0
D1ZGFENCWO,0
LTZ5IET91X,0
WAKX902EJS,0
641QDWB31A,0
65V4C4LID9,1
5TWREOM4WB,0
OGSJK2Y82Q,0
GA42KI1X64,0
K6Y8WD20L1,0
4LFADC2V2E,0
AD5C90JO6A,0
94VJ9IBRO6,0
IERXZ45CJD,0
EM0SN0OPRT,0
MRUWSK2P3S,0
1XIPSNVLRU,0
0SEKT3OLTA,0
VMTJSIYMDV,0
IILBCC5LFW,0
LRZ4ERJDIS,0
F3I19QNKBR,0
H19QCF48V1,0
A16K5NTO74,0
6URDC4ELTY,0
SL0554DA15,0
JW4V3MKQS8,0
CQ8XKBWJ6Q,0
HLINVGSAE9,0
3XIOU25NKK,0
2E916TJ8J1,0
OQDJUPPDBI,0
CDYUGUAUQT,0
CJOCDU918F,0
VFDIKFKMF5,0
MYXX87N5UT,0
XW08X8U24V,0
VZZJDYRBNP,0
BXVAU0WD4I,0
GJP9RBW9VG,0
YFJM66DZXA,0
SMK1O3YSHY,0
M8HVBYMO3O,0
GCT4VER75A,0
BE1GNV75JN,0
ZZJBTO1S0U,0
VHNL8TE5FA,0
VDJ06AOSR1,0
MH2JNF9NA3,0
8WUB1MJI45,0
HCUGMWXOBU,0
NCA564L8OH,0
QXXUUNPI6P,0
0B9W04C2SS,0
H0VT7TI8XL,1
GU14R4KZ65,0
1JWXFG8KCH,0
Q3U4VI2DXD,0
933QW90UDW,0
6MEE8PZTAG,0
M3O24N4EYJ,0
PR42T3744O,0
OSJ0I6EOQ9,0
M5OLGD85YX,0
SK2COC3C0R,0
Z47DKOYAXR,0
VC8DWMQNLD,0
0SIETJB7KD,0
DBC2BB2VJE,0
95W3YDO638,0
ALBAMPTZPA,0
MNNW5CW01R,1
GAIXTBIUUF,0
Z9EYM9PQT3,0
AOZ2X2AT43,0
GNBDGGKYBD,0
39PJT3D541,0
46PJQT4MWA,1
44IPFNHFCL,0
3EQA9F1LIC,0
DYT0V098V9,0
IYS0GN2W15,0
ZOJUICFZER,0
LOF6LYCMK2,0
YOBUPX2W2D,0
IOEAMFAA4D,0
XYQF19BFT0,0
2BDWKMYBVF,0
ZD1MVXL65F,0
NGDQQF6WIL,0
LMQSUFL1EZ,0
5ARXRD4PPH,0
TS967P49CM,0
TJ1U4LPRAW,0
T7WC3OBC58,0
LI6K83HOF9,0
JWRDGV9N0U,0
QSFM06N3GH,0
DRMJTE1900,0
WACCWJXIRH,0
KOC4K3JS8S,0
9EDQBKIBOV,0
GRUIXPC91L,0
DTAY5GBMOS,0
9JW49FEMU1,0
F7X5HKXZFK,0
D02BWQNVH5,0
9O3SPKWUK9,0
8PF0O8L067,0
TEKOQ8XM7Z,0
68EI8VJE4C,0
UKJ0BJL93H,1
VCCQLRQL2O,0
GIXXV8ZC5O,0
F8MG8EVHBI,0
B37OYYHGXK,0
YYTZJ1DP91,0
6PU53C3RX7,0
XB1B2VTBE0,0
2LY2HUW3IK,0
AQH8N9CBR0,0
VT3HELY4YA,1
FNVCTZ1DHS,0
FAS58BTH9Y,0
YHFAUB1OOT,0
ILIYEXDI1R,0
IQOVUTV3FL,0
MV04YJPU2W,0
I1JB3CIMWH,0
S6MFBUVAXY,1
PQ8KGDLH9Q,0
CX6AHHQYRU,0
2P0Y0CMN5S,0
61SKVIB1LZ,0
UKG2DJ0HQE,1
L9K9KVEYFW,1
G3PDUCH5UT,1
ZZPMFGUCJQ,0
WHPKU9RAOA,0
DZAH0DRU11,0
I0UHZ4OBFN,0
MWRK87CYLY,0
RCZVBRG811,0
806NH2ENKY,1
SBGBBXIK22,0
GZF5NIGEUZ,0
6XB8N6D58Y,0
IS9YYNOXU7,0
E2ODYD2NDT,0
L0AEGWYTIV,0
CPRNR8C977,0
LH0W0XSCEC,1
8QGV8HQKRI,0
SZWNP8D3HB,0
25GKV2SC2N,1
C6NT8R062K,0
ODZWPCQ9XO,0
CHD1VRII5Q,0
90FRTILV1Y,0
H5CTZT6VWI,0
BTLVJ429TK,0
PXQ4ZW5TTS,0
9HCRA3LJM1,0
XL9XOV8ANL,0
BOHDCGL0QM,0
5VFDI935RY,0
T7BO80WS2I,0
0T0XUVNJ6E,0
A18TFG9RKJ,0
KTWOHO3D2K,0
DUA2L5P54F,0
0WCJ2R4MD3,0
WDZ0ZJ7FKT,0
94G307GOZZ,0
CETFODVWK4,0
7WYD1X7L0J,0
BNVA7JEO45,0
YDXJ7N5QEB,0
ZCW430YWK7,0
7JNMJN9OPC,0
OL4I4B5V06,0
P730AGZBK3,0
Y0M7ULQHXD,0
H3MUJ11AO5,0
BQ0V80NXOQ,0
3WOX9DOMQ9,0
Z34KK0XUIE,1
B3124YS741,0
BUG0KBIUO6,0
BQP7I5ELEW,0
KOA1VN7OQF,0
YNY207CSUW,0
P7DR8BFO44,0
JY5ZX5CRGQ,1
3413ACTKDR,0
9UN17KPXEF,0
58XV27ZIS1,0
F9SAR8XZE2,0
8YGSZXV1J2,0
6HD9MO9MB3,0
TDUIUZC08T,0
MC2YJMAJ2B,0
VU0I27D73V,0
0UM6SEHVBA,0
AAGNODPUOT,0
EPJPATIIFV,1
NOGOZM0SRD,0
Y0DF44DAFR,0
URYT7OR9BK,0
H7SESOKG53,0
JL0QDMWXTF,0
PLXT0FOL2X,0
LM2MDBQIT3,0
7GW4R2FGFV,0
5YV35U71Y1,0
EK7ZTGTRW6,0
8EQHELVX4B,0
U54P2OUZY0,0
J1PF7MZH60,0
33HJ8DH0IR,0
OQ4ATUWTLQ,0
ECIWC0S5NS,0
1PYIWSNWMO,0
9RFVH3VIPD,1
AQQ5NJ2FN9,0
1CXD0U3PQH,0
G42652RMJT,0
UPN22SAOJB,0
91O3FNGDCF,0
6VMTPSSNXX,0
NYCFPIWN2J,0
EFFEN0SMDK,0
A3WLQY7ZQG,0
3KIPWKY0UT,0
YV4OE0W37Q,0
OIM7PSGH4C,0
3VHJI9Y58J,0
K7QPVPZVQK,0
GMPFLJDXS6,0
I970OAR919,1
CM2ZAO2H80,0
FKB2FLEWQN,0
13HJV1R7XH,1
VS9ZK2RITW,0
JDKRI3LH8B,0
1WQSKLQCJV,0
NXYN6T00DP,0
0Q1U9O6KZJ,0
GVUM2KVHCP,0
4EIL1HCTM4,0
KGYXTLJ0JA,0
JNJI9GU89I,0
RR4QX7CUZS,0
RZSPLR09XA,0
EPZVO2ZOOQ,0
1Z4M8ZXA7P,0
7PCRWDW62H,0
1064LJ58WE,0
UMXXLT5QVP,0
6G7JUA410Q,0
J1TGGS9PQ1,0
0T494I0H0H,0
Q8MJ7L57KT,1
ZKXZX7GXSR,0
WR2RW43DWE,0
B43MOF652S,0
XKE92BOOMB,0
LREKRY170M,0
YI4BD87SVW,0
6V3C1EABWN,0
55MYWT9VG1,0
XDC961B1O9,0
B32U6NTIPN,0
8KG9TRUGA9,0
CDUWW9E7XV,0
B9LPWVVNQ4,0
Z6D3TBV4S5,0
7MAMMHTANZ,0
EVVBZ7FXWY,1
SAJ3V3MDJ2,0
BNT2U43OQO,0
N2YMLZ7JUS,0
3IKAQF5QKU,0
DNIKV4M08F,0
1UKK0DIRYS,0
T7HKDCFXHL,0
HKE32RDRWY,0
PUWCBXDQM1,0
F8V31D3N2G,0
2RKI1N3EXM,0
QN2YPCL2SI,0
2ZUTHXNCV6,0
IOP3JZXRVK,0
HARPLUNBFP,0
NNBM2NSLGY,0
RQGO6P6246,0
8DZG897T5I,0
NWWCPSMLOY,0
3G2KV6JYIN,0
52PG3RKQD8,0
5Z49XP0UTJ,0
7SD8BSL2QT,0
WKBAAR2C80,0
17BSNO5CE6,0
1CNNHNLM0N,0
H0H28IY5VN,0
5HX6M1OCUC,0
5OW2WAJ8O6,0
G6834I1DR9,0
DMKTAEQ0R7,0
XV6S22CJOC,0
OFSN2A1UN3,0
WLC84ODAEJ,0
VZYOAG638R,0
XVLCUDEZH0,0
HQSXGSNNZ8,0
X28VATWCX3,1
KX27M7GDEV,0
8B2JRYMBGT,0
GQFUF91ID0,0
F50KOUWNHK,0
YJJG45JXV2,0
C3PBW14JGL,0
YJQEG5JMDE,0
Y6811GL4HK,0
HX4EVV2WPW,0
USF4K3BQB5,0
6KR9103DDB,0
KUUHDEE06C,0
TM06D6HJAE,0
TIN3599UGG,0
Q8I6MOQPR3,0
6WWLHTKRJ3,0
A6XT4IK9J0,0
U1P16YHH7U,0
9E2OFIL4MO,0
OV27AUJQEV,0
IOI886H2BR,0
0ASC6N5AZI,1
Y3UFRZAXYX,0
LBSXAQYPF3,0
LJTPZ3VHFY,0
ADDIU6KJ7B,0
CMUCP6S7ZT,0
ETDX871ZGB,0
PHAE1NP0Z2,0
CPUN1N3NFU,0
IP01J66NEC,0
PK2MCU2FM9,0
S7T1HMKCM8,1
D1F7W4JGN5,0
1E0BQXUY70,0
LLJDQ3V6ER,0
CUWVGQN63B,0
5H6QXD89CK,0
ACP46MJ9OM,0
0V1TI2K52O,0
1ZWHIAUZWZ,0
C0YPVEWHXK,0
V5VOC2RSC8,0
9BQN3SE2G8,0
8QKKAYOJOD,0
Q4X8UOEMBL,0
7UIX1YZMHV,0
0M7CZT5BON,0
EAF81UXBV9,0
ATOPGITP4Y,0
AP2NFJX7V2,0
Q69BVYK9W4,0
WYUBN0S7D5,0
AVEV8PKJ0Q,0
3DAOJHU4UG,1
FGS8O0Z551,0
U70IMRZYL2,0
30H88DRRUV,1
VBV0KQ0BDP,0
ZNQR04J9PF,0
DZBMAUVPLD,0
48EBOM7GS0,0
ANDYESS8UO,0
CZWSJUPAT7,0
11UGS61150,0
HAMAAPGOD7,0
4353IMXXHI,0
10INJD156Q,0
X8623U5PTR,0
6AMEOAN5I0,0
OEDIWB2A8D,0
A3FU33FALT,0
F7DPN7QDG4,0
RA5G5DKRHK,0
QNVM5B83MA,0
JLV7KXMR67,0
TMLKJ1ICB2,0
QS7ULPKMLU,0
DVTJHL13K5,0
HXZTICPZX5,0
VSHZSZEUJO,0
FABC9M3ER0,0
HNB76J1NH5,0
LN8V8BOHE3,0
DXE6SVONOK,0
L9LCELVVO8,0
TP35ZXPC1K,0
Y209T36GKG,0
XVXK7R6WBL,0
ABILTENIY4,0
OPNYH9WCEA,0
DHT3BMKUDE,0
67PPGIUOW8,0
QA7XG1BN0E,0
KHTYHA7WC8,0
AHUM4WRTMU,0
XM6J2A0GS0,0
AMEBHQ27LG,0
WZ4B0EEWKN,0
YKYNJYUFGP,0
V9KLC2D85U,0
ZOXQEKUKHV,0
L6BHIRKHTW,0
LQ4LJDPSUE,0
OVIELVKRH6,0
3FGHB1RAE4,0
QVLGN7P92Y,0
9Z2GH9LHRH,0
XH06O6M1MN,0
7P7H3K418A,0
40NNIFFQEK,0
TA0T24RYIC,0
ED3CHQ49B1,0
QXOH0SYWAR,0
6NH8SN4KXE,1
AR8X63OY50,0
44CGDMB1YN,0
HL2YXFIEZX,0
UOP3K0TBWX,0
3IV5B8L22O,0
25YAHYY9TN,0
MWCD78P7IW,0
26NVS3AQ7P,0
G726SXOWI9,0
S36FMHYHQH,0
WT1OVISHKC,0
8BASPCE655,0
OUS50J90NX,1
H6NZFNIZUJ,0
RQETEB57AU,0
FU5YFLS614,0
42EVR440NM,0
2D60BSWJAY,0
P2S7C3QD5D,0
VZUHMI0CP6,0
5GJS6J8AI3,1
PH97W9BSLA,0
IHSS9J6MLV,0
SS3UEZ59RZ,0
7PTNWGFVEH,0
SHU6ZT2JES,0
7MGKYQOBXF,0
B9SY35BHF9,0
7BTZBIBPXM,0
ZFDFVZ54UF,0
BQY7UU6H80,0
K2TGDB3TBU,0
CP6HMICBLN,0
Y12ZM4XXV8,0
DCPDY4FRLI,0
OTTJCYVT0J,1
ZGOW54Y925,0
35H01EYY57,0
WKUVM4PJHY,1
NHY5R5KG5V,0
EUZVM7Y8UQ,0
6EXFDELUQL,0
XOOAZL5Y3R,0
WGYLAZJXQ8,0
UAVJUBED8X,1
JPPXBOLW1I,0
9G1KBQ8WG7,0
50E6NBDE52,0
KAAOMLY42V,0
47RN3MOIX1,0
A5LJUZC18P,0
AKZOZEB3AR,0
O69QHTW9DH,0
WBVIQC0ENV,0
TBBX3Z9IKJ,0
UEZMFTI46U,0
GO29R9TSMT,0
6D05FFCOT0,0
0Q3ELP77DK,0
QKVUR65HAY,0
KWKLF11YI2,0
IEE6B1W97Q,0
G9NC3VZCCX,0
VXZU5TFPIJ,1
FI4U7I91AJ,1
J4JJX1M4YJ,0
SWNCJ1HCOA,1
8GNJ6Y2DFN,0
XKY07JHBXN,0
92LV6EUKVF,1
JEI39X9GB9,0
X5TAA5B9MW,0
YJ80NOO35E,0
6FZVHA7JOA,0
4Y4P5E1X1V,0
M1TPGQH04Q,0
F1TOF0IE46,0
GPHG9V3WUX,1
LRISPOXI9I,1
EDGDKR4O1Y,0
V58TBHDT2W,0
M5SSGJ1NFV,0
JHXXLFM18B,0
URPZCJZTOO,0
L11SA28RI1,1
H1MRKG9IMA,0
NUMWPL9ULI,0
AERY7SKUQZ,0
DZT79GV2RC,0
SIVRA3WGNS,0
9LXXLFTF2C,0
E9R1FRXTF9,0
KRLT19XCAY,0
HO225BHZF1,0
SFTG5VNBXB,0
TK50Q25UCD,0
RQEOJT0LA9,0
54NZH83ZO4,0
PMJQMJYMSL,0
ZDEHPQKF2F,0
NBKIXFSQWG,0
IGSYG3UPVJ,0
UYQ3HOLPSL,0
YA8WETKGV7,0
K1FAPZORA7,0
ZZHATZDPKB,0
4AHEU35ZN3,0
ZG9WVY89IV,0
M0UYCZH2QQ,0
31KDZPWLWP,0
E2GTTKMLJV,1
Z01FGX4AHK,0
UJIKKNX8M2,0
YAL5RS45IP,0
PL482MYCT0,0
15REHM5AWJ,0
KBAZPU6UOR,0
9KE0Z9LHWH,0
FCK9OJ28P7,0
LYG7HEB4M2,0
7NY2ZGOI3G,0
NYNYUNNNR3,0
51PTF59GWB,0
T063NBB97N,0
PLMC3GZB34,0
KJB2OERMYH,0
KSQO3ZNBLW,0
FK5S2FTV5M,0
E8VRD65G8P,0
APQHIBYY9W,1
SKDMEUJEK8,0
MMIN8CME8A,0
7EWF5QQG9B,0
L1J13TYIHR,0
OIVE4TS099,0
UO4F0F0P3G,0
7GWY0ZAYKR,0
U58U7JGB2L,0
TFHYE46X23,0
40NO70AP8J,0
SDP7YGHMLF,0
19OA207ZFQ,0
X6BENR92XX,0
R65WZSM1BP,0
FMRJ05HZRX,0
8BLGI73F6V,0
PXRGC2NSU5,0
T46S4Z7MSI,0
999EHIZ867,0
HQL9X8YKGX,0
LLH3T37Q02,0
OHTMEUX51M,0
H758UHDAJ0,0
FGF4IHQ7EY,0
FRL8CJEGF0,0
DR36SL181A,0
CGA5XDA5ZW,0
ULL162V54S,0
CXBY2B2Q4S,0
4UKA71A42T,0
5UZLM54XOP,0
IMZJ1FHDRZ,0
1G86YHEL1N,0
HBPRFLGS2V,0
8Y1GQVSXFN,0
R9MNN4KC7R,0
4NT48FLN1D,0
0MDJGO2CTN,0
QG78J9I7Z4,0
RVH8ZMP75C,0
WIGYYJ7Q3B,0
SMNO5IX2TI,0
78T5V0YKE8,0
14ITYZ1B8F,0
0AXR9P3WO7,0
IFWORAW06I,0
8WQK07Z8WB,0
IRK1KG03AW,0
OP9CJ5FKRQ,0
K3OIJ8A76P,0
H65TXGRF5S,1
5YMDE2UH3E,0
E6AIYEVP4F,0
0GMG3YU0A0,0
1SRG25H8C5,0
IEPLNPSYWG,0
UQUSFEL134,0
K6VO4P22SQ,0
FPVEGWCP6E,0
H8RPJKCBAD,0
SK9M48QTNJ,0
8009K3073J,0
BKJXQ5YCL8,0
NPWWF7I5ON,0
T4A3JCNU8S,0
57X2O2R479,0
J7E3XHM1TV,1
AF02GBXQS6,0
LGMTZLRGS2,0
0J16DWSVU6,0
4PYGZH0O29,0
C26QRU7BOF,0
REFY5PTKBI,0
E82SOHSC5W,0
FYY9H6KPET,0
OYBE8B7LGC,0
7Q4H8L9CUO,0
F1M9LO8074,0
231OD5S71R,0
DWHNIU5O8W,0
0XSABWXQUX,0
195OA6VFY0,0
0TPSAL6JJD,0
8X0YDMXKIV,0
5OFLHEJ2A6,0
6EWUEK8OCR,0
AKDJOH296M,0
7B3MZFF026,0
9XP7IILV0N,0
J1BVB7QAE0,0
GMPS3LAAIT,0
W7B61MT8RA,0
W5YVZJYK0B,0
4ZIG7GO1C0,0
RNBP7D8U3H,0
S8U20UYPR4,0
Z6SFF8OAJ3,0
HKO4IZB03A,0
Z3YO718ET2,0
HNQT4QSGT9,0
91VGOMXKVS,0
XIG7JF5UHV,0
BLV20FK64G,0
H4ACYY46NP,0
GNGB0Y2248,0
MVFU1LSWVO,0
3PPNGYG8WE,0
R65XVY0QGO,0
P5I16ZYA3N,0
DMXO2Q2NY3,0
DGTEK3BBP0,0
ZU6YA1TW7Z,0
JSR529RSSQ,0
URYTKKBFXY,0
VUVUFJG7BG,0
6OBO6MUJ98,0
T6RE2QSG66,0
HB3FPK4LMS,0
UPSVS4PK92,1
XL60A75JGF,0
J04MY70NTA,0
03IO75CAHI,0
IOU3WKLVK3,0
MLRHCDS270,0
SH8KA9VJMH,0
JWJND2RLMR,0
JC9AR9C50Q,0
TZG2CYSNIA,0
WBXEFSWCD7,0
ZG95EUT3T9,0
D0LT3A4EN3,0
9YMOETDGM8,0
OB7HBKC9ZC,0
OARRHT15CO,0
30Q624QTTD,0
HPP1YPS5GT,0
6EIDIK4WPR,0
2ZHYMN7KCP,0
8DNQZ718O5,0
QWUNYQN4NH,0
KXY8BJCCNX,0
03HHKGME4U,0
QTBDRH0M15,0
M5SQLJQMDP,0
AMMYVGHE51,0
EZO2MCK9TC,0
VUIAAUN4VW,0
SV2FJEBB18,0
AHG1V4GZPW,0
FB46LMEMZP,0
F4INQ20WHN,1
GMXGLMHDB3,0
L4VHECN9JE,0
J5V7KHYOT0,0
PPFR946FYC,0
ZTU5QBIGIK,0
74WY84TYOI,0
TDNWH93U7L,0
2F3SCSPVMQ,0
CBQOOBOBPS,0
A1YOQW72K4,0
VWTAX3YF50,0
QJO9UVJ419,0
47FG2FXCTQ,1
JGS0AUY20Z,0
0CNL0GYX9P,0
T7S46B0M6P,0
DCRS8E82UG,0
8367X6H8IP,0
GUBPCAGE2W,0
WY0PO6G3FC,0
5LLOPHI2KA,1
SVGE2OT3K6,0
NNEJQJQ5C1,0
X7K41Y2817,1
6WVGVH25DG,0
DVWYS17V25,0
OD6MD4O7IL,0
GXOHYSU6SC,0
CQZZNGF1AE,0
C90Y7LHFPZ,0
JDMUM6ANG9,0
9I7Y7IUIAG,0
7EFSJBWEIJ,0
L8S4P7UAPT,1
5KSE347L2W,0
LGEKZS15RT,1
S97SG1B58V,0
GR8G64FK6I,0
6T86WWAT3S,0
9GE84ZILO8,0
I9F4DST252,0
Y6HZ7W8AFC,0
GDO3Q7G6MK,0
EN1ZK7XYWH,0
COK60UGYOS,0
USQ8A3KCTA,0
RIJBKLVYSO,0
C2AXVWR71W,0
TD5ZIQR2E2,0
QJFAEEUJB1,0
39BGA4TJCZ,0
YU5Q5KC18E,0
FR5WXY5CPG,0
UP5ZEAK2P9,1
CMAZFSM7U1,1
93U8ZFS6F2,0
HK9P0CCD2P,0
P3JUFHO6PK,0
XAUKNTCKCU,0
DP77IF7N0U,0
BM3TFFE6OR,0
AJUO9NWFFB,0
64DILM9O4H,0
OFWHTGXQFH,0
13MSTHH84Y,0
ZSPIERP7K3,0
XV2ZH61HC2,1
U3FPP5WB7X,0
2LDPKES37I,0
JLQZB3TP0Z,0
Z577DZ74S9,0
AZVA4WRL68,0
G0KZY1NO9W,0
913ZU2T3J5,0
KQWVHY4P42,0
KDIF878N6H,0
8DDWBDNF1I,0
JWU1HUN3VE,0
8MZ25GCARI,0
ZQB4UV7Q9T,0
UMA7DSZ3RQ,0
E1ZOGXIQG7,0
DSALJF6EV1,0
XRFVO6B9O8,0
D7MZ9SA7CF,0
OWLYDPXQMJ,0
NJVOA9670H,0
2V7ZSXMCA1,0
CC6ARZ6FE8,0
WUVVH5WRO4,0
ZZRI2QP19S,0
R98KNFW330,0
8EG1XQWXB7,0
VQJFI2GR18,0
PYGWM4AUPI,1
G3C80NCZ9A,0
Z235H43ABS,0
K5KD9MXRLH,0
7JKQM0E74C,0
SCX54NF90S,0
RTLKYI8DLJ,0
49YSLI92YP,0
2FSVWTKMZD,0
ZN24N5237D,0
AZ495J7QXX,0
89J9JUY09G,0
61KQ4379RN,0
XDP5F0HFBY,0
RR9X9IGMXV,0
G9XZ062FPK,0
KQOBM7153J,0
67TNT4HLOK,0
60X96WTYXT,0
BB2HKYH7JA,0
7VBD62FU1W,0
5WGS0YUPVJ,0
U8HDX02EP2,0
2WFQ2BNZM6,0
Z40HJ3CPK0,0
D4Z84ZJX32,0
VJ9R9SMW9B,0
WD98IECKO0,0
J38L6XQL42,0
J5GSXO9NVH,0
VK8MA0S9ED,0
SYJTN1HQ1I,0
3RGP2F1ZND,0
MI6WIZ1TXU,0
E8MVG3WXUI,0
8FK6FQBFIG,0
CVE53RSX1L,0
X51B0BOYWF,0
7NJBSLIWLC,0
MM1WVX4JSM,0
RORP4O70UG,0
09YLPDCSGF,0
XZYPJ2C31V,0
Z7HLXBGH91,0
96IFH5C6K0,0
ZX3KQCDK8V,0
933I6M8YVS,0
GM5DXZGISC,0
S5AYUU8N3B,0
D8C0IKB075,0
63LTKRG1QZ,0
1A2PREDFZP,0
RW3BRJ19OK,0
URUDGULX4R,0
4RA1GJUR9M,0
3J68VB6S3H,0
8FYGR4YW4W,1
JA56J0N8O3,0
0YJCTG9MPC,0
BL6FR4HIRE,0
0QGIZ75AG3,0
1UHCQ1O3IU,0
2VXRKKUAE9,0
ENWS7J42RQ,0
WATZRFAVN9,0
RM79W8A1MJ,0
O6OOB2YLW0,0
2NB9UABGQ4,0
OR0PEYK4J2,0
33Q2E5XOMK,0
78T2EPLS4I,0
6C4GHX5PI9,0
S0ALHH1EMM,0
EZGEKSKNRM,0
AS7Z5R1GBE,0
J2GOO7XYB5,0
NX57HNQW41,0
PABSKE18NZ,0
MHXXMNOD37,0
EAWWVP7RLI,0
WSN16F0ARL,0
2MRNLL7D2B,0
9377Y895V8,0
YFEU6YFD8G,0
T8QYCTI8AR,0
BMMCXQGNS4,0
0HQX3843TF,0
8OBZ4AFNX3,0
MTW5FW77ZJ,0
9DCA9E5SG3,0
16PI2EPF6H,0
73NGT5EHBT,0
ZZQAJ6IOKQ,0
PVDB2ROYG9,1
3KYH0BAKYC,0
EPQVTKJ2IY,0
LUGP905X5H,0
4LZP9FZHEW,0
X7C2WHFOWP,0
Z8AT3SQ5HS,0
7TOIF4EHHR,0
TH6UFCQRAI,0
ON0ORWVQD0,1
G2IP0NTHA9,1
BP2VC5BQ6N,0
L8FWFWGYXD,0
FWI8KZPPTY,0
3G2502H1M6,0
0QMJYNINPR,1
YH68UEAQ8C,0
XHDQ1LS8P4,0
FKEUDDJ2J2,0
R6ZLWZID4M,1
9SCID2L6QJ,0
7HR6IEM4W6,0
KLM51SP72H,0
QZBMPIZ166,0
ZYPTFXHN0P,0
PB6WLLU45A,0
YVNQK1WZDW,0
278D37IPKW,0
HKWVYL0IMK,0
O23HCN3NA2,0
VF7IO5MF7C,0
03CXBDQKJX,0
T4J48BO4O0,0
PUOX0DF7BJ,1
U2FBIN6PGS,0
IUA7KE2RHU,0
2K8LCX8Y1W,0
C7QKO5IPL1,0
LLO7RTR0UM,0
PAV2NPI7UE,0
KUE2E22QGZ,0
WAN6RTRBJQ,1
JWR8EPYBBP,0
14MJVNNYMA,0
NH09N8BNIP,0
RMFICT171R,0
6EJQHMXQH8,0
635VXI4VOD,0
MWDUF766MU,0
MBCKBDZX68,0
XW782J5EFF,0
PTK462JRVA,0
7LEDD1PN5S,0
PVFJ9HWAJI,0
NLMKM28TRB,0
KGA1NGHTSS,0
PHAM7C8B1S,0
PUII7303PG,1
EENXMBI6PZ,0
YK7VUMITL1,0
JZ0X0OERB6,0
EYLM1L1MGM,0
NPG2387719,0
7452QB9LF7,0
X4YY0CNJN6,0
76L3L2IEZN,0
NTG6YMZHI4,0
S1NNZR4LJE,1
7FM44F52I7,0
QSN6N9AKIW,0
5USKLNZBHG,0
QL8E0T6Z12,0
HQVDV0QBII,0
NH8KWLOU8S,0
34UUKX396K,0
V9JWGP0GML,0
Z6M5W8YC6F,1
U4ETPUGK6D,0
TU28ENB87F,0
VCPC2PQC7M,0
WAMPZM82S9,0
2A9FPLG6PE,0
HF1ZGLYUOM,0
MQ977XZKDY,0
0DL594D566,0
GZKFTN4FUV,0
95DRYMC1NI,0
DAG89AXRB0,0
KM0WJ8QVGD,0
E7AN042X7V,0
CUM9SXHEXG,0
12DNYH5LAN,0
F4GQ3T4AHP,0
5RVH8VN3N0,0
QZFHTK7GPA,0
ODYTVKAKWB,0
SUW5I1XQ2S,0
JITDU40JHE,1
UFGYT2O1YZ,0
8TLL8XAOW1,0
3FP6T66F0B,0
88V3JZ0M8A,0
RZO73WUCP9,1
YRJQAJQI0R,0
IAY4TN3C5U,0
6JTTHY66SR,0
OHBZVIKH9S,0
3GWH9A6WC8,0
Z1R1E4IJK4,0
3OYK63EQBC,0
VVF5AC4QZE,0
7FIHUWHJU5,0
S4EJDQAGVQ,0
2I0RG2ECCJ,0
5S2E48CT5X,0
07XZNAR1GG,0
OYNHFM2EX4,0
Y283S84Z4E,0
LAKRFG9644,0
HFHS044BQH,0
L85FL0MXHL,0
25G1CSGO11,0
S8F0180SP2,0
7876BV09NJ,0
SUNZPJB616,0
FZ30NLVAAX,0
R7KW2QO47N,0
OAJ218470M,0
F6706794EN,0
VCHUQ6EAC6,0
JS0IYBN395,0
NAUWBSP9MT,0
JHZ0QMH6BE,0
5LF2WFBEF5,0
LC6WX11HIC,0
U7SUYH3MRV,0
5KWC5GE71Q,0
R2KA8NGFA3,0
5E8SLAMR96,0
GN0KDDVN8S,0
S3QXEM9PHT,0
1AVPS0QW73,0
V12P93O1X1,0
WJIOI31198,0
O2E80DVLF8,0
PYMQJMPY4E,0
4MCPUDWQM2,0
MW3WAGG221,0
BX4SBJOJX4,0
WKK5CP6P41,0
I88P9H8LBT,0
TZFWKJ9Z0F,0
IRBWPL2LW0,0
IPLOEXVBK4,0
Y5EWERNUEA,0
883VWTEZD9,0
TNPQQOOB2F,0
EY2NCFQPX0,0
X8BBKXZR8P,0
6ZXNTHEWA8,0
M7PZ62UDUO,0
6AOVSE34D7,0
AICTT2X31N,0
UBB4XZ3LVZ,0
PVTV8EFL8R,0
A3I3LSK1NZ,0
7OYPIW9KIA,0
U0668T3V1C,0
5A5FD2J27S,0
TKK4RG21CQ,0
NST20177R6,0
LNZ1WJF6PX,0
I88DNJFOCF,1
UQWONFFKH2,0
AO1QNY2HD4,0
Y4M9M623NQ,0
EXP19EY70N,0
7OK6ZB6ZCZ,0
ZTJDG3DYD7,0
62LYUWS8JA,0
SC9D3G4H0N,0
Y0QT3LY9K2,0
VYE7Q94U3M,0
9KG1G61LIY,0
SLTT93Y2WB,0
BYPPICFJW2,0
5M6GASC7T7,0
SCEFTWDT81,0
KCI4M31E0P,0
4X4LCELLK7,0
6E05XIV43Q,0
HZDG4Z5UJT,0
8REKN3F7JG,0
UR8TIGWT1Z,0
FZH2WQK8IB,0
MS07KH7EK1,0
SMFNUJULJ1,0
UVD7XTYVKP,0
96IKGAZOWJ,0
8P7XS6KGCU,1
M4DPD1ZSB3,0
BLU91MKH0K,0
ZU01MV8M3D,0
UCF2G3OAZ7,1
UW9AE372R8,0
U8Y756PZN1,0
R25B312E7N,0
7WHY3J8VYM,0
M4AJ2DQOMI,0
N681DYY827,0
L7GXDJVKVW,0
OCU0NV4LXO,0
GKLJUVUX8M,0
WZR2UM4BH8,0
KHQ01VSTFI,0
GI7CJ8I9AE,0
T6ST61BGZ3,0
UI1KS97NAP,0
QTVHKGZVDW,0
UI47HT3I5H,0
JD22RRHVVJ,0
PD4NRIJRM3,0
L1Q53ILSS3,0
NL3FZHG4FP,0
YSHO91N3PI,0
FUO8IFI5N4,0
Y40YTYZ5BC,0
QIJEBRY7SK,0
BZOQ9WUFSP,0
5YC47GA01G,0
0O4I36779G,0
QGOBKYPL12,0
1N7KGSVCEL,0
J7TES46TIL,0
8BYQRKW90V,0
JFQEDEHEBU,0
1G2IZ0OFJJ,0
WRJWP2GLOQ,0
8Z18W1SS8G,0
KC3OEVHKZY,1
A0IANGVT5L,0
JNM778HANA,1
870QN2CAN8,0
RV0W60ENGT,0
CVU6PH2Y4P,0
8CKLO6QNLE,0
EJSHMWCKHG,0
2NTE6X2H0A,0
G02M7RNICH,0
QP6QSGREMP,0
8HAEN5P8UL,0
SOWS74ATM0,0
BPM1E8IMRY,0
M1VR0XR0UR,0
O8JRB720QI,0
RAFHJ7DLCW,0
SKSYNY44VZ,0
O2RGC6GYH1,1
X324QK4QNL,0
ZVIB1FZJYU,0
XGY09193H9,0
F8KHGBAP3S,0
C6AK579UES,0
D1ZWXC7FJ5,0
QEGLNH0KTF,0
3IIP5HG5IU,0
HDR27EZ4XT,0
GM2KTL3RJ6,0
BMVJ232UO7,0
VPASB2TDVH,0
INVPZBRRNA,0
VNRHSBDJHH,0
CH49P2EML5,0
GQZ1ZL85UF,0
TOQQO5MKNS,0
O5AAQ6WJQZ,0
14T6DBQG0M,0
OJ4JQXF0AY,1
UJVBUJZG8R,0
6ZCLDMH0LH,0
KWRK0L96JJ,0
OCBSK1LG1K,0
8Z50M3FPHR,0
ZUDFX54RHZ,0
MQPDY2P3AT,0
UJ7EQ3GWC2,0
7ZAF96NRTC,0
Z4QMKIVF6E,0
ZERTZ0G0Q2,1
Q7FLF9IR3T,0
OJ1G9NF7TS,1
9OD7YFQM6J,0
6L339LDG4E,0
MFJWEFSLZA,0
5W79H15E6N,0
VR15ZP9WS9,0
OI7BV5M0OE,0
CCNP2IQ3LH,0
3D3YGES1YP,0
9LAYB5VU9N,0
FSHP59U31F,0
W7ZSRGPXQO,0
XLA6AWLHT5,0
2UQQB7WK9D,0
TA31FIPMHC,0
IES5WE4VWN,0
2M066WLWM3,0
OZ6UX8QDI1,0
O9PHFHO2K1,0
PE2AKH1QHG,0
QNG9NQVN28,0
E3VWBGXQUG,0
BQI9IBUAUO,0
SMHH8GS3NX,1
YMP0LMB6VD,1
VHF5YRB0W8,0
0I9HB7VG0J,0
AZ1Q6OHMFC,0
68UQ8TP8YR,0
XMWKRPIEIQ,1
YO9U6IPY4Z,0
64OIMTSD8R,0
ZJOD8A0YY2,0
KDGKATT9A5,0
AE3IPAXSEO,0
E8CWCPVJGL,0
QM9C4MH0TN,0
TU2DNNVNSE,0
AAEOH1P8XW,0
VB5SNH62S1,0
7RGJW4CZJ0,0
RDO7I0XKHZ,0
8GBMZK7YB9,0
YIWIG7XFNO,0
UAOC32CSUJ,0
ML3GM36LUR,0
BYJCMZQ3QF,0
IYPRLHQU5R,0
763NOEAWH7,0
UJS49HT43R,0
LHEW8WFYYW,0
F4OMLRSDWW,0
UZLA9AWJ95,0
489VADYYSQ,0
JP7L8IO3J8,0
7S51BKH59L,0
XHH6P2H35J,0
HIOQQGXYRY,0
TWPNETQJOS,1
UUO97VIEN4,0
I4ZAVVSEAV,0
4R5ULIPRC2,0
IH4CE9GYD4,1
V05U356AL8,0
DVFAO69P3O,0
1WGBZVBKCQ,0
CUV6AZCZZR,0
2F76SBI14U,0
MCI915RO32,1
9YA71JI2UQ,0
UCI2ARZEGW,0
NVHE0JGNTT,0
9819I2CW7W,1
MYTA8PSXRS,0
0ODF1PJUQZ,0
CUWP920D4W,0
W5BDNORDVY,0
0E3EUSIDGM,0
0NXBMW2Z5Z,0
Q12QUBIBUI,0
BPRQ9X9URU,0
7LN1IYPOU0,0
FL3K82GXIJ,0
LEA7ZN38LQ,0
CGOEBJIAOC,0
0WL9790GN9,0
CSVZS5I4RD,0
AITRD7BW5M,0
62YKVFQ61X,0
VEYOS922SM,0
YV265HQLJH,0
APWYG9GWM2,0
Y2HMN46Z4Y,0
WEWQG6WEN8,0
RNY7WEUJ9X,0
HQ3KT3PK8Y,0
UQ1SBSFOJ9,0
00U37KFC2N,0
3CYJHROGE9,0
OSF5A5WROD,1
GVP0J603P1,0
7GZT1SEYAV,0
55HV3N14JG,0
9OIL5R148F,0
URFZ2W4TL6,0
3W5KJFOH51,0
2FFJ2NUWV0,0
VWC2B3WJEJ,0
1TTPMSK6JU,0
8RL1PDTWD1,0
3CCSXZRZ1I,0
GHQJ7RE0KQ,0
2WJAN8V4CJ,0
GEP3CN34QO,0
YGIKED8C85,0
BTDXMW5OC1,0
U6ER7JUJCR,0
GYK6UO9X6D,0
0UVB70WSXQ,0
MOMMIUY593,0
5JW1AIZCB7,0
P7Y3ZLXCPI,0
5Z6NC46TIE,0
23YL6ITLXA,0
GS0UAKQECG,0
BPQMKTZLWQ,0
IEJGZUSLNP,0
S69MOSZAJN,0
XV2DN4WI3O,0
KZJ357GVGV,0
SXMIV8C9JB,0
PUF72JWCAA,1
DGMLTKC1UY,1
N54H9H6N22,0
9HRSXKI0E5,0
6XBNCU08KI,0
G5KBLDLIUN,0
TK1204XOND,1
AGP6PFBD5V,0
2TNBGZ7Q3V,0
F1YP08PJN2,0
35DXQZGAZG,0
4C34XKI6H7,0
CWRS6N3RYS,0
8H5X6HQZIQ,0
8N9J9CRB54,0
LLMBK0L8TN,0
OKVGMFHQDI,0
06WCPP6P5O,0
GTBQMRDRZW,0
OB3XS4JJ8Z,0
L1R6PWXS7T,0
INI2N9Q0T8,0
ACOR8XDZP0,1
OPNJ4DQ3LO,0
MQ73S6OP7F,0
K2GKLN3IIY,0
Q84K0H9R2F,0
6VM6JCBYG1,0
SLF697KEN5,0
U5HFJDKFBK,0
GFZCD798KQ,0
IYDTO30FCI,0
94G6R4XUOK,0
YXFOJZA8CU,0
HTYARR3210,0
Y7TWEK2UOI,0
2M0TUZTUPK,0
YUORVRM7J7,0
BLQ73LZS2W,0
C03YN63GJ1,0
UBF9P22I95,0
RDW2D1FY83,0
3UKO90Q1P7,0
BB3JX004O0,0
J1M0W0FZ8G,0
EPX19OKLJ8,0
5WHHUE9AI1,0
TBVT9ZG1Y3,0
7ATON17HKW,1
ZIWVBC9CZA,0
BGWB5MD1G1,0
O9UQGH532J,1
2CS05B7DAN,0
KEXHJZ0B6P,0
4CJN4RBJK0,0
0ZOCMGHNCK,0
UTQ6DA2CTW,0
MKW3UF2NT2,0
1MOUD81KJA,0
43KS18QW2V,0
AK1OERL50V,0
989KUAS9FH,1
V52V8183HV,0
YJS6UR13XV,0
26U1YW1DKB,0
A80MVND37Z,0
20IGR912EA,0
VN519ZK3WG,0
Z5UAWRMPZ5,0
114HVG24SH,1
GO504DXBMG,1
03JDKS53LZ,0
SONZ4ITU57,0
DIH8RSGICQ,0
1D85P1OW72,0
9RLAONFXKW,0
0KFI7P91JG,1
OZSZU4HGRS,0
7D8Q1ZUVXS,0
ARF82M03TF,0
8POHU010DC,0
XRDAHNQAD0,0
B6SAANNEG5,0
JB4B7IG1L0,0
YDJM63GBMA,0
M5TEUJK247,1
IIKR5UY2AN,0
6TILN5USTN,0
4AEESOMB4E,1
ZFJNETRYUQ,0
RGL935SPW1,0
6B054YSQJT,0
PVPLGH0YQJ,0
G1S5O5CYDI,0
QKYYQ49B15,0
QOD87ZY4JT,0
WA2GW503JX,0
H4OGSYCZ7W,0
NPDOVRSEPA,0
BQYYJIB0J6,0
T8KAQ9ZKRM,0
2R64SB2SEG,0
RQRWRRRGVM,0
H4J9C8W4LI,0
VNZVI3EVJV,0
NDHHHWQNRA,0
1AJ85LLFOR,0
BUN2KJW48O,0
VSHC1CJUSP,0
K42H8L1SV6,0
7YVZ5QJ5CX,0
QOM6VEP8GP,0
TCUR7JJLJS,1
O5UYJ0EZ4J,0
B8GM8C8RD1,0
UDELURQ4Y8,0
XZ3QTGGLDH,0
B4Z3NM1CAV,0
PEO01F3OBF,0
X2UMU61KXP,0
Y8D73SD8AD,0
IX7NKD47VX,0
B78QUC7606,0
1V8Z0D8L30,0
825XLG8IDM,0
URZXY1AOSZ,0
96YWC1O0UO,0
0BU22RP2M3,0
8SB75WRX9Q,0
XQN6D5IMYH,0
8GPIOCRZ4F,0
DMXVRSJD8D,0
3YO1G8VO9S,0
19WUTZPWVS,0
WQSI3Y5K1T,0
QW7DSF2C41,0
FJF8YN1CRC,0
E09RG2Y25Q,0
V5UK88EBAJ,0
VQKQSIQULE,0
IYN84SIUP8,0
S7G7C5YL70,0
I509W8052C,0
TBIK30R4VX,0
7B8KIM5N3A,0
PHBRV8YM0J,0
QLFRIDG64I,0
VIJCT1S8MU,0
M2W2BRY8QI,0
7SO9D6J512,0
H41KSY21HY,0
XITWCMN1AD,0
RZDKV2WJ5Y,0
GSDAF1NK11,0
HEM43AZ5G5,0
QE67YE518A,0
IZ716X3U81,0
0CIHQDFMDR,0
1KYFUZR9PT,0
9VGL6FGK2N,1
TJG7ZRH56G,0
7E7T406GKQ,0
UUYW20GE0V,0
05LJIGLFSX,0
YSDM0ZFOMQ,0
A8JVQYR5DM,0
KUPED3NIRS,1
2L0IYE8616,0
QHVYXOPXJ8,0
FWZWYDFWBO,0
IO68V76B2Q,0
ELUI9HHYK3,0
RV6WO3G2A4,1
LRM01V9PFO,0
IC6NJ3NVX3,1
TPXBNUQSZX,0
X7XCJ0FZ32,0
OL7S2R2CXS,0
RFBFYKT9H5,0
XG4TMC57H6,0
WDUKNR6AOF,0
CDKX7MTY21,0
GNP86J37WB,0
QAXDRBOMOC,0
DHP6Z110ZW,1
JQDEPUITDU,0
VWKG2ATQNT,0
CLYVIEX0J8,0
3MRSJL55X5,0
NWH1F1U3S8,0
YDYBC9JY72,0
2Z0MMS00MA,0
F0HJA4IP6C,0
DVG4PJGMMN,0
FQS9EVF1XH,0
RV0ZYZYA6R,0
9UKXWG6JC2,0
UIPO9GS6FJ,0
CB2W5CPULU,0
YDB6IYI5KP,0
91UOMH4NPI,0
J7F4XWXYY7,0
WV7822X7C6,0
SDOD4F9FX5,0
IIUJXMB8VT,1
M1IQS4K049,0
J9JR1OY9H3,0
RTWA073FFF,0
3TPEV8VAFJ,0
YOZKXNHZLY,0
RJ2DZHW89A,0
MLHT2OQPIY,0
DH6Y48LHKC,0
GS4AIXZ6OL,0
NO1FXDTUJH,0
1HJGZS78WZ,0
N225BMG3EH,0
B241HR5OGL,0
BQRIQ33XS9,0
CWZPLEVA6V,0
3XGTETT6HM,0
LXFSY6JN4V,1
FVST86JDEV,0
V689F5WCS2,0
P90YLCKW1G,0
70S2MQX8C8,0
15QKGHZPAO,0
3TX3W1RY04,0
7DONDTSU3S,0
030NIKZ3I5,0
Z2L9048U0P,0
PUNMK4CY9O,0
N0RVDKP0NX,0
JH0ZZOGMH9,1
VLPU2MZC38,0
4VL8BRI3QJ,0
KVZXOQ6379,0
TCIP6Y1UI1,0
OF9M2AGGQ1,0
A5HLF1JGJX,0
6L1GX5LMQ7,1
NVQYT95N58,0
S9NRFIHGNA,0
8WFD2CIW79,0
4I4TZNKXM2,0
2NW59XSD1F,0
P2TA7YYOAR,0
A8ACVC9XLJ,0
5OXNO0DQVU,0
S63FV7AMIC,0
60G6FWPGT1,0
V2F3VFTFWH,0
64591S1C5F,0
IFHKJ5GZOH,0
69966HC7C7,1
62QCSGK8U4,0
JQBETKXIB5,0
28RNKVFJVS,0
8X2ATH9R6P,0
03U411I94I,0
MZJAV55PY7,0
CT13BTM778,0
UIELNW6MQ9,0
UWNQKUAF3L,0
86A4BFWMT3,0
TX454LEVOP,0
U1LVIVGP7M,1
2KL3A4YI8A,0
WJO8EJ0NEY,0
FUAVLVYOVH,0
5T9D1FZYYM,0
DQFN5A58ZG,0
S2DX9ALR9U,0
U3S1V4ZIU4,0
5B43DVMCIW,0
94BKXLLX9E,0
9AVH64UP3P,0
5VLUF7ENPA,0
KH624OEWI0,0
J8FUEQA4PS,0
D03806LR69,0
YJ0ARB0SKW,1
LNXO4AW7E8,0
J6UBGPSWUF,0
MRFT3SPBWQ,0
AXWVB9ZBI9,0
OS0SWMFQYC,0
FSBIYF81OT,0
ZKVJS5PD5B,0
RQ73FJS0DB,0
9KMHP6CK4G,0
DA9EW5YBR7,0
88NID6DYEV,0
MZTPZ642G8,0
64XVJ3M1NA,0
025J1QCYJN,0
HID1MZNF5K,0
6O3U2W5XDP,0
DGQ9S5EJM6,0
TLWVFLHGRM,0
IJLRRGPK4Q,1
1TCRVCOKHT,0
QXR8CW5QVE,0
ZNIJUY34FZ,0
2E5DKC4ITO,0
X5CBPJTJUO,0
ISHQCTVNN8,0
P8VFZR4M9X,0
5T8PRFPVZE,0
0KNPE2B9K9,0
8BGXUBG1XN,0
NA2Z33MHBD,0
I766VGCHGV,0
KROKGCXD32,0
YP4GVWG10G,0
UBUDEJ0MBZ,0
HP6ZN0WW48,0
WNZB6J93BA,0
UD6CXKXM6R,0
65MBCZ7SHZ,0
QFIQLSIZRF,0
B1OVW2N32W,0
GXZOATTOMB,0
NBITPBC05C,0
Y3P65W9IDZ,0
GDYSTG06IC,0
OYICAYLAJ9,0
CLUX70L105,0
D1IEGX9HRN,0
A6X73BZTJO,0
R645S7ZFCL,0
02P7AXFTVD,0
XMZV4724J9,0
598A89AYOX,0
SVFF2EJEHI,0
HS554NJUB9,0
UYQSLSDK0D,0
U6OJJB83T1,1
Z6DUDXQPUZ,0
MXI6CD59NI,0
1TB77AAE9P,0
Q5R4GL1DB8,0
V8JMOYO9K7,0
CTQE4NEU25,0
JCTYLG24BP,0
7ZGAX7CJZT,0
6HRNAUJNA4,0
UEFUF2LS2G,0
MRO3QQYESD,0
HCXD0L49HR,0
VUDGAOFAB3,0
NADPIRKV41,0
957MYEV5X0,0
2QIU8ZITKP,0
UP33DVOS69,0
FFFD5PMCTN,0
B88K7N0D0B,0
86PBULU8QC,0
EGBFAROD4W,0
7RSQMETLNE,0
DSXACIQ8QS,0
TN78F0PPV5,0
DTSYEMACQD,0
OLBI2NP2NZ,0
J6EMF93GZU,0
HUDDUOH2BJ,0
JFA3HY9E3M,0
9Q93LYFF2F,0
HESWEYTVX5,0
43ML2WKLTF,0
313ZFJV07I,0
EP9WBYB0RM,0
9ERA9QRP54,0
VQFLA962PW,0
BUDHP7W24F,0
PYRCHFYP9X,0
WMGJJL0QRV,0
WQYAJAE24L,0
I520W9EA0K,0
WSQV67ZTGY,0
T6OKPPB81R,0
37MDYGHYFF,0
0POVPAMXVS,0
6HK2OJFKIM,0
U1035DY4K8,0
9YS3RBMJD5,0
TQ5WLNLRXW,0
2DZCDF24RT,0
WI8VQCO3IZ,0
S36BZCDTAW,0
SD2X13AKJI,0
L89MC010YG,0
46C19XF2Z6,0
M2IDI7SJM8,0
BNQ32FENN9,1
9G80K9JAGT,0
DVFZFXSZ4M,0
6NKN6B2GQM,0
QY2BW3CZZH,0
ZXEQDD4DTD,0
URYALB0YWN,0
P6L9RG38VL,0
735RSUSBSL,0
DJFW3SRWS3,0
Y721TW37OT,0
QV1JN7GY1V,0
0LPCM107RE,0
HSMPD5SMX3,0
0VN464C8TS,0
SC5MJQW2RP,0
CUDUC86PYE,0
E03LK4EOBR,0
N7761ONAJ4,0
H6YKZGKMJR,0
UCTD17SCRY,1
FMDC4FT9OL,1
FPA6PZYMES,0
VU4QWHC7J4,0
KYWXTCE8D0,0
SC8Y0MU2ZZ,0
11011LQBGX,0
4CBCNRFF23,0
KKO43O0BQA,1
WUY66FARDD,0
RFXRN0PMOI,0
TWQ4LMRYBO,0
XPELWICDGK,0
UCARPIH5N1,0
88GUR65LU1,0
I6CQCME9A4,0
LHUPD458OA,0
U3GUT8BNQO,0
X7R8AAQH1K,0
XECORMC2BT,0
N5TWFCWL4X,0
TWI13HJ0A4,0
L458ZZADA2,0
RV4SHJCIX3,0
BC2T9LEJUA,0
2GT7LFRTZU,0
JMZPYC11PV,0
UD53YSEUI0,0
I488ZLENZE,0
KCLXTYA6KQ,0
WN6V0R4H6P,0
YLUST1LGBF,0
SOH64P1BX0,0
SP8JGHVVGJ,1
5AGQ2FKP74,0
XW62JY14V9,0
3WZ4JYJOF8,0
NNSUWHU072,0
QDO14OGYG4,0
KXXSHCDKIT,0
6K71TQ7EXA,0
FI1LXSGYYE,0
HEAY71LQWK,0
NHAW052Y8K,0
DWMZJ82DCD,0
2SBIY3M7W1,0
HPO2A5FNW0,0
9LLCL4FJH4,0
AO9TFG7Q1G,0
FSGL6DCH3H,0
V43TDQR9AF,0
OZZ0IWHARR,0
L5HUX4QMB3,0
GOWCE7UQTG,0
CDWD2DML10,0
HNYWFMZSLZ,0
YCPU2MNRNX,0
SNBNDCUT2U,0
VFDI64JAZD,0
YFXLKSKCR2,0
FNEMTRU39H,0
3XT8Q5X3PT,0
ZQ60HU7QFO,0
9M89G5QT5D,0
S0LDSUXDL7,0
GGN9QWXQ1R,0
BKY7VBAUK4,0
8E27GWNS54,0
N42I0AL1WO,1
LGYIUA0ELO,0
SGC2RZM8IW,0
Z8XN7O0EKR,0
VRI3D9SZD2,0
730SP14BWI,0
CYTOW8L5GN,0
5V62K7F1JO,0
BG4VGXYGU4,0
A90RS6AGOB,0
NTS6HD5XS5,0
EUGXRK36F2,0
K6RQQN2BKS,0
201YMLS71X,0
AXFB8ST87L,0
8RV9T2YF7D,0
H6CGPTWELR,0
MF3N2QS5CB,0
CKUS8VFAED,0
O3SKLRHXL3,0
JS0KFSYKKL,0
K60C20RTD0,0
H0PO1BS7LC,0
XG20D2J0J0,1
8YCWAT4HDT,1
WF5S58IOM0,0
JTI6K46IO8,0
3QPTREH76A,0
WG3IU4INXB,0
V6748W4250,1
DD5A9T89IQ,0
KRQ0GFCVSR,0
9AO1NV1TF0,1
F6MHNGF7QB,0
Z2O2LVX5NG,0
F33PQN5GF5,0
Q6SQSN01RJ,0
Q3CGRDQUYR,1
0Q8W9V5U87,0
1CDN0XUGCE,0
KVNU42YLYG,0
5QU2HB3GZ0,0
YQN11JAMJ8,0
1EYZBD9ZJR,0
P2GZJ1UCM8,0
UQPCOZOE96,0
SGDQCEZKE2,0
YDWQNQC1ZC,0
3358FDWILH,0
3QE8ZKOLZU,0
6NUDQ76SIE,1
T83Q4L7YTI,0
Y7Z9XE3HNX,0
OS64WTDH0Z,0
8E7S2IZ6BN,0
Z4A9C80VY7,0
W9BU7QVEU5,0
4T3K1338GO,0
WMZ6H8PO02,0
BGMS51HZ5C,0
K1ZXKO0C8D,0
FKJUNVPMPA,0
K6CDETXGX5,0
9I0BY5SDMM,0
X9FAV2BZDM,0
R6XLY6RYN6,0
USIOIAR87G,0
O5HJ31D0RY,0
MESYJCJ7E6,0
CX5KUZ0K9F,0
W21BL1DKXS,0
JTMKZGU8BU,0
9IFVS2SU1X,0
P4J0UOFHFF,0
L68T1KQ1GS,0
XVUN51B2SI,0
LX8YAE2GOU,0
7A46AH111P,0
VRVIBRFA62,0
Z2OPWNAKBL,0
LP4V3S97XM,0
POGMUSZ32N,1
YDU4J7UDQU,0
1ECHARR9P7,1
J4NR8IHV9C,0
0GDJGFS82G,0
5Q1CKUW3KI,0
QNX9SU2EG0,0
H1JUT06STZ,0
F2OGMETY3X,0
VZW1Y2KVZF,0
UJ9CCGIA5N,0
W140SI8ML1,0
T19GTVO8B2,0
8H61XTXSQ5,0
G3E2R887TE,0
N056WFFQVZ,0
D8ZBX85S61,0
TUBYUDXOSS,0
TFGC2L33YO,0
P1H96CX8GY,0
0EE7TJ5R20,0
60F151NBZC,0
G0SKIQQAAC,0
P1778IEWTS,0
C9ALMEKBJB,0
KDICDCWDOK,0
OB6841W4U3,0
7U5SE5FEXS,0
4DODV7EQKE,0
YWZWPUNCZ8,0
NDXSS60EVC,0
IZKKWO4J2E,0
61CZO5960E,0
1EVSY4ZBIH,0
7V4JOFPW1H,0
7JHVZSIPJ9,0
P0IVH41SHF,0
ECC4YYX5L7,0
IWF3Y5HWF3,0
5HYAW9440S,0
8EI2Q8X3K2,0
OHVI2820JZ,0
S5BWYMQ08M,0
NZ1SMUZ0T5,0
QF05XIUFID,0
KEL0CTQSAX,0
CGTIZ3RRGQ,0
N8JENHSQC0,0
S65TJ9JCMU,0
5QBW3N5GUO,0
KOBVZGCKF2,0
BXMPZFFPY6,0
XUG5HSC0TG,0
MCK07NA6N2,0
I3N87O2S0W,0
QQHKTQHGJA,0
QM252103EK,0
SNC34WE70O,0
MOA0FNA1VW,0
TMPGZJHN6Q,0
06GUNBCBHV,0
9QNZPF5HNN,0
WV7TZ4NNOA,0
D94GPPOC1Q,0
LTKQX9K78I,0
YCRMELZH77,0
BUU0U2AIJ5,0
DJS6ZBBYHZ,0
CQ5E1UZIGQ,0
D2QZS3YKBT,0
GGRGIELFRP,0
3IYTJGIT53,1
AUNPHVGI6W,0
F761D71FMP,0
W8TTL7Q0IH,0
YA4X20E213,0
M3LNPE0JUN,0
AEDX246XPF,0
9QWFBJLTC2,0
W9ENLEHH53,0
V5S4ZDXRXF,0
AIN2MEHV42,0
N8WPKOZK4B,0
BLAS35Q9JO,0
X6MI63HLYX,1
UJDJQQ5JEH,0
NAU0F3IN6Y,0
YK0Z2GAHK8,0
670B9A6KIK,0
GJIOTI3RAW,0
ZV3B57VLUB,0
L9R2OQVD13,0
I3Q6DUIQR6,0
6MDGKM7XI4,0
CHM6DQ4CAY,0
6V72IB3S1K,0
DPE7OED4V5,0
KMXXXH81ZX,0
5HHHSMK4O4,0
OQ18UI8CRE,0
2NDRKBTK2L,0
LK5UNYQL5Z,0
719UMPQO35,0
PNA9LEPJLF,0
B4HSVCRZTD,0
4J2KFFTL6U,0
QQSINL715Z,0
B8Q5KVKDY4,0
43HMJN9DTD,0
017JYFEA08,0
IDJZC3M41N,0
FWTISKZ4DF,0
WT4Q06LC9R,0
GNVU8PG7DP,0
RXTQM70ZDB,0
16IEMEFCOE,0
95HE8DDAEP,0
2XQVFST9JX,0
DERY2JV9XS,0
H14HC15GXZ,0
EYLPNTCRZD,0
HR6NSLLD07,0
G1LIJUN405,0
OM3FEBAEZE,0
4YPUQ8OPZI,0
QNDNSIGDME,0
VGIWBD80J3,0
6NPBFU4NIU,1
N56HP2I6NN,0
E9J3G8Q81V,0
3A5Q161KFA,0
JH4GM1ENUC,1
G3DEMZU6OQ,0
4WM3MZ4QXZ,0
IJZSEXD20Z,0
ZX0PPOXQ8Y,0
O5V5GX0RMX,0
4Z4BC61GZ6,0
4NPQBUUGBR,0
UJKIQA469B,0
VSML6MRZNZ,0
52V7YG8XKT,0
WDUHZINX23,0
6WT7WCYLSW,0
E04872679G,0
CDRSV7X1GE,0
WKZLGU1MVF,0
3R754JDL4J,0
KUH8NREJQD,0
EWTGQH11VK,0
A1A1CIP32L,0
SCYBCCH9UH,0
2MBBGARLBW,0
BSDXDKVRNN,0
TGWCLHP0PF,0
KJYVVBOKEG,0
ZABESJD1SW,0
8XWHJBAAGB,0
LY4UBC7F0V,0
3ED1D2MT2J,0
71YMQEOV63,0
MFUEAZF2AA,0
0DUDV8596I,0
T2SME2KOFS,0
12TWIMTDL0,0
WPFF442WKL,0
U6FJBZ2FF4,0
SCHZS1TE3C,0
TTNLT23WIZ,0
W69H4TF89G,0
F07WL95SGO,0
3H026TSMG8,0
CSJ2YL4UZI,0
VDYTZ79RKK,0
W4P8QUETK2,0
AXHAVK6O20,1
XKKZM1FYQF,0
0I20TFGQWS,0
OKLNLZK3N7,0
L40LWWI0Y0,0
NXEME703L7,0
F0FY745S08,0
52BXD2ED9F,0
0HMLHKN0NF,0
UOQRL9DR81,0
8ENQ9ZBQK8,0
OIW9B5JLOZ,0
E8LE1MHP5V,0
4KIHL9CV7J,0
UYAMSMI4XY,0
RSOO7PP39O,0
7EEFZ5O92O,0
YS8LTFQEZG,0
75NP54C0AT,0
SM9Z5Q0S4C,0
SN5DHI5TZO,0
SFEDPIO3GW,0
IV60AXWHHI,0
44XRBKC8YG,0
5MRUPCJ8ZZ,0
83O68UIKHN,0
QU0QAZVEF0,0
C71AKQT9EZ,0
EMEBD7GZ7E,0
04C09CSJC0,0
F02XE4DPKJ,0
H9JS4KZ33V,0
9CA1PIX7WE,0
MDSK71M3BD,0
EPJZUSE745,0
D3HQB7GN1D,1
URNO8419Z8,0
L8SBVUCIY3,0
QWTWU62Q8R,0
2Q39IUZIPF,0
5QASU6YUJZ,0
9K2SP8EPKI,0
M2OKSPLDSE,0
U16ROCXSJE,0
VKN71K10SD,0
0C900TBMC3,0
KV7IYQLJ3Z,0
ZZSTNPZWRD,0
MWNJS5GRDQ,0
K66C9M129G,0
GQJJ1ROFGQ,0
87KZE30AUV,1
TYOQ48KL0O,0
EECW5HHJYE,0
P6Z2URDX6L,0
OX06FR4Y8Q,0
9EZU1VYI8C,0
75Q9CLJJTA,0
WL3C3MIO3L,1
MCGOTKNWWD,0
8XLVKCAK8J,1
GHRBVMXSXH,0
B23UN0URX9,0
0ZJAXEC50E,0
DWKFHHKHR8,0
H8MI33DAFQ,0
JQTTXB4JDA,0
CBUD41DV0L,0
B4PW0FIGQZ,0
63L4FNDPPM,0
F5TR4BRZ4X,0
2X4K26YFJ8,0
KWTGRPLWD3,0
324T26YO2F,0
VT2ZR32UQD,0
APNLZ7RQK9,0
8AUWND72NP,0
ZXY3IP6BCF,0
D2PUPAV7R9,0
LZAJBMHP46,0
A2DIKNONZO,0
4H8H3FCX9S,0
EUXHUI59T7,0
99C0DN1MXF,0
7ZLRUSNL8D,0
AAICC1JXPY,0
YTS1OPNKWF,0
2W7I4GC7P7,0
NDVNKGODXH,0
MV0T612ZKR,0
VGHWAWCS6N,0
N5AJZMGATY,0
5VFODPJ6FS,0
ZODLBGA4Q1,0
FDEHFAPU04,0
X90MYKUVCI,0
R1I02A9A38,0
VU0V2466HL,0
T4ZCI76ERT,0
17HB4OSMH9,0
Y6ZRGH8ILB,0
J9BN3ITM3I,0
9HUFSK904O,0
1BUZ5A4CNV,0
8UQMHG6JJ6,0
TMFYTDS550,0
VHCKD52XON,0
JSKHOOSTXT,0
WXFVKQSFUP,0
74UXACKCDG,0
P53MSIB9C6,0
1GZ96ZV8VW,0
FJFAZ6K6UV,0
3431K4PMLT,0
6Q7UN1HD8X,0
UCUA1NLETX,0
67AZYL09R2,0
539X9LE0FN,0
EYFG73JM2R,0
MIFWI64JXQ,0
RK4NAVRYSS,1
L12R7BJLGL,0
F1J7HES2IR,0
I5VPUJX9RI,0
WWN7ITP70W,0
VHMN44A3B3,0
2Q3FZDII03,0
AIR6ZVFLBT,0
5H0AKLX4SM,0
KF6RX9XXJI,0
TZA2O1XY14,0
82ZM18V4LM,0
I6H10GOY0U,0
A38NN3PLMI,0
WZBTTMCADR,0
NJITZWJ1HT,0
DSL4O0KAWD,0
IYU9FJ6YF0,0
UMIFS67WGF,0
NDRHBMYR4L,0
NHHSV02JRV,0
ENIBXOQGH9,0
I9RGXOMFFR,0
WV0XN8V1ZV,1
770CJTA3Q8,0
1N84X4W88O,0
V4CR874WLU,0
7TCU83K18U,0
IZZJQGJLGX,0
S2FL58L6S8,0
2QBQYE6ACK,0
6PL5UQIQXC,0
K8LY45WNWV,1
LL55G29OHE,0
S4TOG81J2S,0
UBOFJGMNBR,0
MN1LKX74H1,0
G6DGZRIIY3,0
9BLN6ZJKCL,0
F2GP9O7WSK,0
3UUCHL7J3S,0
KMBV6PM40C,0
C78Y6P12WV,0
LX46N2PXGN,0
GW2BLT68VZ,0
BFKVHXCHJG,0
B7ZGWI0ZPJ,0
ILWG39S1KT,0
C7ICHP4GTI,0
OJ24BZ0ALE,0
YEAVYX5Q4D,0
MMWASMODWT,0
UYDMBT7Q2F,0
ADAKHDBWUM,0
AZW19ZSQ0K,0
9L9PORC8KD,0
FDB22W1IPI,0
R10L5CMJH4,0
4IBC9O7KKM,0
VV850911JB,0
F8IVJXD4HO,0
J9XPWYZDT4,0
YMVAJ41CTL,0
2WLND4F8KT,1
9CKSJNHAAD,0
J48D6LGSXL,0
7DK95NP59P,0
YIN4I5E6O7,0
EPWBPFX6XO,0
YAYDTSAC02,0
M12IYEBTUW,0
VTCL5GBS0A,0
9674D8PW0B,0
IOLH5B1BA1,0
N0BXVLQFC2,0
3E2UR5R9XZ,0
0DGHEOU4S4,0
3KO800XQP4,0
G25VIQTUJB,0
G8S7FANT5J,0
LKKPDYZ1WB,0
DICQ1HCUBD,0
EPB4H8RC3G,0
81MCFNE66U,0
O5DLHQYM1D,0
BAGJF2B37I,0
E9K8TBLOAN,0
61OZ6KNM13,0
BN9CTWOV92,0
AZJ6XD8SZJ,1
Q8B90MJZYF,0
YE94CF80HZ,0
6E35HTT1L3,0
EPFJUTYMMQ,0
ZSPPF709Y0,0
QYKR80HNF8,0
CZZHI8HOVX,0
RT6GMTJ36D,0
42GMDG8C2M,0
5377GCTE16,1
SUTU1B8A2N,0
U5XAXSI1S9,0
EV9QB5NG6C,0
QXLCHFISDJ,0
W6AUCEZYCB,1
LSRU4EQYP3,0
W208T7BA41,0
TGKW6IYNVD,0
YLX90XCGSP,0
Q1XYTL23FM,0
2JKACQKSHW,1
M2HC5ZKLAL,0
O4XT23GDEK,0
9ODYMCTFU0,0
VYYO6FPEX7,0
YX2Y4SGY1P,0
8J0EM70SMN,0
XCWMZZIA9U,0
DUTB16PWQ3,0
7YLF9O0ZA7,0
LR0IP5B8SN,0
UTJBBC3B13,0
AUES3R96LI,0
SUSGODPP8V,0
K1HGUAT21K,0
546846A9RV,1
TKLOY27EUK,0
UOKH20Z1SY,0
ESJW9SPB08,0
1ML9SCCAF3,0
1BUH3CA0J9,0
VLW2CBSMOO,0
WUL7MRQ4OC,0
YW6DFLQ6C5,0
AQ0QISJO4J,0
OONU1WNQXZ,0
78PG9UGEPQ,0
ORUUU2HFAN,0
I3E2EQCTUW,0
3DELJM8JZ5,0
0QOG3GYZTX,0
5EGXUXP1G8,0
DWHISDDARL,0
CHHVTHVGGX,0
X20W24Q9CU,0
6CBD1FJQBA,0
FTPQBGGFXD,0
UKB7XM8H23,0
S9KF5RSOCA,0
8GDT2AU3IX,0
JDGX3TSF48,0
C11UBTRIMN,0
HH0XMT2LW9,0
6HNKI94PBG,0
3E702Y9QP6,0
NF7ZP43AP0,1
H34Y7WI40V,0
LF84JJ6EZK,0
SCVPQOSRI4,0
E5A6SXW8FJ,0
H6ECILKRQA,0
X20HFG7A15,0
33C32H79J5,0
NMPW4O34A1,1
PL81GBEPWW,0
JRMM30JDN7,0
P8682LXPWV,0
93RS2SN4WG,0
CPJ9OR7CVU,0
9VW5QKTZPW,0
CYX11HA47G,0
8FZFS75YSG,0
FH8CJ76O1L,0
RMY3S1G2SC,0
3OU6P0HJBC,0
F46FTT9DYD,0
RYD7V52YWY,0
AAJLCGCJ8H,0
5VOVFSCJF6,0
BO9KXD6TC1,0
Q5FMH0BNYX,0
KHSEY6UNU9,0
1FOFTOM8QK,0
XEQ1893WC4,0
8IHA3RJV7E,0
OZS33KL2ZL,1
5GHPNTQEL4,0
MG243C39WI,0
DV1LM6SQ81,1
F8EKVTPTN6,0
OWOHQOUJKK,1
ULWOQ3Z75E,0
UVMQWCEORN,0
MAK9GL37FU,0
6RGYVCVXAC,0
1MS7PW4ZU7,0
OJF3DNT3AY,0
HXY8Q2NRJN,0
OSX3I0BC5X,0
TBN0OUQFKP,0
871XFBPVNS,0
UZMAKMV04W,0
5GMMYSICHD,0
PMWE44UPXN,0
TT7P83GF3J,0
K2UJ3NLEP8,0
HV8RYK779K,0
34XSVFSZ1Y,0
JJ12K1ICL8,0
WMSUUJ9C1Z,0
1IAMMRXV2E,0
13AJ3S0SRL,0
9Q14R8NPDQ,0
KPTAVBGSFG,0
4RZCKO1NE2,0
XX6NZLRYZB,0
C5Y5ZDQHHL,0
GJ6PK7ZTNW,0
HLU0YPVD1M,0
SMO8Q7PWB3,0
Q49XLNS8SF,0
5MQ8MTBU0V,0
Q2FZ6RR8U8,0
WKZEAQ7S2N,0
1MAQCLCA19,0
H7BKE1R2F2,0
O8Y6FD6AYK,0
K1PT8K3SFV,0
5BXXY8CTRK,0
IKTRBXZM28,0
92MV4CGN1H,0
GWG1TA7GEJ,0
ZU6VK34LTB,1
FBTV8G16CO,0
OGP3T2HWW9,0
NTOJN2A4DR,0
Z8JL34V1OT,0
JRVXDQPHH3,0
85FEDTRF3M,0
WDOOTGFH6R,1
3NSU1R6HGZ,1
ND0OXM17NT,0
GAXK6KB6UY,1
XNP9EOZLQU,0
RXOLVVOKYO,0
6KOCAPEMVP,0
YAEHI1YK7H,1
MJ87NUWP1K,0
APQ2KCAZV5,0
X3MJIN7231,1
YV96TJYP7P,0
H121QK0O9U,0
J5U0GGVK44,0
F61ITOXUW9,0
Q4J2101K09,1
Q5KYW8UZ4I,0
7Q74A4UL8P,0
G2VS2UI2I0,1
DOHDH8B47K,0
N8NJG491NI,0
WVAY5YLFLK,0
PDCQJEKQIS,0
EGFMNC86SH,0
VZL85CAX6D,0
XQU51DBBG5,0
A9XS6UEMAM,0
CZETJ86FLJ,0
KYDZ7BHTN5,0
15E5AT1BBW,0
94ACYQXFI2,0
MO8OII9D5W,0
E4FE80OZR9,1
3PPXAEBOR9,0
QUVMWRCXB8,0
SH6LSCVSJF,0
BAC2HZK7HM,0
V1R13GH6Y6,0
DDTTFI81EO,0
T6LDISZ8FV,0
8GYU1C8WPL,0
XZ79CQSSBP,0
U9ZYT2NGTM,0
R0TEYQLMPU,0
AY8JW2HS6G,0
03EF5O3AJ4,0
QHUXMSQQT4,0
7BZB9Q27PI,0
2QWPHS99VX,0
VT79SFDG9W,0
P6E2MIOJV8,0
BG1A8DO8DV,0
XG5LRLR3KF,0
MTX9I9IPB4,0
KX6X9VMKEP,0
70J78KBXX5,0
N9OL88NHVF,0
3I6VHCZ0MW,0
7LKWILC9MD,0
K3WH7J70UQ,0
H05BRASJ3T,0
PY4MTWTMGD,0
N5177OIMZB,0
K4RHRT7UF0,0
GY3DSYNCDR,0
09N09HTMVX,0
GI81T210QL,0
T6J9RL3KDQ,0
9E63FD62DF,0
DE4O7U0XE6,0
QDRXLACRR1,0
MK6IZ532RW,0
FTQH7H4WAW,0
H8P570ZRO8,0
5BABC2TPD1,0
9Y6BA8WC2U,0
LNQ8KTD82Z,0
50WLRGYP7C,0
4WVLUCLQE7,0
DOGR3C30B0,0
K886M5IUMZ,0
76T7PGX9NP,0
TCER6PLE3F,0
KHHVB1K00E,0
BC7J9M3M74,0
YGIKNUP2NN,0
W5BR2MNIF1,0
7RRVU03LMC,0
KA9RUD5RM4,0
1Y29D9AY93,0
T6EAP0EC56,0
3467HV8ZDH,0
WQFR4FJCQ0,0
2EKM8R9AH7,0
8DUIREO00Q,0
NPMWEBFL45,0
2960IV6CQP,0
GX68AGIKB0,0
M90M8JJPA7,0
IANYBGGTVD,0
TNS0PA04LG,0
BHD6IHPUUC,0
C1M8L5AA19,0
BBJ0HPWNWX,0
PSWM54LWNZ,0
0V3NAGDPKC,0
8U9O2U75BS,0
3RXY2766IA,0
GDR81K9CEJ,0
YTJ9OTD16U,0
X6Y0RJF1WH,0
OQ5K7FBRR6,0
7ZUSAH9I2Y,0
F7ZLMQKQTF,0
3EMTWHY0D3,0
E2WNWCKBLB,0
PDK14133LU,0
ODOXHK3N0C,0
ZIDP8OPEJN,0
MHZEV19JH3,0
KQ3ROSD5T1,0
YEGSGQO765,0
LNEWRRCH8M,0
HPJFNMO8IZ,0
8T98M6AZPT,0
GFMQCO9JEQ,0
YHYYJQ1QF4,0
M0I2UBNEUD,0
IU9VGKJULS,0
1T3LMAON31,0
7E0P23CCEB,0
LC20P3E79F,0
BOMF3WIVP7,1
SVAR1R086V,0
LSA2C2Z20J,0
WN9LP9U71Q,1
USJY827O0S,0
HGIKF5CBA0,0
J6GNP4FRD6,0
VCX642IUXE,0
FESEYTJ98R,0
EYWKHFBRO9,0
490QO8XDU0,0
45C9ECYY21,1
14Z17JSNWQ,0
21F5RNE1YK,0
117WAWAN37,0
VY4P0PRODB,0
CSX8AB9CJG,0
Z188PM980T,0
3BW5TIZ6PG,0
DGO4XSSHV2,0
KLOCU3UZZ2,0
GWMYLQ6H58,0
E21Z3HL71A,0
6PPJIABHVG,0
EKRBXSCFW8,0
44XQI0QXX8,0
ZIMZ4UAIMA,0
19ZFZQNY29,0
2X2VXKOYY5,0
XCX08QEPXL,0
F0DZJ6DMLX,0
WKWGT8ACF8,0
EIMFKP6TKR,0
8W345IJR52,0
3YBNN9Q588,0
W2MXUQI5JT,0
TCOZ13NCY4,0
JGTICLDRDL,0
7ZGFE6SJSH,0
UBLF7H9CJ4,0
YQCCA1K912,0
PWTKJWY92E,0
ATXHD6L0ST,1
R3QBCR2AWK,0
DORG6EJ6BW,0
B7TBT1FIJJ,0
Q940331FC8,0
5NAE46T1CQ,0
A47VAS5JON,0
BDODTU7C7C,0
451QILLBK5,0
8600BRERES,0
XRZNRREIQV,0
R73571Z7SD,0
I4BVMQ62GV,0
39F6CYSCMN,0
O7DHEW6FI0,0
8CS2IFHWRH,0
OCHJEWYM5N,0
VYGUGTAMM3,0
QV7VKWJB13,0
L8KTDLX3EG,0
SRGY1RVDU8,0
ZDSAYYU1GI,0
V21PTGCUOF,0
OHLWTV184U,0
ZL2H5WSO6I,0
WUH1J6NG37,0
N14QLQH7BP,0
HT1CBHO1GM,0
XBZL38LWT5,0
J70V5FEGB3,1
B66KYA21MX,0
0MCN2P9Q7A,0
ATYEVZR1WO,0
4F1P5OAB06,0
HP587PFMHO,0
TTT2JF1G6Q,0
1OTP20K6AL,0
OV8MRZDVC6,0
8K8DMWK626,0
NWGFS4FYPA,0
N0NIM05JCF,1
MFQ4QEMGTU,0
YY7JAUPRLW,0
ZS7XQBMBIA,0
OMVPHRI5SW,0
GVKRMHUH3L,0
V39BLLYUKG,0
WK8BDSE6QU,0
GEMWCGV0V5,0
6Z0PKG2H8V,0
C6THN6VLFT,0
B8F9Q53HSU,0
KQBEF028DC,0
NJUK0M83G8,0
R2HUA7JYUI,0
A98N2ZLRFV,0
1A932QGQVP,0
0JN1A2XJQ4,0
SRXFMYWI2A,1
CIBFGA8Q3X,0
OFSJ5L5UOT,0
FHQ9OMYZS1,1
Q8GMWH59HE,0
SPSEFHIBY9,0
MSQCQRCTQ4,0
HZ9QQHO25X,0
DHP075W0JP,0
8AQUOC3YOJ,0
6BSYKA7E1K,0
PFBUMGZGQP,0
FNB7MB01PJ,0
V6SWLBPGH2,0
E55CZVSLQ5,0
ZZ5JI61YWV,0
KIW9NA5O92,0
599HAMH1CE,0
CRDDZHYHID,0
1U1WKPDH48,0
VJY3UT7KT8,1
3I8LV2ZHJA,0
NZ0LWYZ71V,0
DTLQW98IAI,0
SJMGW06V7A,0
XEAX063D7W,0
46F2J15NZJ,0
W3MPT0C0I4,0
A8GLVGM3LD,0
CWH6NRPS4F,0
SMPJQF4A2H,0
5CRBZMFU0B,0
YIA19OU69L,0
YUD6T48KIH,0
Q0VLH6SRIV,0
B7ADL0CPC9,0
Z0ZE2HYZ14,0
GBKHZ7C46F,0
S8GOL34X5K,0
LA9O1UGA31,0
PLALMW1G43,0
NS32K40GSB,1
14YGW5INKR,0
PI7QCT1LDE,0
EF7S19Q022,0
2PPY3IVXXP,1
BR6BPIB4KY,0
BR3KRZSVI8,0
FN772IFT4W,0
BWG1U1FMQW,0
T92YWLLHJA,0
NYV4B6MCTO,0
IPB93A4M2B,0
7US7GPZ29J,0
2MIIR5NBWQ,0
NNFBEAFTR1,0
H9MAHK2Q12,0
TRDJZEHKH6,0
DFZ2MXB6IT,0
YWJM3IJEJ2,0
2FRD70KVBA,0
4RWOKTSFVQ,0
UYLEGBY9K5,0
FSICMNIYG1,0
V1HURBUDI4,0
294505GF9U,0
NO9A1G5HEA,0
E2ASW7TNRG,0
RVEUJ2KX7W,1
6OAN3HEY2E,0
NCFUXZKNWE,0
9GYI0LFTUF,0
55F22UNGY7,0
8JLXQRID1X,0
5LFRH9361P,0
7TPHDVL62T,0
DO7HHFT5G0,0
UGD8UQSZ7O,0
TYMXF6JV5H,1
LA0O15B78R,0
TKXTYSVTNF,0
7PL451II2N,0
VCWNB7AJH4,0
59CH9D7QRY,0
W6PRVGYW39,0
85FANCYH9Z,0
N2C2EBTHYA,0
D6DMWDFSQJ,0
XX5HONO0KH,0
5FFJVJ06TH,0
4YPACWOBQA,0
20LYQ6HPLY,0
FV4HJG1P6Y,0
5YLQEPMFIE,0
0E397GVWQ1,0
9OMDPYUTYT,0
71N9I2RE8W,0
59VQLBUCF6,0
L9DOZVBJ93,1
M7UJWQ3GHE,0
6FGUI7YUIX,0
HERXFXY225,0
9RTKJUR0I2,0
3HFCOJPFRZ,0
MHCVK4IYQQ,0
W6U9BKCOVN,0
NTUHDZNAQ2,0
XT541JT3CB,0
YW5EWEUCHZ,0
72BQ0FNWJL,0
5UDYMY4WK9,0
GWN79UTKL6,0
I1FE7C8S55,0
AOZSVQA1WE,1
DBMYHWVF5F,0
79KMP1L4LB,0
F14OYBQ3PD,0
ZKSECP0ZLL,0
WPSUUMBY4P,0
3H3BICPNT3,0
HZKPCO9CO4,0
ZQHT6OHFRK,0
6IVD3M0FLS,0
RLN5P81CG7,0
EFPAW0SRZ5,0
G7YJ6RWTH7,0
I8TYKMX90Y,0
FOBNJ5EZ0H,0
6DM4ZFGZL3,0
JMJ8EELAOQ,0
JEGGQLL2Z8,0
W3PNVUIGPS,0
CCSJ6Y8NOO,0
32PVH9LBU1,0
RV9AVAIFAY,0
PDL9VEAFD3,0
Y52425Z0H0,0
4DN0K0O897,0
5P2VOD8649,0
9K308NFX6D,0
IJ1X1WYD47,0
YSMKIFKL6P,0
UIK756PEN1,0
4D44ABXGWV,0
MW38JIMDTV,0
7HB8S61T4S,0
G1UT6NMGSX,0
6JEE8PZI9C,0
G9HZ495RLB,0
IFQ62LZ9VS,0
2YP2TZSPR8,0
NSG9XN7TL1,0
HS9RW1BK16,0
C7A9Z3JLJC,0
1ZPEXAHYAC,0
7Q6O45XFHU,0
EC1JQGTP0Z,0
OB0A56YI8I,0
XS10TIT976,0
S904MCWHND,0
949MJHF8YE,0
OOJYWDAZW0,0
UPAPM83TO0,0
S16ZT9SR6Z,0
V59AHCJ0NG,0
SPKTUJFEG1,0
9NN6BX3LHA,0
0FO1N07W3Q,0
NBKWZOXEDI,0
XHTBVQ0FP7,0
TVQ6IY4S9C,0
O239SS6WJW,0
HE0WA37U59,0
NTP9FDE68M,0
A98BD5NV66,0
VFCAN4O71L,0
DVYWMK3U5C,0
61CPYAL8HJ,0
D83XKXHEFU,0
WWZOYFXJZ7,0
FO57CEHSLO,0
0BVXWIWRKV,0
FN4GMH5XJL,0
F0KW30PZ5A,0
KYAVYATXZE,0
N26RJK0HV4,0
73FHKFMA30,0
WM3YPUS32O,0
5VM5JU4VTQ,0
83CVPESB4R,0
8JVTAOJRR4,0
2MATXWMAVS,0
JEPJIKSZZ7,0
2JQV05EEBI,0
EKQWR8K0FO,0
KGB1IWX386,0
1C2G1TOSNW,0
NP7E0J8GSD,0
C3VQ3PUB94,0
VY59XNMB4D,0
K5J7BJF7RD,0
RZ1SCMNVG6,1
4QT4WYPTWZ,0
IVMU4C1RQ7,0
TKNFM8N07N,0
93RRZMFQII,0
4URGR34H4K,0
673GCPVTZE,0
QIWH1VJGTW,0
86KAG3OEVK,0
YKEUXASI1H,0
922ANYFCWP,0
E4UN8I2ZJ1,0
K6RB2HHBS0,0
KUHV4O144C,0
71ROKJA3EU,0
NCXSFL3RDN,0
TB1DJE3LIY,0
IZ72DZ60A5,0
WNXDGOEOHE,0
B79FE6V7WG,0
SBRW9DQYF9,0
NGQLGQ5VRJ,0
Q4DTEDP4VB,0
4SILE8QSHR,0
M5N97VM4RV,0
KCYEZXH5FS,0
AUUDG2V4XQ,1
UTK9SQN9BF,0
3AMT2S77N0,0
JFETPJQKKP,0
MSPMVQMWX9,0
KAC7P2RE1X,0
LVS77B0FXF,0
W6TMJBUIK9,0
KPW011UYYR,0
W36FX0FLJH,0
5LG2OUKG2P,0
F4BK0SZ9YV,0
HLTLEHUHKB,0
L3QHM7W2EW,0
7AAZGHDNAH,0
YG58CKNKLK,0
AURD05QECX,0
LKIB6CUC7T,1
UTAIJYYL9D,0
AFATF3JQ01,0
QJTNNJBE9K,0
FDWNY6ID5K,0
XOL020HNNV,1
3DN42OFVC9,0
98TTDOQCMW,1
B14G8UKDNC,0
OPC1SI4HM0,0
EDER5Y4QL5,0
F2GJ0VBG9S,0
ID0FHCOWWK,0
CIBWT1KS8T,0
EL9UPMNOS7,0
OKB6L55P3I,0
3L6HNQOG7D,0
YVLXTLTPVA,0
CAZQVHZKEU,1
F7WDA37YZP,0
RKG2YT7YBQ,0
PSXND99SX3,0
HWS99VG8L1,0
G82ZJICI2S,0
T8EUXR00Q3,0
R7WS8YCACB,0
8KG9R8GC9M,0
5PKRDS9T6G,1
M12K52H809,0
GAA8OQN796,0
BK8RV71M4U,0
VR3MY9GMX5,0
C04ETU6JG7,0
WXXDRAPSF1,0
KPJ1417XOG,0
U3DC1OHVPM,0
3IPM6LF4FA,0
EJ4WLH0I2O,0
S8SR51BVS7,0
4D8P5Y8XKO,0
EBG32KTPRK,0
TX7SJMOLD9,1
99LK1XYGUJ,0
96QBEZPIYC,0
YT7XNQHSQP,0
IKFWITXK2C,0
OTTXG3DADR,0
MPN64XN6N1,0
D2DP28MAKS,0
4GT8LVQ05D,0
NB9ZC54AI4,0
KMFUQ9HXJG,0
A0C1UW2EKT,0
TFP3FNJUZH,0
WI0NPVCYSF,0
O5IGS1HLUK,0
Y3L0PG5MKA,0
LFVV9NTZID,0
D3BS8JT5QB,0
BV5RWZH3DR,0
R1CBJ1ZXT9,0
47N5NQVYZQ,0
X4OWYFOFAA,0
JYG63WUDEG,0
MDC300OM3R,0
55T7RBP0NJ,0
ESXMDNMYYQ,0
WREDVEMIXO,0
DPP520HRXG,1
MJ6C7L6MPE,0
ZHUE4466XH,0
TR5B0BO2NR,0
1C4DO73Z04,0
W0U9Y7P9UE,0
U1JAW03O6J,0
YDMNV10MPH,0
8AGMWRC56Z,0
XWCULEMP85,0
FPI0P9COJE,0
2UHX5GQM6A,0
2GS0WU4RWJ,0
2EUC0X49QF,0
FT4O735H1R,0
8ZTD8BLASU,0
BJYMXDS5PD,0
YEAF4A2LJ5,0
3TC57V9BV3,1
T86HN5Y9T8,0
KTET4ZR3ZR,0
WVQZK1K9NZ,0
MNYUKFWHH8,0
5Z4E7P8986,0
3W5EX32IMS,0
E5EAZHDEAL,0
5Q49R5HM86,0
M96L76U8GK,0
W93OJ2T1VB,0
7RLZKV3MAH,0
ZO0WB3XVJE,0
YYEN6I9BCW,0
MM6OZNEP6T,0
JG4NOIY6LN,0
U3QS2OHS1R,0
YANPL2CCVG,0
56YT78O9IL,0
RJEZQRH15Z,0
PPTLPTTLLD,0
47BYGHLS8Q,0
8DX9CMCV24,0
GF0XQPFJ47,0
ZMN1TT09V7,0
MXKDE7IVIY,0
PDDE31OJ50,1
GSYRUZYSXS,0
RA1DYJ9UV1,0
97JYZYRAUQ,0
KQCTEH3YVE,1
ARM3O0BACH,0
GEHMRR8JZO,0
BSIZ8JZHZ5,0
SHWRUYW7ZK,0
YEMVDI3SJS,0
76GNLDBZLO,0
0ATO8BK9UG,0
LG1IHHY9J1,0
6RJRLZWPSC,0
1LN5P3J7UV,0
DAOK5O3DLP,0
IY1DUEOOKH,0
5CXJRE0I96,0
OB4N4H4PI7,0
L2ES9BXC40,0
JN8GRG8VXV,0
MF3Z18YU24,0
CHL9TUKC8S,0
864FRVB5XV,0
MR88MNYZZ7,0
19ZGSEA2JF,0
C6VUHXBT8I,0
HJSV7159E3,0
SIQ9KPO1DE,0
UYQ6ETFB8W,0
RO3OX6EZPX,0
ZTPCTTCBIF,0
VE0NB16ZS9,0
KL0COPK6G1,0
696H9YMPIB,0
IHA4HXXRL9,0
GBNZQDQ02T,0
J56N8NC0D3,0
Y3B0I0NATB,0
F1R7XPSWHE,0
OJPP7L9EVV,0
QX11Z9UO59,1
0Z4JPRVM94,0
6G2C30ZE45,0
046Y26FD5M,0
AJO41VZIAZ,0
9WQBNBQENM,0
D57OJTCTAR,1
INS2HZ7XN9,0
CH0KZ9OYTJ,0
37DKOC3MYW,0
H9XN005LK0,1
AR2E0LLARP,0
6A8X4WS87U,0
CZ7D0RU7F7,0
F6SLQ9C5Z3,0
06QFKZYFYM,0
7SVIVZR9S8,0
U338V46YCT,0
RXQG0E0UJL,0
ZA8IL3GO85,0
PCGKW2UQ50,0
76T2N38GF6,0
2YVSLHRMJW,0
FAT2DGTDEB,0
ZW9M3S59ZX,0
6XW7VHV3DZ,0
1V5Y9TL32W,0
GSO4APPLNU,0
UOJVV9KSME,0
01JQE2P6RR,0
3SLIRHI7QS,0
FONX2FEJ6X,0
C6L2LHD54J,0
NBPTZHGYCC,0
FFACK31C1N,0
GRIVFH0F0Y,0
OZE2H0R42D,0
4OBAA8RMLJ,0
YV5WIN0ZOG,0
NGX4JSKXMG,0
BWMS9VF6MQ,0
4GFHAO4PZA,0
KMHF8U6RI9,0
5DKDZM2FDN,0
XDNB8TE48C,0
HUWEMOFWAH,0
SQWRAR113W,0
FHN26MAQN9,0
5ZI1GQIQOR,0
QWITMZZ60V,0
M1ZSXMDUPY,0
2S0PWKLAH7,0
63CMJCR0VO,0
R950ZIWY62,0
GEY5FA1D8V,0
3XTGMO01LT,0
C4QC60PLI5,0
TELM0HHYDK,0
N9U2HAX2OM,0
PO8E9OQAHN,0
38KD00L5S1,0
IRWFAHZ385,0
PYC942TXNC,0
XBN3KKCCGU,0
76R8IWBJG2,0
36XL6TOEFM,0
TLN0DJM4U0,0
E9OLWQUUND,0
HZHLKYLC1Y,0
8OQU906Q5L,0
OTDSIABF3T,0
ROR84LMAWB,0
5MIKOEM833,0
Y4GKPWABZQ,0
YP55E6OMO2,0
YUS6XD1XT2,1
6X90JUYVXA,0
ESYDOWUXOT,0
IN19WJR7HR,0
OENTZY9EW6,0
XS9QAIOYFE,0
35K060DRDK,0
EU92PDH3SS,0
4XYOR0SZNI,0
JVEBABYHUY,0
3JFXWUTXMP,0
WZSYWU66WO,1
HEFHTQQHHF,0
IGTJ0RHQE9,0
ISVTDI8DP5,0
1F882M7UYM,0
WGVSCMEUVZ,0
PDH6FDQC4S,0
WIEWFIPX6H,0
PKZ45J4IBP,0
TV9ZGGLAGT,0
4AWGS8U2RO,1
QJHWAH7SQ1,0
11ZWZOZH3N,1
7NEM8B0F7N,0
YXAHD0HKNS,0
TCZOVF07ZS,0
CDS9LXFSF2,1
6DN57HMT5W,0
Q4JYIT695L,0
BR98NBTOLE,0
LS7BA2PDX6,0
835THZJIYS,0
AM4574ONJT,0
738J2GDIV8,0
0ON9U7VGD9,0
YE2BS9DUO9,0
57G4HF1V0M,0
4M07HF4JPJ,0
WBE06S8CBO,0
F0G7DPH75A,0
XDIGT3ZN4M,0
43OH2CDRZK,0
FIS18NKGNJ,0
45QXO0E8KG,1
WITCIGEV18,0
UUOETA71EP,0
ZFCSY49RY1,0
HLNF19BCBX,0
ZRVV4LZ70D,0
L1I4BPXXZI,1
CMP27HVHT3,0
KRVMS1U2FC,0
VDHTDX05VL,1
5FSQ06T2IF,0
0Q9M7WCWAP,0
GXOS0YILZE,0
QV94IF3E2Y,1
MELOLPMF73,0
HGT6X3WIPQ,0
WLBYNX73UY,1
YCP3QGGC0F,0
HO91181IFZ,0
DKIRLL9RMP,1
TVKLDG4IFV,0
4HQIHQN1TY,0
OXFQ2CL7LD,0
DDGF4TMJVC,0
ANWWJ4EUNS,0
RQIT04U9BC,0
JT0A34RILA,0
33FWZIDK1A,1
JXVPY08X26,0
OBDNJ9FK0N,0
J12KKC4BEA,0
L91WBB79JP,0
LQJM6KG932,0
80H4QK03O0,0
9MFWATRJ8W,0
MT7FHRTV0R,0
U0B5Q3NQ2H,0
ZIWRBG1KXM,0
8R6172PIOU,0
GIXWZ4RC7R,1
0YGQVBE2Z4,0
N38H818N95,0
DEWQVP72JP,0
3VG791F68K,0
Z93RBTRRIA,0
IK49V0WLZS,0
X5KW29L887,0
1C1QGYH75B,0
IBZVXTEJC3,0
H0ZMSUIFEC,0
WYFRVZXSE3,0
FO5D5FN5R1,0
ZVX0RXZ9EZ,0
2JB0X5KHQM,0
BIM0T8D072,0
78FADX31L6,0
5E7XQXNL6C,0
61QRRG6PCT,0
NW4AD5HU2N,0
B8YE58WA6H,0
S501UFB7G5,0
4N33PQZEXW,0
G1EY9742PA,0
LJJTMF4O2E,0
8RJRGDJK8W,0
6686VU8WGW,0
UE7M65MQT9,0
K3OZDPCW8E,0
UA8K3MEEBV,0
49TWN3RI5Z,0
YHOXVNM4C4,0
4K1XCIAG2M,0
GB199ZWWMM,0
X24DZI8AMO,0
TKLQMQ174C,0
DUJDQ8LQQ1,0
WE68W2O5P7,0
Z7OX5V6FXW,0
OHVQLMCV7H,0
SNAEDGWL8R,0
140CDLE95X,0
KGCCORGOFI,0
HTNGJXCUXH,0
MI15QFNZKV,0
P3WTZU53WL,0
LQSMTDD2UR,0
52RC6Q7WG7,0
U2TX5AW0TG,0
466PPI7KFQ,0
HWRT8TDQ6O,0
KZOLMPUWLS,0
KSNZ1BO0S6,0
KDB75UREJP,0
PI0Z7A2BVN,0
VZHTA40GWX,0
FJQDMUKRTB,0
SL76F4MKZJ,0
2QCUCMW2TC,0
GIKS42TBXY,0
WJWE1ZT1SI,0
JZ4QVDMC8I,0
8G8Y8F445I,1
E2N1VHZ5ER,0
CZHC0USXFV,0
Q2F1W28V15,0
Z68Q5FTMVY,0
0UGVHD8QO9,0
J0KBTMVV1B,0
O19JXGR591,0
ADJRDPGBN2,0
MUSK2A8L77,0
JTQTWJJRIJ,0
5PUR24EP4Z,0
8DQD6K7PHE,0
XRR6UA3JO4,0
FLV0Z6ASUP,0
5DGYOUYAGZ,0
QDK5M0GHMP,0
CSX93MK2JK,0
1UN15LNAKE,0
XHJ4FBV9O2,0
T425181GBP,0
XVP5TO4X1K,0
VDEM2BHKUJ,0
NNPGC0B1Q4,0
EO0JWDRTGE,0
F5Y97GYTNZ,0
27II6KILWT,0
CYFJZWN5CH,0
V8QFZE78XS,0
V5TNUENUPY,0
8O13GES7M1,0
4PLOVFV5AE,0
0H8TMVQD2K,0
769LICYUME,0
15FLOHPDFK,0
U93QYNG3HP,0
VWHEW6LLVT,0
4VK4ZJDD9D,0
ESBHEEWF2B,1
74NN4NHB2G,0
Z2I58QXP4D,0
PSF9X8ABIW,0
4EBQWNUSFV,0
83P6GFX0IY,1
4CE61RPUF9,0
QQN0GYGHF2,0
5R6FUX7UMR,0
QYT6HGN0AT,0
AZN28M8RI0,0
Q89RCXMPK7,0
MFROTSIXPR,0
111LMMZ94A,0
62VSJHSACX,0
LYLXNLP4Y4,0
XN69A725TX,1
JN8ZSVDTMA,0
5XB69RCA2C,0
AZK3TIOGZ5,0
LG4JNWDOS6,0
UXFTLLH9DA,0
QZHONVA4TN,0
4TAIYC5CSR,0
GD4RPZ1TPO,0
PEFADEBCP8,0
YPP5NF7ZQM,0
8097HNUCQC,0
IWE04IK8AN,0
ULGFDJHG4Q,0
F4BUBYM2S3,0
JPS3TGQCEL,0
3SHB76OTQ7,0
7FEZ2NZXKN,0
X7GE3FLACO,1
IY72IA721I,0
KMDZ32INLK,0
8WIY2LFAQJ,1
3AGT4UNYAO,0
D7VQFCKIPU,0
JE2V50RECR,0
ALWO5T4BY5,0
G8GNIYSTZX,1
BQ0YK894MA,0
OSV7HMUNZS,0
QKSA9SYL77,0
18YVSWDECR,0
B3Z297SA16,0
VX7YW8VFTX,0
YUXB7A17CR,0
IP0I4KHWA6,0
XTJH1KQQQ5,0
PY807ASX4Q,0
TM4RLOYJRF,0
W3RWU8Y2T4,0
CFD4N2ID4Z,0
KQMUUET8IJ,0
735W3VM55K,0
T9KYT4MASA,0
2H0T82FHPP,0
V44KO3YUSW,0
SSXIXQY8BW,0
766GP67R1L,0
RASYREN9HD,0
JYZ0DIJJAY,0
EP3QG08GMU,0
XMGT706AK5,0
NG6M5I058V,0
JLRKMOIIY0,0
0863SX43C9,0
M7EY9H18EB,0
G2TXSJ9W37,0
9MXAKPUWE7,0
RAUFD8KMW6,0
445UE37T27,0
TWPV4G964W,0
AKV6VEWD1I,0
6I0H2ZAT1K,0
AMTQNF99WL,0
PPBVY8LTNF,0
QYUP4NOGIA,0
RUSEHQBLYG,0
QJ7VM1HAY2,0
2VXT1RHSRO,0
V9U4IGHYAC,0
Y93TOVRXFO,0
U1IN3X4PPI,0
YJSIWWQ8VK,0
VPZWMTBCJH,0
YIRW70ZO0W,0
P4Z1IFBVT8,0
XK48AM7P9J,0
NL6W98XTOL,0
YT4TKRG4QX,0
A7CKJPXF9U,0
1647QFIRHW,0
VF5BCLG47B,0
S8060MWMY2,0
KK8K6V0JHX,0
JF9JD3K7A4,0
HXTK38LVA4,0
4L4G17OJSF,0
8Z6CKYQD6P,0
RLFRD94P04,0
Z3O13KFV9Y,0
1XVZ8H1VR9,0
EVZNVKNSAE,0
EFI3HDIK7S,0
FIKYAQPE8Y,0
88ZHFD9VMD,0
M9UZE7TDOA,0
N3L9OQNMJO,0
ZRI833MGFP,0
XJUJBKB03V,0
NBCQU4G3OO,0
P4M3E6DOZ5,0
CJB9L6KKAS,0
9GSGC5XBOA,0
3HMWY435D7,0
A68Y9OAMJM,0
SWUD07C8OO,0
YCY7ORMOP0,0
UD0X5HSVER,0
6LH6EG1B1M,0
RYWVBN7D79,0
7CAS5V9G87,0
X0JQJ499E9,0
MQZG8F6HR8,0
3OBJIPDXRC,0
P4Q9EI4BJC,0
NBCVK7DBLO,0
0TH74AQFME,0
PACCXHGG4Y,0
AS67XKVW8Z,0
S2GAL9FA57,0
K42O3Q8K4R,0
FYY2VYV4DM,0
99HQIZG32F,0
SNKTP4JGBO,0
2ZFT91ZCQR,0
9JWN8LB7MB,0
QGNWT2VJ8I,0
ELK6NPGRKJ,0
968H2NUI5Q,0
5SI3RITJ4E,0
13LHB5JG04,0
8BT9WTU2W2,0
CCLW7GT1CW,0
0RPASINASV,0
RJ6BKCKUG5,0
MAIWYSAD3N,0
9W5O1IN7LH,0
I4MBZKJ0X0,0
VKRGWZHS1R,0
IOYGY2S9YJ,0
WQYNS2IYS3,0
K4QZL3Y9LM,0
GB80VVH6R6,0
8HMTBN7S0T,0
MV8RUUKL58,0
M0XWGL47SI,0
DOITNGO245,0
QG7ZHRSYN5,0
SEAEAG17VF,0
U188QUZZAN,0
5T43ZMXKVF,0
Q957RJ6LFE,0
EM0F25REGV,0
X8OJF6PRXB,1
X1TEBK51GX,0
3315ZK55DZ,0
DW7DSZ3FJM,0
0OBMMRLO47,0
DY9PI065LI,0
2NMFRXVUEC,0
A6L4ML4741,0
CIOUQ57CVV,0
HGYCGK9CBU,0
G1BIWSJFLR,0
YL94LCKRDI,0
40QKNAMOXO,0
A20Z3ZYINN,0
XO2Y9QI31Q,1
15AYW78GIE,0
TST9WB5WXB,0
TTFI63LW80,0
C8W3OMKW45,0
0N89ISEW5E,0
FDS7UJD5KO,0
D45C3IFNJ7,0
S3XKSEQVX5,1
6SZH1PF9DT,0
8EJY2VFSK8,0
QY9X0IWEBW,0
8U0KI7XW8K,0
940IROIHY4,0
WVFB40JQ7G,0
7S5XV4Y43C,0
4QZ7OZNDKT,1
XF7BWV8KCW,0
TOIYQ1CG7H,0
RNUS3QE8DH,0
BIAS033YTN,0
B1MZ9K869M,0
69RURVU84Q,0
N6ZZXFFESN,0
KN90ZBUDM7,0
EYNLT01434,0
I9ACXC5F6V,0
XTCAZBCZV1,0
8DAYSYZCEW,0
HNOGQWL8H8,0
5YFZ11XNG4,0
9SYUP919GU,0
7I1DE2GCOM,0
K7OWZYHMVQ,0
86O1VIZQJL,0
SLOJFXH5MB,0
UHIDSDB4YP,0
K9FCWBZ1A9,0
2LJBKGCG9B,0
BHDZXE4S43,0
B9RNJQQYQ0,0
BX59FVKBC9,0
1Y7VCBFGEO,0
T5HB8BONM2,0
OO0IBI4OS1,1
OZWYADMOOR,0
3X7W5G557J,0
8X1A0IGEXL,0
7EXWCMDZZ0,0
69DTYZ35PS,0
4R6FRSIQ8O,0
UBSFJ3SFPV,0
04S4S3L0R1,0
HLYBRAZP87,0
QX01P5N0Z9,0
05PKJ5212E,0
T5WP4E6C3D,0
Z0AF0GM7W4,0
2UN0M6DO0B,0
3UXYS2HEEM,0
889UN0L813,0
L85ZBNZQZF,0
P4UDSP65I1,0
5DTM85VP79,0
59JOFH436L,0
JW6WGWAY68,0
BZUE7RN3MM,0
ELO9K5UTZS,0
MJ576AJMD8,0
CQIU9SMKS0,0
MN49E6XT81,0
42Z9XJC8XQ,0
7ZKO6C37SF,0
JED4K3GSDP,0
9RPBNFL0BE,0
8B6T2B4B5T,0
58EXIXYY5Z,0
1XN8HJ571Q,0
5U70T5V9PG,0
GD9UEUUFDS,0
PXIVLXNG9A,0
85YYA7RAGJ,0
37CNXRH9XK,0
59RW90G3EN,0
JWFUH6GB43,0
V5NYI541SD,0
ZGH8IGWJMD,0
TMBTNSHYQR,0
6CQ1A2PY6F,0
YXWXS5LNDG,0
XS263OE4KM,0
QNGQ51TJVA,0
9VL66YF68V,0
KS73XT7PW6,0
JKM9NL321I,0
P6HM2RO74U,0
8PIYP86UHN,0
996H3L6X5F,0
QSVB93MGEM,0
W62L9I5OK1,0
IRPJJVVS6M,0
NUGDPDGTNU,0
5WTXXDONW0,0
QS65SCSGKX,0
BU22CNY1QB,0
BCNGLZHQUN,0
V6SE8EUAAL,0
SPR14WHFG8,0
DY49RFCSID,0
U7YA7DJX08,0
6DQVLEII4X,0
Z5KT715W4O,0
FHCGU3C430,0
P58WP2I6GT,0
S28TXSELVH,0
5DZUCM9OBR,0
QG514JGNOU,0
8ANCX9SGBQ,0
6LJ065CGDF,0
1BO3ZMPGVU,0
VMF3D5ZHOT,0
GBIB7SXUH4,0
KANL2BU09Z,0
O3OTSZ5LB2,0
WWLT5FT54O,0
9V37IHD2C4,0
33P83UNJQR,0
8LU9WFF5GA,0
QMZAJ6ZMNL,0
BRARA0WFE7,0
E8O3BJ8M14,0
2B2B2OW53X,0
M2SGXPOV0K,0
SOI2VIVW5Y,0
ACR05JGK60,0
UD0KZSIORX,0
YU4X8U1BTH,0
O90ZPX9O2A,0
IF342BUMTS,0
5L8W0J3S34,0
GY69S7M6NW,0
FI9K7AEVQ2,0
TJRKEM1JPA,0
501SDB3O2N,0
DKA12YITH7,0
V6P9TRI0B7,0
T7PJZW3ZTH,0
LUNZ43AUXU,0
S8JWOLNSX0,0
56CF18LWDA,0
H3JANK7D48,0
H1X226XJUD,0
TF1B1SRTCC,0
VZ964XR5IR,0
T098XZUEUW,0
54I2BXZQCX,0
YZ64M0A4BM,0
0B6RFNJNDM,0
2T71TE0YZ8,0
5DTNYSOHSX,0
JSGDUFB159,0
IP7F6EKKXR,0
IQ7T16MG8L,0
0M2VJ3VCP4,0
DLEP1R08GT,0
6Y7UMJ5MJB,1
BA5YJ1XU6O,0
68CKJLWS0N,0
A5Z5UMRZ72,0
IC2WU6IZ2O,1
Q2MKVSGIZG,1
FN87GW9VGN,0
A1BPW3R6Y5,1
AD24JNEMYK,0
U41I2JM68T,0
AKHITXYF1F,0
Y1J7MM4J2F,0
V2U2LUCIP0,1
HVAMDYLNCA,0
KM40WN3NZ6,0
8Q7NV8FZNY,0
CTHMVTG1T1,0
67MNGX2MZT,0
15Z4OVNX75,0
J5NKFREKKD,1
227KYBSISU,0
H7XIPDKDVK,0
LAN98XDPCQ,0
36QF6L0IBA,0
ZF3IEYCL8H,0
9IGO2X19BF,0
ZC1TL73OJI,0
U2QLV6JXCI,0
I26X1K5Z1I,0
48K72EV16S,0
XNIMNUSQ90,0
53Y2JCPS8S,0
YNKZ88K8Z6,0
3T199TEE37,0
N1F4B56O9B,1
GSCK0R7GKR,0
S0MI0ILV3J,0
HSCQOUM3GE,0
ZCH1CVTGZO,0
Y4MOYXPKKB,0
ZP7OPFJBE4,0
67G5WWITQE,0
FZJX0TDXC6,0
RS71WE5OAL,0
MA0RNTACM2,0
BDF0BZEELG,0
XQ10P9FF7W,0
ZOUQJFOT2L,0
Q46LGHQ6W4,0
S5SYHXGR17,0
8JHWF66ST0,0
RTPWV4VP9D,0
8GGMIIQJ3H,0
RCUKZHP3FP,0
G89FIXR5GG,0
F553ZAS50B,0
Y9TEXO649Y,0
SD9J9C9UVY,0
D2W26MAA0B,0
2YU6ELE7F5,0
T23J50MAKW,0
W10KIKUHHA,1
EC3ZW7CUFD,0
04DYX2OBCO,0
10SMYCI0BE,0
V4QHEYK2RU,0
SBEAJM2OG0,0
M84GHX7URH,0
2UMTJ5X2PN,0
TT4HGZX90Q,0
RNK5TKKIX9,0
Z3WQ4D3CGP,0
4VBVAV9C8Z,0
80FAV8VAJV,0
4XNDCRIOFA,0
PK6EFY7GLJ,0
8GOAY95IJY,0
7YRU25K7EX,0
NP6BPD663A,0
O1VMW9WISM,0
A2OWYGCJRD,0
I99Y6V7CYR,0
9VIPKBD6CK,0
252Y7CV5CF,0
BDFIY10SWL,0
DJW8DGDB61,0
11GMZ7AEW8,0
ZRO04D5VOY,0
YGL1LYJR61,0
5LHDLW68Y9,0
2A9ZTM0B1E,0
FI9IOSVFCM,0
Z00HXKUM9S,0
72T9DZT5VD,0
IHBD8QTRQI,0
IE7WVCPYAB,0
PU21WXQD21,0
2B060UBIJU,0
ZFKK81AQFY,0
SG0BVFI192,0
MBLDKSQAGM,0
9PA7F9G3OP,0
R5RPGCAVD6,0
YF2NUGPYN1,0
ZGDIAQ34MX,0
L1M8CDU8VJ,0
EL22ZY29J9,0
YFAKBO4QON,0
7G8UA5TGDG,0
U27H8I1L0K,0
HNXTR2XV9N,0
OIJBMSX5RP,1
4O4KRLSX5M,0
CT8TNV3J3P,0
MZZ2TJNZX6,0
Z8FAAQXB1H,0
8MGF2BVNYD,1
APD7964CIT,0
B12NSY9FWT,0
SIG6M38XQK,0
MLHSK68I3Y,0
6G0LDSQ4XB,0
BQ6N8XG8RG,0
MF6FCANX11,0
K46RULL2PJ,0
7P3CTQ603X,0
CBYSZIUZYT,0
8EA2X3SRMT,0
QJ5LB8N8T4,0
V2HBPY3J2L,0
GXWVXQXADV,0
YQO1L8X2BU,0
NSGWC7WGPU,0
R8LJN93DXY,0
0Q2N4NA43N,0
WQACKSIKNT,0
BWHVHGT5TC,1
094G7173RJ,0
ZAF7URBETG,0
IWREDMSWYW,1
OJM3XHPGIV,0
MI2HB2ZSAC,0
JLP8PAHOIZ,0
VYBOUFOXI6,1
2VD5VUF744,0
1TRSU260FM,0
ZM939BZR2T,0
P2N1CM5GYY,0
AYMPAOJEX3,0
NRSL9LEOUU,0
PK9OHC6U31,0
7TBZHBL0NN,0
0XFY0WUIMV,0
C8JK9M88OP,1
M2H9BNQT67,0
S67GU9P8AF,0
Z6WFNSJEI5,0
MAED231JF1,1
BF23M96SCG,0
88ES2D60E4,0
S2I4IDMR2N,0
1XSRQYYKYY,0
SG2ZN1AZM5,0
6EOR8AYK4M,0
H7YPDBYGBD,0
XNSJHQL9YZ,0
Q5ZKPL8W86,0
UR5DEVNGLX,0
RI5JBJU2FK,0
ARZKYEM7N1,0
D5R5UEPV6H,0
7LP283SYQN,0
2P4JF5XTUI,0
93AEFCFEYF,0
B0WHHOZNCO,0
4OV1W5IK5M,0
NUKJPODR3E,0
VF7SVDQYR6,0
K4QIVI2Q2J,0
G4IPDCV69I,1
H8PUYXE29P,0
FTWXBVVN7P,0
9RI316H69P,0
JBOMK9XM2E,0
MT1ZUOJ6UF,0
1K51V6I9MB,0
1F2HM15MVM,0
7WQ4V26YN8,0
5V9DIOBHIO,0
DIPPEWRPKB,0
1J9UXBZ5YU,0
PNS5SMHI5V,0
RLS5EGOJEA,0
PY181J3HNW,0
TD8USJJSMG,0
TIGBRX5RQ2,0
FCJ2UJ8ZM1,0
S2XPFK25K1,0
9H14S4HRC9,0
USNK9HXR4S,0
QFSQO4E5G6,0
XP5NMGME96,0
80H8TKAWWD,0
TPLV4HQ09N,0
FNZJ2U7QLU,0
7GJC2F8KNS,0
KBP8CS1SD2,0
89F6YTBCR7,0
7MNL58B4VQ,0
SU8SCLK2TS,1
U45RUX930K,0
F1PNKK6EPC,1
2UWXO2F6FG,0
OARP43UOA4,0
TJT399CYO1,0
HMLZSF0LS8,0
SR8Q0WO2GU,1
X43XC00OYQ,0
7NXHZJGOMB,0
KR0V5J1YW1,0
7B0AHRF49R,0
HJL19ZH7QO,0
KBO66YAPP8,0
C49MM1WXGI,0
GT92AFRVTJ,0
A82Q2RWWRB,0
HNJHOYVIUS,0
CYJ0DTJJ4J,0
133KAJFYGX,0
3B3YL6OQV7,0
HT318P9R0C,0
ZXHQKKY786,0
CHFFDUM0UI,0
UP0JT5IBEC,0
SI1F4VYMJR,0
UPJ91TOL88,0
KF6ZKN3QF8,0
LP4DZW6GYR,0
HZU8WG55L4,0
WGUTA8AZ86,0
GT38XTSM4S,0
CV1JMP6B9T,0
YDLFQGHHZU,0
8NMFRBIRUT,0
ZQCOWEY8ZN,0
6BTDKJYGBK,0
T2W8G5Y4HM,0
QQLQFPSW8Q,0
RBS4TTLO8W,0
H3KIN8O72E,0
OHX9QNAI52,0
3S7CAFCKC5,0
6F83ABSBJH,0
VAEAMSCXLW,0
OTZ4J3E1NY,0
V3A6I97YIS,0
ZP38OEVBJ3,0
I2BZS5LXN4,0
AJS1U6C9G2,1
U09D38MPZH,0
7AQ2OXFQXE,0
CXQTOV1N2L,0
MXTM8EV76F,0
A3WBSDIPQ0,0
71YYXZI0VY,0
L03XFNT4LQ,0
7PAPOB5CST,1
3QELBX3NIS,0
JZJ53NRMFF,1
G3WPY3S7CE,0
382FV3SSA3,1
IIAVE10Q7F,0
N2V0ZGCDOK,0
10O3U1UJ7A,0
9ZJU5NL0WL,0
FCP9CI0FZX,0
2UR4HYKO52,0
V7RX5OWRAI,0
A09Z7PJ81G,0
533A1B7XRO,0
E62QENAKZM,0
GQNT76FNX5,0
E584NP3AMS,0
NSW7CV62LM,0
9JYZO1FPEO,1
KDTOJMURJF,0
CYRK9VJ7WG,0
1REGBUG6ED,0
U6KXNSAL32,0
KT99A8KPCJ,0
NF5MM6IAIZ,0
ID53ECLG4T,0
P2OPK7QAEV,0
KED13K5VLV,0
3EOL05T4MV,0
R67J7LJ551,0
0VJJ9H2HJ3,0
UELN0VL4VB,0
PMNMJ8U6EM,0
TI21WK21AW,0
3S77BW2O6R,0
11XN6JM1AU,0
PKXER6I8UJ,0
HDDK10JT0S,0
IXPOAJBNGH,0
MBL35FQ9TN,0
1RRZD3EBVQ,0
KJTEKZFP15,0
483R25WHZ7,0
90IC0ZGLXU,0
PZM7YXV4IO,0
JN9GDZIXDC,0
1Q4H2W0RQE,0
WFU1KD638G,0
8OCK1IXAXE,0
TO9G2FJLV5,0
DWC1U1ZOWF,0
1HZLPHVOGR,0
IKTJE9TGP6,0
CR66GJKG0C,0
73JOC5KWHX,0
20F7BNLE6N,0
ZKSSQ3ZXW7,0
GDRP13CBGK,0
9RIKL931FR,0
JM2Y0SOEHR,0
MVIKV5HV2J,0
WFTVA69DEG,0
28PTDPGUIT,0
QBEP3K270W,0
S2ZL1CX7U0,1
RBQHBZNNT0,0
43AI4ZXZUS,0
L892G8UTPO,0
HII9NBAYWZ,0
HMH37EAYLI,0
9QB2KA7H00,0
I5LB30ATX2,0
K5M1FS1GMY,0
RVWCOPC9AQ,0
XD15SMF3XH,0
GOGOB25TVC,0
WH3ADWXHC0,0
F09UDV3DIG,0
TIVFN0264E,0
85TYJ94V49,0
C5GC0MNWB1,0
70R0P1MJ6W,0
3XVMQHDKAA,0
VAENMRAU2B,0
6R1IW0YOGT,0
871WRYYUTJ,0
JI1SLRFLD5,0
U2Y2XRPS6R,0
SGWKELU8J0,0
W44H7HTUR0,0
889VYL0AT0,0
164S5RNRVZ,0
UY3DNEL5LN,0
2872V40DBZ,0
70BNOQY860,0
QKP6EMUPKG,0
MPKCCNLJ93,0
CVZF2ZG5JF,0
XMJHTUAIGD,0
I3WNXW6Q4V,0
JFVMLNHE66,0
19H81RQLR1,0
ZUA4MIH5IM,0
X1EM3WT65C,0
9IK5CZADT2,0
BE18U6GSEX,0
6T44VD5OA1,1
XUPHO02QPH,0
QXKMRN5QEE,0
WNIROBEUCY,0
1GB2T1WHO0,0
AVZUMIASBC,0
F3O1EP3F1V,0
CYN6TB9O3O,0
R57XPU3M0U,0
QUR8IQKWIK,0
WN3J0MCWRX,0
HQ0EB00T91,0
3IM4BDOAQK,0
F7YWF9J4F1,0
ZNTOEHHNIJ,1
LGB0VGGOIP,0
22N8SQR9UN,0
BZJSFMPNA4,0
37HXO6IZ0N,0
55W0U0A7DQ,0
BBGTRO45RX,1
R0Y2ZSKCUP,0
VHH27HUSLJ,1
EBUSJPJRQ0,0
8G47UP380R,0
HD22GXCYU9,0
MFY7801DZ9,0
N854D30SEE,0
HFACNCEFA5,0
62PH8AGHE4,0
B2IDBT6PV2,0
LW2J6FO4XE,0
NR1PACLQ9G,0
SD613EOL93,0
PO1ZLZ9XWF,0
T7Q6ISCJLF,0
3QWDAIZNK5,0
YJAENMQ2A0,0
KT2DXF37TJ,0
743BODRLI2,0
0CI3HWKDN5,1
7HEEL8QDQF,0
LPI7PBWU60,0
EG7NW5XTOT,0
L3QLQUX146,0
MKOLWJ23LS,1
YI5KQ3MA6V,0
IMN6RU6G7W,0
U1OTGZ3D6T,0
WNICW6FI03,0
N0HXJC6IZF,0
ADZQ1J5YG8,0
30M1QP5YXF,0
NNAL69DAHH,0
NVU89KYZOT,0
OE2OZ90TVW,0
UKAL3M6UJV,0
NB93H0AJPQ,0
GVJUEEQMNY,0
DX9YUYRWH1,0
1MCZ8J3CJL,0
YGJIYMJK57,0
XRF048454Q,0
Q42BKORN71,0
OLQEV38X2X,0
AO50K58SAG,0
A2U0AFA82K,0
MLZ0AN3ASY,0
6OY5EW2EXX,0
DBAW3OGPX6,0
ZEKD5NE0MM,0
PAA44WQY6D,0
BZPS07QRX0,0
KT7FRMFDX2,0
W9L0KSALSC,0
52HGAZA0DA,0
QGSD1AE6YC,0
IP2ZIHZZ0D,0
S54922S7BD,0
QNGZ2JMPGA,0
0DQV6HLEEJ,0
4AHR5LXIGB,0
0LED30RUAX,0
6UBS8I9AN8,0
HNN6LFP1O1,0
LZVRTHQTYO,0
5BTE9WGFEM,0
7U9BLUS5TD,0
TT5RDPWLMJ,0
PDNYPUCUZY,0
YE76UK4IEB,0
JS5N3KJL2H,0
7XSJKX6BN1,0
QAYXVR9ELB,0
NKHKSZQEZW,0
544Y66LERF,0
W08JSX1GYQ,0
LKWGAV2P7S,0
7CMNE7SBN4,0
ISM0HYXAQF,0
O4VPAELR42,0
AJ9X9JDITQ,0
B7EH0ZC6FT,0
NA6R5IV4SI,0
L0PIHDZRH6,0
EN7IZ09MKQ,0
5CF5QWUSL9,0
BR67R2DYJZ,0
712FSKKB75,0
WAKURM4XYG,0
PYZ9H9G3R6,0
5I8UBRH75B,0
0WXSA74Y74,0
J43MXM4J61,1
ICU3WKJSCI,0
U93RJQZ41G,1
1AER9SE0NQ,0
X1QORKGUZC,0
4XK8ERB74D,0
JLQCS81CYJ,0
FLNVXSJB8I,1
NKMPDK2Y5Y,0
3FA8HSWHG1,1
W4T36761B0,0
5LBBPCTGFM,0
NULCSHQ61P,0
RXVU2YDLEN,0
AWJ3S8VHPR,0
OOMFJWYO5O,0
6PIAR3TGKA,0
IYZGWE1N2A,0
G7AQGS9Z5U,0
OVGU72GYQB,0
7JC52F3LDT,0
LUGZRSCR5Q,0
YXXOI7LFDJ,0
MQU5HMTQU6,0
TUNTRC50WD,0
ZEGDOJQSQX,0
PFN5NH7CWG,0
7CVFT82ATP,0
4DOB3DU15S,0
BE7IKBR2G3,0
F2V17FZ5IZ,0
QF512KUOWF,0
WHB7G3ZOV3,0
H3OZ9XNJ8R,0
TXTWR0C0UV,0
Y8QFQ8D57B,0
GY3OOS2M8E,0
PFVIH6MW2T,0
1IZWI0T9XK,0
2PNIDPJEDA,0
T68PJEQORR,0
EYGUZ5PPZZ,0
CS446Y2Y41,0
SK4SAK6AKM,0
4P1C14CWAN,0
A58UNEWH1F,0
GK3R1GELEI,0
TUIPWGZ0H9,0
9NZTSMXTND,0
2OX9YKLHQH,0
0YGBX6HEC3,0
BC28A0CUTY,0
YLNE234779,0
JXWOR78438,0
6WPGI8B0NM,0
LYOCHG8I7P,0
JM2V1PB6G5,0
1T3T9BWXPF,0
K1I3E13MA2,0
XGSZJDY1YR,0
Q9DUTVHD60,0
DI6AM0F5H4,0
NLK9F2RJ4X,0
GVR5VHCK5V,0
CH200SKMKK,1
NS7T4J1A2X,0
1OI3ZWVAOF,0
HPU79JXVFZ,0
UTLXPQETKU,0
OX9T8OZW1T,0
AM0MOQTSDT,0
1W8I0VELX1,0
I95YDUFBPB,0
RK8BM25WC5,0
VJ9C32W60W,0
9K24W1XBW1,0
HGE9W3ZGGA,0
W5A00AFLK7,0
XZPPABXPP9,0
Q6B77O8YNI,0
EX57L7MQSO,0
3O2Q4QYO34,0
X66LDZVJYA,0
1ZBJLW6BTC,0
9EUOETXIPM,0
VUMWOPJT9G,0
TFANXBIFQG,0
1NMNJQR9P4,0
V74NFD0HG9,0
15WN6AQ6XZ,0
8HGFH6CEE2,0
P97DASZYM3,0
OBVG9XZY28,0
W3OOL81AQ4,0
JXCM47XJ9G,0
A9HZ6F6DPM,0
8115ADAWZX,0
JE517NE95L,0
RRE18JTK7M,0
OJ2R0KXBM5,0
X30UKPDAOY,0
2TDAP6GJH1,0
VN196K4INX,0
W36MFG89YC,0
0LH6T5M0O6,0
3KF650WV6Q,0
J6T8YKYF3N,0
9F6RI0YXMF,0
9MPNAHFWHI,0
CIDYVNSS36,0
URK9PLV6RO,1
U54MYELFAV,0
MOAH111LZU,0
UYKLWQ0GV5,0
FX662ZTX8L,0
D6Y5NFNGAS,0
D6ZGCGVKNW,1
MFD5RRD35F,0
TQ3FJ8XZ3T,0
64TE90LMH2,0
TTSZH6F6MM,1
6YF84VC136,0
J5H3TGUVK8,0
Q54LD2D6I9,0
1T1PIGTLF7,1
XQCOFK0W6R,0
DL6VFEE3NH,0
07QFXRODYL,0
FOXAEK7M8L,0
X5OIYSXO28,0
NZWW97KR62,0
AY4HLH3WQG,0
S8QMKRZJIK,0
Z94GU5ZIIS,0
T2G43K6RYT,0
E50JZO97NB,0
XDA6AY1X3X,1
BRBGG19JE2,0
3UGRNW1AVG,0
D3Y4MHQVH7,0
C9WMT9YM5W,0
Z97HCGRWNG,0
Z0L5WZWEU8,0
OEGNIBKBB9,0
AIGM1941OH,0
1E95ED85WL,0
BGRJLZOCDE,0
43ANS9OHBN,0
VHG17N6E8O,0
606UUVUP0O,0
N0FJQEHRMX,0
Y86831GQ4F,0
CH5H13OTCR,0
R9KXIIWXUJ,1
JN5NW9WTK4,0
9GY0J7A6J7,0
MOSIBT2HYB,0
8ZMBVM3ZXW,0
ORBW3HNCSB,0
C72GN49KV3,0
8QRM12ATG3,0
019DH00VTI,0
NT9F3CBQBJ,0
LOKFWP215D,0
EUSWTISVUL,0
SKWMMK54E5,0
AERT0OTIRL,0
APOJZX7IKZ,0
3EDWHBW61U,0
WHZRRL2LN0,0
DOK8U07KPC,0
6LLCU4UNQI,1
3XRFVSQOFJ,0
2DZB88O8KX,0
IJD7WPV2ML,0
TMFUFOPQC5,0
B3ZD20PSQ2,1
JKJNJP884U,0
QC2OQOST03,0
NSCJ62P0NB,0
NOOLVIP6HI,0
2BC83WDBDK,0
3C2D0EH7VD,1
W9GZZE6AGQ,0
QH5X0BTXH1,0
MRTH8DJ0W6,0
L1R7ETDWE7,0
0QFQD8W4GW,0
TSJ01W96J1,0
XUSEM8P8LE,0
3ZGJSY80TY,0
P0TX3VMA0S,0
0ZIM8VBF9C,0
BSN58ZZ5J0,0
O66TYF3LUI,0
IRJSBRUP1Z,0
10XO3G4RTQ,0
PP5WMIH5HK,0
V2F0OKJKRB,0
QUV68VONI6,0
1SAURC8UBZ,0
4SPHYTBBQ0,0
MGAS18IM6P,0
W4QSUNWN54,0
M0J6J95LOJ,0
CED1YB9BIA,0
BLVIYV1CUS,0
YCZ09BGUJN,0
LAE34MNKFO,0
0H314HIFT1,0
ALNXTMHMQ4,0
TQQ7K4CUTT,0
ZN6G7VT6Y3,0
NXDP6JMQME,0
G9HXWBUN2F,0
VW4B6MF1OW,0
T79U5CXF9I,0
OVU35M6S59,0
8XQZFHQ08V,0
FX0WY0XKBR,0
8W49JHSOML,0
WYISI40RZ0,0
LW0M5HACWM,0
XHEWFBPHI3,0
VONHEA99HX,0
2QMLSRX7O4,0
WSP58QZEKB,0
BDTWSUJVPR,0
69D7I2LJVH,0
6P2A1FX8X8,0
N5CBUNBF9H,0
IMVJ7BW30B,0
S7FCCIKW33,0
7WOHLKIFIY,0
QQCAH6CWRU,0
Q9URQ9E8YL,0
2YCXVT6DL2,0
PMN9WC1WNZ,1
F424F4QSGO,0
ELHMRS7EFD,0
3TJ6C1VSRR,0
3S81LY65DV,0
D5WPCAFLHQ,0
TXT1DUNYVS,0
ZGSK0UW5ZA,0
MF2XYMP5AC,0
QK25TUYMYM,0
PDCM37VLX2,0
0U931QWYHT,0
1MB70FOL25,0
HJ7C221I1C,0
O24OF1PXT6,0
VUX80ML5AF,0
CVBL08A9LG,1
W4342C0DDG,0
4VLOZW4YBZ,0
GRSE9HWGFK,0
LYQBWEYCM7,0
5ZNTCGIZH0,0
UPJ82VZRP0,0
5HFEKC5GX9,0
89P038DC6O,0
Y91WQD1M8B,0
78M2IWL857,0
NS1W9HFAO6,0
K66EPH5BK6,0
FZMT9V81F0,0
624AHF7XAU,1
5YLUZLB8CP,0
7FZ0SEZQGU,0
0VNOPEE45E,0
GS48UMXUNC,0
6DG86M17G3,0
PWVJZSRZQQ,0
V7SFT6PO6G,0
O9YZEK9VQL,0
NQNP9OIWBK,0
XNZ6X0UXBB,0
LEBZI2TSKL,0
3LY8PRE6RI,0
1FUQ5YXL8N,0
Y7AXONTV2L,0
MECTZ594CA,0
LCO6AJ49D2,0
G6Y29I601E,0
J2J9YZ3XZE,0
MA9IPZ11FS,0
KPK2PUKT9Z,0
N72XOHO6BS,0
YUGZJDM7XN,0
2HQDXVZ2IP,0
CVMI5IL1LG,0
VMDWGSTSZR,0
MVTFJ3P1FK,0
BMA4FFUOA5,0
FN1MR6V4OO,0
OQBGJN4NEP,0
XFH2JM579F,0
I9FLK1A7OB,0
MZCYEGCI1J,0
CDJBZN06DB,0
2DX3DNF607,0
RL1GAQ0CXC,0
I4FXULP04X,0
28J8VOG0KW,0
2BTTY1960A,0
3XQFFMXBD8,0
82TDNS9E5K,0
CSM6GYU4XA,0
SBAFIXW8Q9,0
X0QCTIAYAZ,0
98W02TDRHC,0
PWBEYQ0JG7,0
337SC6JUZB,0
KC0UP8BIZ0,0
BKNCYN5Z3D,0
30QPKPFG4B,0
UKUOBSSIIQ,1
IEXZ9VZ71A,0
VMNHZQI12W,0
F15OSXBB9S,0
SOAMO6FC43,0
SVQYSZMQVE,0
UB237OEK23,1
3WW0PEQNJV,0
1W5L8JMLMV,0
RS56W9FBJ3,0
XEZAGI1JGP,0
JDBNCUOTQ1,0
DBVIPQR0LI,0
CLLQ39NNJU,0
G2BTV0ZN5O,0
0W05ENV19F,0
PCR9DKMXMX,0
YKKBMYNUNT,0
DJNJX82OJ6,0
DVVY1MM5DP,0
WAHNS9YU7K,1
ANLIOH86AA,1
AXYWT2V4OP,0
ECDU5XKJAM,1
OPK94KLUQT,0
3I3PAKU6VG,0
MIW8HLKOFP,0
2KDK0YGW1D,0
C3EMA9X85P,0
UD487I3N6X,0
SQJUXY2B1T,0
IZNMQ54H6X,0
OWRW9NVOED,0
9GX53VXKIC,0
O0BRX4H7RJ,0
52G8EUQTZ6,0
AD7TAHGOA1,0
90KZJEJIWJ,0
4XG50ECW82,0
561904LFXN,0
NDXGKK5SEW,0
0BY80EJKMS,0
4B4ZXNMOTO,0
YL4UE2XE1H,0
6U1OBM9G93,0
ECZWTNREVY,1
S4TXSM8CQ3,0
1RB4SMWG6B,0
TV60ND7S8R,1
PDNCOJLCF7,0
ERX6D3HQNT,0
Z45ASBT7Z8,0
FHVOXPJI36,0
NF1DNKAJBR,0
199NNLT8TQ,0
LNLJGIEMUG,0
AIEP99GWSL,0
8KUZHC6FAL,0
KJBEIEXZRB,0
JUDQHFNVC5,0
0ACFQ486VU,0
4AJ6R7HRCV,0
D7KF3X76QB,0
LIQL7MFMON,0
3OY0TZ97F1,0
5V1Y3PWK48,0
E85PGZAA2W,0
5U4I6RHH4J,0
GTEUXLGEIH,0
LCE8717J99,0
B5J883VELV,0
WLA5K40H0I,0
LX9ZXQ7BSN,0
1DP8JBLECZ,0
MIYMZPG0B3,0
BMP3N2C170,0
7GFCV7SIWX,1
4GA10L8SVC,0
3KBISD43JT,0
RK9WHGM5GT,0
GLOM8X23IT,0
LS7RWH7DG9,0
2M3MJWKZG2,0
L1R3RW48TG,0
VG1NY8OH6C,0
APCFAT1V8K,0
5D6MBPNXEZ,0
IRB2LO1PKX,0
4CSQ746GCI,0
LN4R9XXL3A,0
IFBVH953CV,0
OIZFB3E8XV,0
9IT88SQSMM,0
B5PWJAD3N8,0
FWDNVV524A,0
MHK94SDP4R,0
PRPA79Q80K,0
6RIOUIA0PI,0
0FD0739BFY,0
EJBMB011DW,0
MC84WR3XEB,1
TGLVDO40Z0,0
AOXR6F0FFI,0
WOFIDOY1V7,0
5CZ1TET67A,0
DCOQKUA1JD,0
COUKFCSHKU,0
AMO6ASLG3T,0
G3CKPRM9YO,0
PPCRJU4MME,0
U588E7XS17,1
9R2J0NJA2H,0
O5W8T5SILS,0
ZNV57NLXAS,0
BPUXCZNCR8,0
T4PL3QSOVK,0
X3RNF66N5M,0
MCK4G1O427,0
3IDVHD376I,0
H453XBJCY0,1
PCPJSCOHEI,0
GO1BM4TTCC,0
EK4YSYY2G5,0
I309ZYH5V6,0
5M0R3E12XQ,0
KW77QIEHV9,0
AHRPEZ69RR,0
WJ1FT5TWKE,0
WTDL6KK6OP,0
P8T1IBV8W5,0
VVD6I73NQD,0
G95Q0XD3I1,0
0OBE9EMI7T,0
45BYMFBJDN,0
3LKM959R85,0
U8Q4V2ZNJQ,0
FOGFOD4RYG,0
IT61P5IIOQ,0
98BLEIK0P4,0
LJ5IRLJZ5G,0
P801AKXZZP,0
79QSP7MI8Q,0
TP16IW1YKK,0
44BX6B40F8,0
HSSDDYXELF,0
I7NGPYW2AQ,0
LM9UYUUK3T,0
8EGC36E0NQ,0
UYVFZLYTD0,0
WT8F30VVKO,0
AZOENJS0NR,0
WPP4RKMWVN,0
66SHIM82KI,0
MBK4364TUC,0
JWM927NER7,0
8Q0BQN8J2D,0
ULWIREMA0W,0
35NPP6W92U,0
Z4UAI88U88,0
S6KJMGTY3B,0
VM5RJUNVA4,0
T19UVIEROH,0
8DF3L4QDFA,0
8Q2REW0DTL,0
Z7V3EE2S6I,0
XTBRGPQJNR,0
FHL8B8A5Q5,0
XHZN5RQ1JL,0
7EML9C0GKL,0
T1T912PXPA,0
VSXPFMX4ER,0
EV9T2LYC3C,0
AIYFZUJL54,0
6RGG5IJHPF,0
77UQOB4W30,0
LAGTHFAUH6,0
B6Y8HHW238,0
FBJM97J300,0
9VMZJX0VES,0
QBMHC5E0QE,0
1LZ0XP3JQX,0
LQFCU0QAQT,0
M1TKY1MDMN,0
KTZDMLEH5A,0
UGWLTW3IB0,0
04DFZKV3B4,0
BPFGZS9WL2,0
DEEMDBAZ8W,0
ONAWZ7IBO3,0
8LRFXFGFL9,0
1TSNVCK9TK,0
50FMRMSADD,0
LZSCEWZDFK,0
IH08HYJWUQ,0
5VND6OMUGJ,0
JE6KLKSLJ6,0
B2GE5UH4PL,0
NP2ZU2N4YI,0
8OWLKVBSXQ,0
LCNY1VYVLL,0
QT2797898U,0
91KGT0436J,0
HI7JGIG6CQ,0
E5L41RW9R0,0
DDSUPVRQSF,0
MTF3O38K39,0
2UMJKMJOSR,0
Z7K8BEPN7E,0
LULBEFBFCN,0
HZGHAYT3V7,0
V2S1RO8YQQ,0
6ABKSGVCZG,0
E36EADYCAA,0
FA0R7IMEW9,0
KETW0LUNPN,0
XNLNARYZ5E,0
LXKRS3RNPP,0
T64VPSZQY0,1
NPMQDU7084,0
OWZUNX3I94,0
G7UIZ44A9V,0
ZL1ONYSTSM,0
1ZMN6C5W2G,0
QB3WW5HDHG,1
XY22LDGUAY,0
SYZ0VDB2VK,1
4MHQULNL9Z,0
2LV1D38RKU,0
O0SF832P1Z,0
YQ5RCQ7QHJ,0
EGAP513XJY,0
8X9W12JL93,0
KKK61ZV7XY,0
4AXJVR88K6,0
QPYGC1F0G3,0
ZW47UWCT12,0
MKMRDY36RA,0
QI8JN2CMX8,0
ES905J49CT,0
6WHCUKJ671,0
WP6QDQBD5B,0
14GAZU8LPU,0
O2G2DQ9179,0
DZKKVK0HP6,0
E04OJ07PA4,0
IGYC1PDO69,0
ECT3D1H4VH,0
ELE74BGTWW,0
E1XY4DVWBU,0
TMYGO6SFNI,0
EXY7MG0IGG,0
XXRLPL8A2T,0
67YXWWX46S,0
I1RIU150U7,0
MBF6NSGX20,0
4CVAXYTPPO,0
GBJVE13U74,0
GNQV217HIX,0
L9T55FR496,0
VU395S1FLE,0
03441CE7NV,0
U5FCT50NOR,0
F2L9A25EDP,0
BQXBOQ6HJC,0
HHR8BLUPTN,0
9HVTV5QU67,0
EE50UWFDP6,0
Y0YQVYYK41,0
AGHDM13ZTY,0
18S5DHXQQM,0
3ONCJU3KME,0
B7KEXUUFUF,0
QPN95RGZNJ,0
V0DT0HR03X,0
B8ZDV2MGZ5,1
55GSGQGT1O,0
LOCFE4N2VZ,0
RP3PIUF9NL,0
90K4USSZMZ,0
TFRU3BV9IH,0
5QQU4MWEGD,0
F22ZD36XKU,0
QI64YYM5UW,0
4U6GSLGOGW,0
C6EH0H7QNJ,0
312NZXHTEC,0
WC1AQKTZ83,0
X549MBJPH5,0
X743I67535,0
3VVCBS96RI,0
46U54W5EYW,0
7XWWIUGQ29,0
LZ3A3UXMOC,0
MJCNZDNKI5,0
SPO45S2RKU,0
8FFOGKAJMK,0
USRHPOMWDM,0
6Q1XLN2ORZ,0
ETJ81877M0,0
X5JEPFFT6V,0
O9PW604XY8,0
786FEKG2IA,1
LANN1BMVFY,0
81P2JPI8KD,0
NTNOID21VK,0
78OKQN25IA,0
TKXR6NDK0N,0
O1F2ZPAZW0,0
AGKBLNKZXV,0
8YSLU6XYYR,0
L5FBHIJXCX,0
41XDYJSF1O,0
C8RU6IUSKX,0
XU6A1SUYJS,0
ZG5F8NDAW0,0
I65N30RVVG,0
6P4M96WTH3,0
MMRO7A1IP6,0
HHXVQDNIRL,1
SNQXQM0FZW,0
OSRU3I0I7O,0
I9D1UQFJL4,0
GPKLUA1VIK,0
QLS9Q9DBRN,0
3UYE4WFLKG,0
YOATDKVWKR,0
1GCMWGEYXG,0
6A2HAMSVAQ,0
EDSBK0XPSC,0
OM6F7LH7UX,0
XY9G0Z2JXF,0
DF0YBA3ES6,0
LNBBTBP7A8,0
D9GJA69LGD,0
CR8VCWLLDQ,0
7B1PWF0UIM,0
SJVBP7Q19U,0
UZKSMINQ0A,0
UXWV63VGAW,0
H7WBR0765W,0
PNVNBEFIW6,0
WJVJDDXDGP,0
B70W5WWLU1,0
KI2FRBLCFY,0
KE4N89QU9S,0
KHPV671MUW,0
UFFTHKGN4K,0
RN1YM5NIUV,0
6LIVAI6UNP,0
SQYRYB9965,0
1SVCYI8LJ3,0
WKXGX3AZGS,0
QL1GQD0V0Q,0
BJBIBJMJ6D,0
G7HDXQ5TGW,0
2USY8CO72U,0
46PXJIQ92J,1
H869WNBX9A,0
07NDV35VP3,0
Q89V9MSDFP,0
52Y9RRJB8H,0
HMZZEP6SXB,0
915QL0F8L0,0
RUM8KJV93D,0
7LM66OISA5,0
0U0M8EP239,0
SIFU8PGPV6,0
748MV2OFN9,0
J9FZYZA2BP,0
OJOHN6AFLG,0
7629984W35,0
FECMMUUBJ2,0
W1NQ2HLZME,0
PXDPXQMW3E,0
QM1ZJW6AIV,0
77EGCNM9H3,0
JQC4FEU0MY,0
YTWUMHFJP6,0
VCYKVFL6TJ,0
3FGOK7VU7V,0
IYSFDWOZHN,0
MCKLDHN00I,1
PXSSGP5FS0,0
A3REFSPDBI,0
28JE0AKP71,0
KNSUJ5HREL,1
XW1UWJVDD0,0
DC1PPNDR2Y,0
NZEDA8TB0A,0
S2XSSZMMXO,0
IWA8LRUPPO,0
ECYM70NXXA,0
1NH090KYIY,1
7WCQ2R52LG,0
QCVS7UHW7D,0
748P8T9J8P,1
XKF62RLOKZ,0
TDJG1CWI6C,1
OQTCCAO7SM,0
1TEGZ8BY7S,0
WCPUFA8X6M,0
Y72D4AP2O7,0
5JJEYE64AM,0
W9NORRE9RF,0
X0FYO24U6H,0
JK9QB36EO9,0
RGHUMMAO3S,0
MOLSOH1ULH,0
R25WOBIOW7,0
Z007S8GRN8,1
BAE3UVNV4X,0
DXS39ETYLK,0
99J37Z4PQK,0
BEYZT1HXVN,0
8UYIQIQK5G,0
3AYG7F3XS7,0
6KCA7AW6TB,0
H8HEOI5DOR,1
XOL7LZ6PAF,0
DR0I6OQ4UB,0
2A85WOL91A,0
UDBSSBSSAR,0
ZHS5589JAC,0
HXH4ZKBLDZ,0
LYZYRULUCC,0
Y0W3TNHRLB,0
75ZFOU43RD,0
ZEEO9A38W5,0
AO7C5W9HP9,0
OJJIWLFMTU,1
YXK3QY73Z8,0
6SFUGA67R4,0
KNY36EUHPA,0
IOTDPKTN8F,0
2XVE8LITYG,0
47CM06L0A5,0
PY6SHH1N2I,0
E7LR7QXYUL,0
XSUO8DKGZ1,0
OTVMMZD56P,0
3XWWFR4UR8,0
2PR7GDSCKW,0
1IBEY40BV1,0
5YV05YSJD8,0
5WUJK0K85G,0
4XETT3FL1D,0
PR9ONBJEU5,0
8ESJFRPNH7,0
AFSD6JOYIJ,0
RED7POBDZC,0
6A4LPD0G5G,0
530UNIANQR,0
LGUIR85IY1,0
HDERGRVUDX,0
F1W56DBRDO,0
KFF2XA61NB,0
QEZF3S11XA,0
ZL4QL7U676,0
JZ39MYSZAP,0
SN7ILMPQI7,0
O58R7CT42G,0
OQ7STLZCW2,0
VD9795LM4N,1
FZH4VAQHP5,0
FCVXHDUNVE,0
L2V3ZMZBZJ,0
YVTIZTSSKC,0
CQEMF8AQMJ,0
DLG6AATYC1,0
4MI5J5QFZN,0
4SQYU625UX,0
0XJ8GBETO7,0
58T479J6Z7,0
HAJDWDFSJ6,0
1IJPM4DC7B,0
DEBS25F677,0
0YFCS2LRCJ,0
HF6IJT1R6A,0
1IGRW28J7K,0
YDFX2JXLQ8,0
9XYABS1RZJ,0
0JDCCRY67J,0
P6EMNXZWON,0
FT1XJJWQUB,0
9A49QXW64T,0
2VOLWJ0YA4,0
EZ0XL158AI,0
YSK9DHC2PO,0
I2PFZSQ6BL,0
82FM95FHWB,0
N9DYJ7JU0J,0
QQK2PYWJSI,0
KGT996F4AK,0
543HR4CILY,0
5XVTQSD2DT,0
3EOY5UA6O4,0
N7PKXHWZEG,0
HZKJOZ91WX,0
ZF63DP9SNB,0
WCPK861CCF,0
5HMGIF7HUM,0
CQHBQTWP5A,0
S90M8EKA7H,0
UHZ3JW7HKD,0
QUYBKUXKNF,0
OUSZGKNVB9,0
SVWCY0J2J9,0
0OK48U636V,0
JJXHO2HTSR,1
VVPUTWTXQP,0
761DSCTU28,0
27FP0GUYQG,1
KVNCOHGFL5,0
IBYQFFJOES,0
JGK37QMXI8,0
IFILHUUQIF,1
WZP7X6O6P7,0
0H8PYNOMP4,0
ZFPKSYW17R,0
XZMXCYGZ75,0
F1LA0F0JQC,0
F637N720SH,0
SL871AQOBM,0
COQERBXYEP,0
EZMXX43U94,0
EBQ6CS00M4,0
FCX7B1X33U,0
EKXJWSK7T6,0
XN83TWZJM2,0
3MYKEZJSXG,0
E64R2XTCK3,0
1VNSPM7N46,0
QWATV1V526,0
QJI4K1GICX,1
LNVW00RM99,0
2X6AR9FK9J,0
3J5SFDHGKK,0
DZJ05MF26O,0
EVCUCUKLRC,0
SOKP4J3WXT,0
GPU4A7RR64,0
XRKJRGPSEB,0
5HNGQS62QU,0
8PM2PBUSRA,0
0OW5LTJDH5,0
V0U06EZ25K,0
RF9GSXJERX,0
STDNVLHTQ7,0
49OPJPMFBO,0
XL5RWD8W1L,0
IZFGZ18O5E,0
UD93O3GBXA,1
Y4J1OBUD6T,0
0YLL7O3NZ9,0
DICXU8Y0VY,1
ETNPVG7BFK,1
5IAKW1165E,0
V4SO5ODM8Y,0
NHXRLLP9A8,0
8GPLM4B948,0
PRJ566NFPT,0
0CK9F1NJ8E,0
PLCHC41257,0
BQHS978EEX,0
2EJ174OV7H,0
1DXJ9FTETZ,0
LMU55M7L8A,0
A0Z6NE1HVI,0
34OSQABL6O,0
P8BGUEHWFT,0
TJ9NTIZRDW,0
MSFCX9NSXR,0
OGLI1GCRSK,0
J3TXS4OFQS,0
7T28YC8YBV,0
NYAVJI9II7,0
MQ5YC213I1,0
UJ39XDZY15,0
DFVJT1F2SH,0
NC8H2L6CUX,0
EI27COWCKL,0
F7F96PV7TG,0
31YX9GFL22,0
9O043WISHF,0
O86GMQ7Y4M,0
85R4VDMZE4,0
8JX9RA62R5,0
1SYFGMTNKD,0
Y8EI2TJC7N,1
MCT286ZKG3,0
BL7UQJ32ZD,0
9L6849IXMJ,0
JQ7XP7HERF,0
0D815UBSL9,0
55B34W2FY2,0
MO2L19LM48,0
MT4CZ82N9L,0
GUPBKGP7VF,0
NOVW6RALB3,0
KE2NX257X1,0
I0PXTHZ44H,0
LYUQFY5G84,0
6P3HKGX924,0
S92U5F4VEF,0
R7MNA1W8F6,0
0JUORVJ69V,0
QY30ECNME2,0
HP79LM8GVB,0
X4OJK9U8YL,0
M66BJIEY5X,0
JGKQG1GHRY,0
TQ36ND8ZYI,0
R6C4Z2UL1T,0
MS6CGBP8J5,0
YC8C9SM79B,0
DRAJC9ZT66,0
92LCU87FZ1,0
0LKK5E55S8,0
Y4U1Y576KC,0
U7BUM42KKG,0
OPBB1TME4C,1
A5ZDJFEM76,0
AU05TCZEM7,0
48QNA2K9QR,0
G8LSO6MRJP,0
35FQ63506F,1
XKFP7DZQ78,0
VDB4FO6LWM,0
NDU81E90RY,0
2YQ5XIMJCM,0
Z5WDDZONZS,1
M83SS48FK3,0
I5O4DFJFFH,0
OXU93JN1FV,0
BWSLV3MSMC,0
G9WF2FH5F7,0
65VVRXHKPK,0
MGI1D415I1,0
K9S69OUXGP,0
7YVJ6TEBON,0
SIEWMXX9P5,0
1ZRWO2KHUZ,0
OWX86VDCX3,0
KOGEAKXOEV,0
OWCO195VY3,0
SQGMZN4AV0,0
NATVXF38S4,0
QG5VQVGJLM,0
60OBDEHCH9,0
QBAIDGVVN4,0
NA45QODQP8,0
T7WORYSH6D,0
L7J5TM7V9W,0
A1LT7K6QUO,0
SAVJMCV1XZ,0
HXMFH8TQQ4,0
GZ8PM4NLMK,0
9GR42RP1B1,1
I24J58J55D,0
FVK0P0OFEN,0
V6DZA29AY7,0
811B3NX9KI,0
338USJUQ34,0
IMQ5BW7TWY,0
PC9M88SGJX,0
KA78ISXG66,0
MRXD4XPOW7,0
NRMHJU1POH,0
D1714I9X96,0
24WWP6MQBT,0
FFM05J22L1,0
NXDYQM0N0D,0
BSHT0HBC0Q,0
YEZU76GT7M,0
J0UJORUIKH,0
61BWFM5IWY,0
4TRS5NZYCL,1
4RM0AI0261,0
UQ5Y3MQCHJ,0
Q1AM6RXCMX,0
BF5PCULQAX,0
3N0FGS04YF,0
EBKTS0QCZ5,0
W5D3IXE19G,0
QZDMISX98J,0
Y1DY3EV2VS,0
HATC4EU0TN,0
UBK17JVTO5,0
HHI8FK51I5,0
4QTZOQDYC9,0
QIBO7SPG10,0
CIQ199NLE7,0
8FEM1CY2PT,0
N49PMLI6PF,0
0IWA7FWEEI,0
3K9QNDW45L,0
6IRH76G6CA,0
F4PDBTJYBY,0
YZQMF9GG0R,0
U69Y2XTJQ1,0
FXGUHY0Z9B,0
BPQSVVNHNV,0
5PD43SRJTJ,0
J8LY056ZMY,0
YCZASD5M7M,0
OCWO6XL4HW,0
OEGI82P9YZ,0
LP8ZZ1FXKG,0
S9WSHW1AS3,0
ELPZW154GM,0
1Y0GKYUBCL,1
VW4F6E603Y,1
R6SZ2C3IOS,0
ZJ5CNBPWFG,0
K1U0D59A23,0
CI11L3ETY3,0
D2NCUSQ1L0,0
4IIC8QBRQL,0
TNBTJ4V521,0
4RH6HZ0H3S,0
1VEV0AZN6D,0
6P3YA9NC7U,0
D6AK85O5XK,0
KG1UL7JABG,0
5EE4NGLUPH,0
559W16ITF8,0
REKZXXAK9K,0
59D475ORTA,0
B2YPNSNE9S,0
9NRMKA6TT0,0
II7FXY1PQP,1
MD6RL4P2WA,0
FW4L5FPHKA,0
90F3QUAKCF,0
K1CQTYHKB6,0
NPKAIWQQ9B,0
OVYCOTAKFV,0
UTIHEN1IMY,0
47LF1GZ49M,0
69RWJQWRBJ,0
HMGTY15EK7,0
QO4PWRXFER,0
DO2167SIT8,0
IQJ9XN2CE5,0
ZNLSA6DO4N,0
43NV1JWCUG,0
SGRBV5MJSO,1
5CCPFG7NEO,0
UELYMDGC1X,0
0VV4V8S235,0
VASTCTH79U,0
KVKXKB75FS,0
ZFYFIZE3VQ,0
Y04PSP5U1N,0
E2LADEJR84,0
UI2SXWJBO2,0
S2MRIOKSSM,0
ZB48T3O8NL,0
X7M7IIWHYL,0
RMTETIDG1S,0
R4ME70CWP7,0
1147BFWQ06,0
SMH2Z3KOYJ,0
JXEQS8RBKF,0
SEV0SLJ1I3,0
ORB8774ULA,0
5YYM4H1JH6,0
Z1W1RLYUN6,0
0AJHFZOX4Z,1
I73X4BDKU0,0
XJYPGDSC7H,0
HANYF4L01P,0
9KRE60Y6C0,0
0UQYFVS9ES,0
GJLC2Q5DM8,0
LQ1IJ30X3G,0
HQ34UMO1T4,0
06Y7JDNK49,0
5ZLGAKWBFI,0
OQ7W6NV9GU,0
V2KKHPT5IN,0
95NNNT11FG,0
XX0TG7TR9G,0
KMLQJGC64D,1
DVZ1ZJ1P2V,0
JCUFZWXQFG,0
DNUE3PS7U2,0
HLDDNE7WGG,1
F78UUXD4R9,0
ICNCI7G9D6,0
ZYD1QBMNWD,0
AWEJXUWTK9,0
PEUCLO7LIZ,0
SZOWG12GWT,0
V5AKFTUI6S,0
APP3L05D3Q,0
1ZDID9A6GO,0
NFAP27PG6E,0
ZQV3D3NV95,0
BEORKSB5JW,0
HCBRYE2800,0
IIT1DNYEXX,0
W2C128320P,0
7BOR1SMDG4,0
F7FATKMB75,0
1ANDGKWJLX,1
SJK7I9U5MA,0
IOLWXGVS7D,0
3ORUUIJ5P7,0
VOFO5I2UEU,0
AIFGY12QXD,0
GHFHYH9BOZ,0
CA2WF9VQPN,0
BBTKYJ6NA1,0
WYIL2N7MPS,0
S1NEHYD12F,0
XU338SNVGJ,0
G7095ZUDAM,0
J4JS24ZX63,1
OUI7BEDHNP,1
60V7APFJ8E,0
F61RSNTX4B,0
FJ381IEMPC,1
9WOX4YXGGE,0
94MT2KM56M,0
ECNTIJ2TNK,0
3D80O91T06,0
74YT6VN5VS,0
06ILMMQKT9,0
X1I0I4HYGV,0
J83MOBTF6J,0
P9MY1NW7UJ,0
IQ8D4UE7LZ,0
P3GB0LFW77,0
J7KU3NT9FT,0
BQFIUWFQ1F,0
QIV88RLYL5,0
KJRFFR0VX0,0
J0F8DQ3A37,0
U93KTOAEZ0,0
42XCO1JETR,0
RAU0B1ES3F,0
B7E0U9VGL0,1
2BF68XLS8C,0
Z69L3Y3ZFB,0
U4MAAJ0L64,0
68JK2R9YJS,0
D3EBSDYSB5,0
LASPAX3Q8V,0
G9I0B5LGMI,0
056O61RILQ,1
W4N6RBTRCJ,0
RQHFFS42NG,1
5ZC5Y27CEL,0
K7N5GWNSJU,0
SMH0AAZXQ5,0
IXU2M95LWL,0
B9986LU0XY,0
WFJDRZTMCJ,0
6PIALCUOWI,0
4F8153B7PG,0
S3M7AWUYG8,0
C7DOFY26W8,0
43PC7SG1SX,0
RUSQ07942P,0
YUXGHEOZZX,0
W79ESWPLGV,0
LAOOZZU4LM,0
0O0DOKVZIJ,0
YX4W96SSBI,0
SP100R02YZ,0
FHGKRZNX2Q,0
Z7CEUMNL8D,0
XSAQM9M5LM,0
9PAZQB35R4,0
3T2XRKIKDD,0
HOFCF3W1PC,0
K9Q9KT9SJY,0
UEHW26SM7P,0
SSMXOELCB7,0
WY4TL64AQV,0
FHQDZ9338O,0
RN467PI3CP,0
GKNED6BJ3D,0
RIFH1QD0UD,0
TU96YQZNJV,0
PHW7NYI1G0,1
AHYRCEIRTG,0
G6EA8LANM6,0
OHHMY3PLLE,0
V2EALS46WN,0
T7GAGVOE1U,0
P7PFM2JLTH,0
T8S3ZFFZ1F,0
SO395U0WP0,0
RE2GX7UJIU,0
SWRXKIXIPG,0
T51DNH6OHP,1
2Z05AGF9MM,0
WWIDYR1FPP,1
SEJK6GLCEQ,0
DMA9ZXCBNW,1
WB8G6TWY6K,0
BOKA7H5F42,0
5S7OD2C9IF,0
289ELY73VI,0
7KU7TVG9QR,1
HQY2CHOADW,0
7Y44K2D9HZ,0
SPPNNRQTOM,0
D1UVLE8N7M,0
T4TMSXMJ2B,0
TD0GNTACMN,0
OXWZ18ZK02,0
8G6FBAFHF8,0
22N01DEPIC,0
P12T9YY6F3,0
WJ0461IUPA,0
06DL4H1HN4,0
2KNC9RRM40,0
6LQWPXG5ZL,0
8OHY35AZM4,0
GCOMP304FO,0
922DJQN34C,0
0IHLEJUFWZ,0
GEIIVNUKV1,0
RCSU0W3NNR,0
ZKE9UOIDWP,0
1RDIW4TD3K,0
R5LIIISSDJ,0
KU8BYLQF3H,0
SANGPKWQPF,0
BI883CZG5C,0
WLS1T5MXOO,0
5XDSMBF01G,0
R6NIAHUM6Z,0
56NIOAE1WR,0
WN2SRZZK7W,0
I7PR4TUBVO,0
HDZUO35S3F,0
QY2OTER6Q0,0
BX0WU8N7HK,0
T5B3FR4XRH,0
36MRFBM15C,0
7BIQ81HKCU,0
IDF35LGZ82,0
WBUGOLSQW3,0
E89S7GMQBL,0
79T4NXCG9A,0
O7MVTSCTYS,0
0IF1ZSOMIJ,0
OR4MAKJ1V9,0
Z18OXHA29H,0
4BCOC6K85P,0
B4W3VPUUNF,0
R6501IB37B,0
RDA6701L12,0
ICPVUYRF60,0
YF6O50DX8N,0
PHAHTTMGG0,0
TX483LOPYZ,0
NF2LJ2PN1K,0
4R1QCLHDXL,0
NST4UVLXVP,0
09GW3ANB6I,0
O0VQCYDQ4C,0
WOQFGOX7JC,0
X7X96KB4IT,0
EB7SNRQKBV,0
JVOK4MKNNO,0
NU5JADW7U1,0
A0ZLB770B5,0
ICZM8JCCJ8,0
HTY67IKZOT,0
FYGQKEQI53,1
VMUNLHI5P9,0
GTYW2CXVWH,1
OOCS1I1M2O,0
82JOTRZ60B,0
46WRQQKBIX,0
WO86RSR9HW,0
TK37T4SPGN,0
FE3TU80XB7,0
HZX6FU0KKJ,0
O5HW5YJ3KH,0
LLMZ8RUARO,1
WR18Z2S8U9,0
9K2IK4GNKX,0
YN3XFDQNB6,0
DNKI32P0H4,0
E3YEUL6OC2,0
ETZ6A3BDSJ,0
L4U7M4E0F8,0
EZMS5JUREX,0
PQS7IDRNOK,0
MD54UWC1Y6,0
CYROKYCUOW,0
7EGWLX7FKK,0
NLEGL1SP7A,0
TQOAF5NWOE,0
I2C7PH3MF6,0
75QEPX73B1,0
RK5ISZJXLC,0
8CLHX5GY9V,0
9O8R9PGVI6,0
FXREKMCUL0,0
GQ0JF4XQLV,0
ABTVBX84H0,0
TWTFQEWEGW,0
TB2QWICRE0,0
DV20SWITCN,0
Y44CA3IC2G,0
ACPOIEJVXU,0
IQM4KYYF14,0
0EX4I5ZUD9,0
KJH4SNFL3Y,0
505KMHP6OT,1
79GJ7YG81H,1
T7ER12O064,0
6JB5AXAVW8,0
FQW6QHFPNX,0
TIRA5IZCR7,0
JGMUL1UZK1,0
8JUA3S8HT8,0
E7JNG8FFC0,0
NKPO849TV4,0
YMSN81W84D,0
W5ZE8FT0DF,0
I8MSCOZRKW,0
6B57BSLO1M,0
Y2420244RS,0
F9GJJ8H5PI,0
UC1XCYJBQP,0
T1SJX1LAF1,0
ZJ75CLNT71,0
174CEUJG8B,0
RQN6XW22BO,0
W8C7DNNOUS,1
DZSDXWQLKC,0
ZB8WTQ2FV3,0
4B249Z28WA,0
PH7K3L7VDZ,0
7IY184G7HT,0
JF7DDG03UZ,0
ZFQNTYXOWV,0
4V77QWW6V0,0
NBIH9P6KMT,0
1G0V1FHQ4F,0
Y0OBVYPSNE,0
B4A1HHA3OG,0
QJ9YVW49GW,0
X388ELH9I8,0
G4W53VSC77,0
B9BBUV2R5I,1
8P2DYHRXSM,0
XT0XFQUDKM,0
GUNS717VH0,0
3TY3KL6NGX,0
43E228LKU5,0
163XZ7BRC8,0
3S4P2LKG4Q,0
1DUZV8WIHW,0
JLIARQ603X,0
CEA8LY3WN2,0
N40LHPQ24W,0
YEWUHO968E,0
CZZ5JJOBDA,0
Q92E1NM4XQ,0
DM0AKMO3UN,0
VZRU83IMUH,0
V2TLA872NM,0
R1L2QFG0A6,0
HSP781WNX7,0
F57AYBE70Q,0
NI6EQPWZCE,0
8A4YVMMWCS,0
UXH8NJ4SNZ,0
IUB13FSP1I,0
20NCW0O6G6,0
IKO8YANDU4,0
2W2R22S2JI,0
SODNQFMA40,0
T85OD1ZTO9,0
5TF2224HVZ,0
OZM6FRP3QY,0
X8942182PO,0
BQOBMC88VZ,0
6IUYOH31H1,0
FCP21KCPJJ,0
H8YOQP3NC9,0
FSV5WF8R2Q,0
PZ0YLPAY4O,0
FFRIQGNRFE,0
40QT8ENVWR,0
HMAIUD70JQ,0
R9GY1XST82,0
6K3O8640KJ,0
BA27DOMDHC,1
NSEDDO03W2,1
WNAUQL3E9Z,0
8WQUCXTSGA,0
LN3NLDBCEC,0
P9ORSAFC51,0
WP3HQDSZ5E,0
KE75WIGAY3,0
QWJ4POW5Q4,0
77K99AFCQJ,0
